session_id,x,sequence_codes
1,6,78BA22
2,3,144
3,4,AB22
4,2,AA
5,4,9080
6,4,9819
7,10,A50B729632
8,5,52434
9,4,3161
10,6,B0365B
11,3,833
12,6,105A90
13,10,1803A76956
14,7,0B85495
15,9,B1973A403
16,10,69320B58A6
17,7,A791383
18,8,65198727
19,6,901531
20,5,83168
21,7,2B5A141
22,8,56129701
23,6,6B8922
24,7,5971636
25,11,3B870A96454
26,7,54A2082
27,8,0A3B2482
28,7,6295474
29,3,646
30,7,4953A04
31,12,A4B593871207
32,5,A968A
33,7,9602511
34,9,A29461B39
35,8,573426A6
36,6,506399
37,9,5A6307212
38,9,6B53A7807
39,4,A211
40,7,28436B6
41,5,12B01
42,6,562787
43,3,177
44,7,92641A4
45,8,75B80417
46,4,3818
47,7,3876B08
48,8,7091A251
49,3,522
50,7,6859729
51,9,8B9A57049
52,7,B65A79B
53,4,9B44
54,7,2036580
55,5,930BB
56,8,610495B1
57,6,9482AA
58,6,748A28
59,4,0688
60,5,53922
61,5,36A4A
62,2,11
63,2,55
64,4,9BAB
65,8,90548B6B
66,11,036219B4874
67,6,A41699
68,4,7588
69,7,08724B7
70,8,364A297A
71,8,73249053
72,4,6500
73,4,9879
74,12,195B4670A826
75,8,8BA35676
76,12,960718325A43
77,10,A46918B202
78,10,3B8509A163
79,3,070
80,3,252
81,6,08A122
82,3,4BB
83,8,1289A638
84,7,A425B66
85,4,7565
86,8,284A3762
87,5,94311
88,10,89B7364518
89,8,1B9507A9
90,5,B4A8A
91,2,77
92,3,484
93,6,A174BB
94,7,5893463
95,11,B14567A9239
96,11,B237A408598
97,6,14B588
98,4,B414
99,3,A55
100,3,363
101,2,99
102,6,B4A101
103,5,50715
104,9,327091646
105,3,A77
106,7,40296A4
107,3,393
108,4,17BB
109,9,20B61A742
110,7,46798A7
111,4,2404
112,9,3B5A06846
113,10,346BA95077
114,8,B01965A6
115,6,768297
116,4,4B55
117,7,3561783
118,5,69B44
119,4,9700
120,7,02B85A8
121,4,3103
122,6,43A214
123,4,8020
124,13,1B39487A25607
125,9,15A3B4868
126,7,3B52413
127,3,566
128,5,946A6
129,2,77
130,4,31B3
131,5,B837B
132,6,746B56
133,9,0B835429B
134,2,88
135,5,B293B
136,9,491675807
137,7,08143A3
138,3,A88
139,5,68255
140,4,03AA
141,5,38900
142,2,77
143,4,A787
144,8,A6435B99
145,5,90520
146,7,9867056
147,7,18B7500
148,6,560980
149,4,4868
150,8,29B18459
151,6,102582
152,4,3515
153,3,933
154,4,1391
155,7,A397622
156,5,57135
157,3,676
158,9,1824B3501
159,6,83A575
160,10,7A16594829
161,5,56796
162,6,6BA84A
163,9,6B9785407
164,8,94B20570
165,7,61A5B36
166,6,5984B5
167,10,265BA7419A
168,7,4752600
169,6,571931
170,4,4255
171,6,7BA044
172,3,020
173,9,AB5742095
174,7,0796A44
175,6,9BA355
176,10,65283109B8
177,12,819324B60572
178,10,410829A656
179,3,262
180,10,BA74261353
181,6,023747
182,5,49329
183,4,B177
184,4,2BA2
185,6,4A5914
186,6,B50A85
187,3,929
188,8,64925039
189,3,8BB
190,12,A89B74536015
191,8,305AB121
192,10,39106B52A0
193,8,A3780510
194,5,5AB75
195,11,0423A89B15A
196,8,02A39462
197,6,352800
198,9,582B06410
199,7,68305A3
200,8,3B568919
201,9,B38501961
202,9,9471B3254
203,4,7262
204,3,868
205,4,9049
206,7,137B943
207,9,52046A984
208,5,A5B2A
209,5,A506A
210,9,17A365088
211,9,23817B64B
212,3,181
213,9,914256A7A
214,7,0893579
215,3,199
216,6,218353
217,8,2A893644
218,7,0387B6B
219,3,747
220,8,A2904818
221,4,0155
222,8,8A329B13
223,5,79427
224,11,03847AB692A
225,3,6BB
226,4,A86A
227,5,298A8
228,7,7B36515
229,3,B6B
230,7,4857B9B
231,4,5040
232,6,971B2B
233,6,9718AA
234,5,AB17B
235,3,131
236,6,472BA2
237,4,6486
238,5,72040
239,4,1969
240,10,A5384692B9
241,9,215B64782
242,4,69B6
243,3,989
244,9,819235075
245,11,1A870392B61
246,2,33
247,8,29854A32
248,7,9802479
249,5,3A613
250,4,9212
251,8,4B830A7B
252,5,9B879
253,9,204983AB4
254,3,616
255,6,91A251
256,4,3818
257,9,367B0945B
258,6,9A0288
259,8,52180372
260,8,AB851645
261,11,61724530AB3
262,6,802562
263,8,89765309
264,7,1B39403
265,7,A417834
266,4,0622
267,10,A970B35489
268,5,A6176
269,7,1076BAB
270,6,587B44
271,8,1A7846BA
272,3,399
273,6,17A393
274,6,217451
275,9,0BA863253
276,9,389A41B55
277,8,0359B610
278,5,012A2
279,5,68944
280,3,737
281,4,B58B
282,4,6799
283,10,078B9A6418
284,3,399
285,6,735167
286,5,43811
287,2,66
288,11,64912BA7031
289,4,0484
290,7,083A744
291,6,876398
292,3,944
293,7,836B473
294,4,3977
295,5,B6545
296,6,6B9030
297,7,2A80B48
298,10,3157968044
299,10,76B219A848
300,4,B04B
301,7,1B08A98
302,8,729B4565
303,7,637A486
304,4,0A77
305,9,301485975
306,3,424
307,3,577
308,10,A170398641
309,10,952387B466
310,3,747
311,8,69187B0B
312,8,95A70488
313,9,23B6549A5
314,6,1B947B
315,12,7359B6812042
316,8,0298AB7A
317,3,155
318,6,6A97BB
319,7,4B5A282
320,4,8711
321,7,675A405
322,9,457890AB8
323,3,B22
324,12,1436702AB596
325,6,7B0343
326,5,0B81B
327,7,659A725
328,5,BA05B
329,3,655
330,3,131
331,10,128563BA9B
332,9,28B013A44
333,5,31696
334,6,73B60B
335,2,BB
336,6,824972
337,4,3ABB
338,7,9617A49
339,2,99
340,6,189A0A
341,7,9658136
342,4,4955
343,4,9455
344,6,9164A6
345,8,17943589
346,4,3822
347,6,384A13
348,6,681B76
349,7,73A0287
350,3,711
351,4,05BB
352,7,24037A3
353,13,4A18B3762059B
354,9,4A75362B3
355,2,55
356,10,1867BA4538
357,6,328B53
358,6,A3918A
359,8,8A560747
360,11,A8693402B1A
361,9,173408B57
362,2,55
363,6,3B8213
364,7,B307847
365,6,68A050
366,6,209432
367,3,500
368,6,279B1B
369,3,979
370,10,8201A35B61
371,8,0B8321AA
372,6,98A379
373,6,80A9BA
374,6,479AB9
375,8,90B82A69
376,7,32059B9
377,9,0A45B7266
378,4,3545
379,5,39414
380,11,43250698B11
381,5,03893
382,12,67532B40A912
383,4,9B39
384,6,6B3026
385,3,1AA
386,11,35BA6142805
387,4,9609
388,8,B0732696
389,4,2A8A
390,5,57A65
391,6,183041
392,11,BA24506917A
393,8,0B7562A2
394,6,3740B3
395,2,99
396,7,3076144
397,5,8A343
398,6,71B04B
399,9,B70A43210
400,5,A9717
401,3,688
402,3,9BB
403,8,35A90843
404,5,B72AA
405,7,B750A90
406,4,30AA
407,5,931B1
408,4,AB1B
409,8,49158274
410,7,B2A7582
411,6,26B7A7
412,8,750B6217
413,7,5BA7200
414,3,030
415,9,035B26916
416,3,818
417,3,393
418,3,722
419,7,17924B4
420,9,9A78056BB
421,4,3266
422,5,A9535
423,7,3267486
424,3,A9A
425,7,3412A02
426,8,A36B5975
427,4,1233
428,3,277
429,4,2A33
430,5,B4A2B
431,9,6359104B4
432,10,5A1762834A
433,5,78535
434,3,677
435,6,4970B0
436,4,8148
437,7,4605299
438,3,2BB
439,7,139A271
440,6,6B531B
441,9,47859BA15
442,3,0A0
443,3,040
444,6,69A377
445,6,807515
446,6,428A33
447,11,95B07324A19
448,7,BA46200
449,2,99
450,3,1AA
451,7,3162A0A
452,5,0B23B
453,3,0BB
454,8,A531B693
455,6,507616
456,7,087AB38
457,8,48059729
458,12,261A308745B5
459,5,19659
460,2,22
461,8,28903A40
462,5,18B28
463,4,B737
464,8,28561748
465,4,4B54
466,6,859BAB
467,2,44
468,5,0B380
469,11,A4780563B9B
470,9,B35621A42
471,5,7A055
472,2,88
473,9,687B03297
474,9,B06A39573
475,5,72484
476,7,49B085B
477,6,1A3723
478,7,7085311
479,4,8B08
480,8,730B1A43
481,9,173B95829
482,5,70240
483,8,13B20842
484,6,092B11
485,4,4313
486,5,17487
487,7,6B241A1
488,6,82B012
489,4,9379
490,8,BA763516
491,9,96B341A04
492,6,26B152
493,9,340125894
494,5,79030
495,5,46373
496,12,2B51468079A0
497,8,0721B957
498,8,65718345
499,11,A31259487B1
500,7,30A98BA
501,5,4B787
502,9,75B621301
503,6,2659B2
504,5,0A8BA
505,6,A27107
506,10,46B950732B
507,8,6524B904
508,8,3A951085
509,9,436A1B583
510,6,123BAA
511,10,97456B8305
512,8,16A57099
513,4,3153
514,6,0793B9
515,6,A89278
516,8,56379B06
517,8,643290A4
518,7,1795625
519,7,682A070
520,7,A0291B2
521,4,89B9
522,7,5A742B5
523,6,864916
524,6,867A98
525,6,1B5838
526,9,89A276409
527,7,94816B9
528,12,B1782A09645A
529,4,7B9B
530,3,7AA
531,7,BA7209B
532,5,413B3
533,4,A3BA
534,5,50435
535,8,476519B4
536,7,6531275
537,3,040
538,6,6951B5
539,9,4350A762A
540,5,AB18B
541,6,248B66
542,6,6243A6
543,5,56A15
544,5,24054
545,7,3B40170
546,10,81A4790B54
547,4,A84A
548,3,866
549,9,A9836451A
550,7,57B9484
551,9,873B90549
552,6,086B26
553,6,A10251
554,3,344
555,6,A62B4B
556,6,79B35B
557,3,989
558,3,6A6
559,7,136B979
560,4,9A55
561,3,151
562,4,A699
563,9,6714539B3
564,5,05272
565,9,52930B868
566,8,902AB470
567,5,08755
568,10,61A9748236
569,10,042573B695
570,5,680A8
571,4,1966
572,6,08B424
573,5,6A026
574,6,B4578B
575,4,B40B
576,7,2BA7868
577,7,A496535
578,4,73A3
579,11,951A68302B6
580,6,132582
581,8,9A548264
582,10,A019258370
583,7,62A8911
584,5,A4303
585,5,735BB
586,9,8A9712042
587,9,678B04124
588,2,66
589,5,83511
590,7,8596239
591,6,167097
592,9,40BA7986A
593,7,57A0B20
594,10,B831497622
595,4,3723
596,8,624508B0
597,7,2860A4A
598,6,B9217B
599,4,2ABB
600,5,296B9
601,8,47812601
602,3,133
603,9,61A953B00
604,5,47137
605,10,B973642054
606,8,B4817299
607,4,18A1
608,9,3B5286101
609,4,4B5B
610,8,B4295A62
611,6,B50675
612,4,4254
613,11,1064AB97384
614,4,9B77
615,2,66
616,6,0B1361
617,6,A27897
618,3,717
619,5,38248
620,5,261AA
621,8,8A207938
622,4,9655
623,7,87406B8
624,7,6A9157A
625,11,0A5B7314989
626,7,04B9329
627,8,A8462536
628,3,A3A
629,5,51285
630,3,020
631,3,030
632,6,753288
633,8,28405362
634,5,42600
635,8,405BA232
636,6,8710B1
637,4,9424
638,6,324163
639,5,B9169
640,4,3611
641,8,A7601356
642,4,A14A
643,9,15284B395
644,10,9320817A67
645,8,571A9636
646,6,95B46B
647,3,B88
648,3,6A6
649,10,231B5A9462
650,5,5A425
651,8,92BA5102
652,4,1651
653,9,7B8A1623B
654,9,072594869
655,9,308A15B21
656,4,62B2
657,4,86AA
658,8,A6B9453B
659,6,A67522
660,7,9318505
661,8,05823494
662,7,51634A6
663,8,537B8095
664,8,36705191
665,4,5811
666,5,A5B4B
667,10,A5719B4624
668,6,802A77
669,3,929
670,4,78A8
671,6,6B52A2
672,7,9576189
673,9,670A8B299
674,7,6034716
675,9,590261471
676,6,5B08AA
677,3,363
678,4,7A11
679,5,2B19B
680,6,A10690
681,9,5906B4319
682,9,320915868
683,5,47933
684,7,3A2618A
685,4,2A8A
686,6,2A1701
687,4,5388
688,9,62A589012
689,9,4B5910277
690,9,75842BA62
691,4,64A6
692,5,B9181
693,6,6A319A
694,7,61429B2
695,8,A189B409
696,9,056487914
697,7,1620B50
698,6,32A949
699,4,9066
700,9,8357B0920
701,9,B7A86105A
702,8,27510395
703,5,6B976
704,6,791422
705,3,B6B
706,9,345062A73
707,4,7137
708,10,B0A1364797
709,5,15971
710,5,89409
711,4,5915
712,6,2837BB
713,2,33
714,8,A3706596
715,9,45B9071A1
716,3,3BB
717,5,056A6
718,6,B78328
719,7,289B65B
720,6,A1754A
721,8,75169A00
722,3,922
723,4,1541
724,10,A84B591239
725,8,9A470169
726,6,4A5686
727,6,A16B86
728,3,599
729,6,A23182
730,9,2B1840631
731,9,2930A48BB
732,4,9A3A
733,2,33
734,6,9845A9
735,7,189A3B1
736,5,23454
737,9,9A2563B0B
738,9,85A634093
739,4,A80A
740,5,B6106
741,6,3412A4
742,8,B6017296
743,7,4A32752
744,4,8A77
745,4,1A71
746,5,8A525
747,6,A86316
748,6,42A355
749,8,65209A82
750,5,97544
751,6,93A573
752,11,A2051398767
753,7,5B62375
754,11,35A819760BB
755,8,52401765
756,10,A8B049513A
757,4,0433
758,7,0AB1866
759,4,1525
760,3,2B2
761,7,481B561
762,6,853BAB
763,2,BB
764,2,BB
765,9,5496B8239
766,6,4BA804
767,7,56B1088
768,7,136BA76
769,4,4A64
770,5,08A58
771,3,A6A
772,6,783923
773,5,243B3
774,4,1900
775,2,44
776,7,876A020
777,3,747
778,8,42B73613
779,2,22
780,8,72091680
781,12,136B4289A073
782,6,430674
783,4,5177
784,7,803B17B
785,4,B066
786,7,279A4B4
787,6,950730
788,4,17A1
789,5,72144
790,4,8522
791,5,4AB1A
792,8,A605B818
793,5,18242
794,7,14325B5
795,7,451A0B1
796,5,94769
797,6,591321
798,7,0B495AA
799,4,8A55
800,6,195079
801,11,3BA97458624
802,5,7A4B7
803,3,033
804,3,600
805,4,8166
806,2,77
807,4,4911
808,8,B7042833
809,8,7624B90B
810,3,7AA
811,11,35681742A9A
812,9,142875A05
813,2,99
814,5,69236
815,5,B7363
816,6,254975
817,7,862B577
818,5,A0640
819,5,5B933
820,4,6133
821,3,433
822,6,B07989
823,6,519022
824,5,12699
825,7,9348266
826,6,3461A3
827,7,7B46254
828,6,594122
829,5,3B203
830,5,65877
831,10,42508A91B0
832,5,78955
833,5,536AA
834,9,54372BA13
835,9,43A086B94
836,8,759B3A00
837,7,52A6499
838,7,AB87044
839,8,4A305282
840,6,6893A8
841,3,466
842,9,7239B045B
843,7,345A122
844,5,58494
845,5,963B9
846,5,056B5
847,10,2B73846A11
848,7,53B479B
849,4,3A0A
850,5,71341
851,6,029151
852,4,6B36
853,5,61A22
854,6,41B584
855,2,55
856,8,317A4B04
857,4,2696
858,6,46A804
859,5,748B8
860,6,270547
861,8,43627BAA
862,7,603B911
863,7,2A34604
864,7,9126A36
865,3,544
866,7,6421099
867,6,951404
868,9,1AB024672
869,6,916509
870,2,77
871,3,644
872,5,820B0
873,3,B0B
874,9,735068123
875,7,4795A65
876,11,937B6A14256
877,9,7B0615282
878,10,736592B488
879,2,AA
880,4,8B44
881,9,B2159A07A
882,5,B43AA
883,9,A35018945
884,3,838
885,6,B198AA
886,5,39100
887,5,27566
888,6,3A489A
889,3,3A3
890,12,26A984B75304
891,10,179AB4286A
892,9,528309418
893,7,5230610
894,10,1A4273865A
895,6,5372A2
896,10,3127A56900
897,7,473A053
898,8,481206A0
899,5,B9151
900,4,9818
901,11,A396B584219
902,7,43B968B
903,6,B5429B
904,7,68BA575
905,5,64916
906,6,AB0155
907,6,B9275B
908,7,6841A91
909,8,78B5A03B
910,7,4A98579
911,2,00
912,8,93450A74
913,3,388
914,8,BA356715
915,5,45A9A
916,6,529646
917,8,B7851428
918,6,053177
919,7,0731423
920,5,01373
921,4,0858
922,9,18502A745
923,13,16A573B948207
924,6,B20797
925,10,083AB65740
926,5,590B9
927,7,3724099
928,5,08210
929,5,81761
930,10,A63B970212
931,4,A646
932,9,61034B8A6
933,6,518361
934,8,37402585
935,5,72BAA
936,5,68A38
937,5,96211
938,6,640A5A
939,4,6AB6
940,5,56875
941,9,7902631B6
942,4,7121
943,9,3841965AA
944,3,055
945,8,39A57089
946,6,589619
947,3,188
948,2,AA
949,7,45960B0
950,6,746A94
951,6,96A73A
952,6,1058B5
953,5,61588
954,7,97A1509
955,8,4826BA02
956,8,B8304750
957,4,83B8
958,6,281A5A
959,7,B305745
960,6,B25788
961,6,240B70
962,8,72136503
963,9,1803954A5
964,5,A4324
965,3,060
966,9,9B5176431
967,5,98544
968,6,2A041A
969,10,1523704A80
970,5,A7131
971,7,1569705
972,4,B955
973,7,0748390
974,2,77
975,3,535
976,5,25645
977,2,00
978,5,68B1B
979,6,8329A9
980,8,28370157
981,2,44
982,2,55
983,8,82B50932
984,4,B85B
985,3,7A7
986,4,4564
987,4,3424
988,5,40184
989,5,957A7
990,6,0871A8
991,7,8BA0738
992,5,A740A
993,3,B00
994,3,696
995,5,54835
996,3,A5A
997,4,B27B
998,12,073B42691855
999,2,44
1000,8,17930467
1001,5,85131
1002,5,21B92
1003,6,0A9B50
1004,4,4B0B
1005,12,31679B845020
1006,5,18708
1007,7,8401B64
1008,7,B706144
1009,6,674B8B
1010,9,4B17063AA
1011,3,244
1012,4,7808
1013,8,B71A3401
1014,11,9468B573022
1015,9,8A7054238
1016,9,6148B3924
1017,6,B53795
1018,11,275634BA192
1019,9,256948B04
1020,7,169B272
1021,2,88
1022,4,2933
1023,4,0322
1024,5,87133
1025,7,92703BB
1026,7,306A243
1027,4,0898
1028,4,7144
1029,9,835A49103
1030,7,92710B1
1031,3,393
1032,3,7BB
1033,7,21A489A
1034,12,7651924A0386
1035,3,B4B
1036,8,6B32A78A
1037,5,32402
1038,10,B716354924
1039,3,188
1040,5,5A989
1041,4,52BB
1042,6,859479
1043,7,A570920
1044,4,8055
1045,3,232
1046,7,1578944
1047,4,4353
1048,7,4583BA5
1049,4,5215
1050,10,B146987359
1051,10,3079426BA0
1052,6,68B578
1053,9,543108262
1054,7,8971248
1055,5,54234
1056,2,00
1057,7,4B18961
1058,3,944
1059,8,83A14594
1060,5,A760A
1061,4,9626
1062,4,B311
1063,8,4582B76B
1064,6,497567
1065,10,175A260B45
1066,3,188
1067,6,A39B83
1068,8,02AB3717
1069,4,5188
1070,3,B22
1071,8,8394AB28
1072,8,15038293
1073,4,5165
1074,5,87957
1075,7,A926188
1076,7,AB61400
1077,10,0851369A46
1078,7,4059828
1079,5,740B0
1080,5,921A2
1081,7,9B584A9
1082,2,00
1083,7,3956727
1084,7,B502382
1085,11,087925BA319
1086,8,B5813768
1087,3,424
1088,6,254BA5
1089,11,82B3516A499
1090,10,1790B56380
1091,3,466
1092,4,7699
1093,5,36513
1094,9,247958065
1095,5,14966
1096,8,07B82197
1097,6,164255
1098,9,83B4509A9
1099,8,7548A908
1100,6,965835
1101,6,214031
1102,7,4397855
1103,6,473853
1104,5,95A88
1105,6,B4058B
1106,4,B79B
1107,6,97A649
1108,4,2811
1109,8,B15803A8
1110,4,A088
1111,6,A69176
1112,4,9788
1113,5,32A4A
1114,2,33
1115,5,43878
1116,6,2A6933
1117,5,B0140
1118,2,88
1119,8,9A451622
1120,10,09B641A35B
1121,8,275B8642
1122,7,5092342
1123,6,65BA22
1124,6,486938
1125,5,26955
1126,11,89B10736450
1127,7,0A2B492
1128,3,9A9
1129,8,14985B33
1130,6,4A6534
1131,4,B18B
1132,6,691B7B
1133,6,892055
1134,9,84A915B69
1135,3,262
1136,7,5B6048B
1137,9,17AB48368
1138,6,732455
1139,4,1588
1140,8,7A241500
1141,5,570A5
1142,7,B586795
1143,6,39A0BA
1144,4,15A5
1145,4,8040
1146,10,A081B5462A
1147,9,2958B1602
1148,6,3120B2
1149,3,494
1150,2,44
1151,8,275B3093
1152,2,BB
1153,4,5010
1154,7,7108428
1155,6,317023
1156,4,B80B
1157,5,0B450
1158,2,22
1159,5,A9747
1160,6,31B073
1161,9,081A59479
1162,5,92344
1163,10,B967354807
1164,2,22
1165,7,5283678
1166,7,0189B5B
1167,10,0B537A4683
1168,11,AB691835079
1169,10,27506A3913
1170,5,7BA55
1171,3,414
1172,9,4360972B7
1173,5,3A544
1174,3,737
1175,6,6152A2
1176,8,08A135BA
1177,11,9B517062A8A
1178,6,284355
1179,8,A3157697
1180,6,348908
1181,7,4397014
1182,9,7852B9607
1183,11,70215B483A2
1184,2,55
1185,7,0596B77
1186,10,0B27695816
1187,5,34564
1188,7,7B20582
1189,3,B1B
1190,10,2701A89469
1191,7,518A700
1192,7,6925406
1193,6,198434
1194,8,9A860238
1195,8,A6285B0A
1196,5,2B566
1197,7,2096476
1198,9,520963B77
1199,4,4070
1200,8,416B0870
1201,8,54B308AA
1202,7,0BA289B
1203,7,72B9500
1204,6,0A39BB
1205,11,079BA432817
1206,4,90B0
1207,7,1B38061
1208,4,9188
1209,4,5787
1210,2,44
1211,6,236011
1212,10,A476B05895
1213,4,3B43
1214,2,AA
1215,6,625B11
1216,11,086A9472313
1217,4,6426
1218,4,7167
1219,6,78B648
1220,6,239083
1221,7,5937689
1222,8,4BA20160
1223,12,1298A7645304
1224,5,B52AA
1225,5,958A9
1226,8,3A142694
1227,4,38B3
1228,2,33
1229,12,9514A738B622
1230,5,39A43
1231,10,560A724917
1232,8,532BA844
1233,5,67486
1234,9,B34602852
1235,3,899
1236,7,81956B9
1237,5,17252
1238,9,48697AB2A
1239,2,11
1240,5,6B070
1241,5,83978
1242,3,060
1243,7,534A284
1244,6,563011
1245,9,B40798120
1246,9,B80967319
1247,9,B37580963
1248,8,51247601
1249,2,66
1250,7,95347B9
1251,10,504A318920
1252,6,0726B0
1253,10,3B45A72697
1254,3,B66
1255,7,8136243
1256,7,4A9B61A
1257,7,5417232
1258,5,B76AA
1259,10,274301AB60
1260,2,11
1261,5,18266
1262,5,71601
1263,6,709A55
1264,5,75405
1265,6,B83108
1266,11,15A62309B40
1267,7,156B344
1268,6,054915
1269,2,00
1270,3,322
1271,8,94B80577
1272,9,697854326
1273,5,283B3
1274,12,42B67A819031
1275,10,0837B92152
1276,6,872692
1277,5,94766
1278,5,16306
1279,6,5B38A3
1280,8,5A6B2086
1281,3,6AA
1282,9,54B390280
1283,3,767
1284,5,72B62
1285,6,8103A8
1286,6,249363
1287,4,A52A
1288,9,A876041B6
1289,7,1A45835
1290,3,911
1291,4,2AB2
1292,6,712399
1293,5,69B09
1294,7,57A8919
1295,10,2945B173A2
1296,5,01588
1297,5,25313
1298,3,522
1299,7,B548070
1300,4,B422
1301,4,6757
1302,3,9A9
1303,4,3A44
1304,11,B02169345A9
1305,7,9A8B038
1306,6,8B036B
1307,7,7194309
1308,2,66
1309,9,523A19B85
1310,6,8912B9
1311,7,B758295
1312,12,5148679B0A30
1313,7,0219787
1314,8,7B680A57
1315,7,1642031
1316,8,789A4014
1317,7,45A7365
1318,10,71B5384091
1319,7,12735AA
1320,4,1821
1321,4,B12B
1322,7,137BA2A
1323,11,A1653B9240A
1324,6,B3159B
1325,7,1257861
1326,4,7057
1327,7,1A260BB
1328,10,956B241379
1329,10,79234851A4
1330,7,653B020
1331,7,5841701
1332,4,9369
1333,3,616
1334,7,3829012
1335,6,7AB45B
1336,7,2093161
1337,7,4B09737
1338,10,9153706A22
1339,11,30A8B27569A
1340,10,9624158374
1341,5,23585
1342,5,381AA
1343,5,39B8B
1344,5,95B05
1345,5,9BA7B
1346,4,7919
1347,6,7349B9
1348,13,265371B8094A3
1349,6,364B83
1350,6,1A8278
1351,10,81A2594308
1352,8,9357AB8A
1353,3,922
1354,6,806236
1355,8,726B1947
1356,3,599
1357,8,B5264315
1358,8,15342782
1359,6,0B8622
1360,6,4A0B6B
1361,9,50B762A32
1362,6,A6753A
1363,5,98200
1364,2,66
1365,5,328A8
1366,4,4200
1367,8,5624A014
1368,5,A1071
1369,7,43B1A9A
1370,9,09321BA61
1371,3,040
1372,10,42896751A4
1373,6,283A6A
1374,3,979
1375,3,144
1376,6,732A83
1377,6,309760
1378,10,A26B089718
1379,7,0485262
1380,6,693729
1381,7,76A8058
1382,5,B0320
1383,4,1878
1384,2,44
1385,8,790423B0
1386,8,341A6021
1387,8,49A1807A
1388,6,A64974
1389,9,983A70424
1390,2,55
1391,2,88
1392,10,AB13870522
1393,7,A285373
1394,9,1309268AA
1395,6,1B6383
1396,4,7411
1397,6,319B89
1398,7,45A0266
1399,10,3B91A68456
1400,6,347822
1401,12,70B3245169A9
1402,5,95639
1403,9,596A714B5
1404,7,13B0949
1405,5,84658
1406,4,A393
1407,3,011
1408,4,9303
1409,5,04565
1410,7,5730A44
1411,8,9873A257
1412,6,1B907B
1413,4,40A4
1414,8,98165076
1415,3,077
1416,7,96240B2
1417,2,00
1418,5,68B1B
1419,7,7519039
1420,6,506B11
1421,9,492870B12
1422,3,066
1423,5,95629
1424,11,3674198A058
1425,8,70A95B40
1426,2,22
1427,9,523A68018
1428,6,982068
1429,5,3A1BA
1430,8,542B691B
1431,10,34A7890655
1432,9,97B8A2068
1433,8,B53A412B
1434,7,60352B6
1435,7,5B32962
1436,5,6B89B
1437,6,B02560
1438,8,5208A468
1439,8,201A3686
1440,12,8320BA461592
1441,5,6A97A
1442,10,0625138A73
1443,5,39161
1444,9,1524978A2
1445,10,7A9508B43B
1446,2,88
1447,2,55
1448,7,62A1077
1449,6,0A6176
1450,3,377
1451,10,6013945A74
1452,4,6955
1453,4,1433
1454,2,44
1455,8,8A9B5733
1456,4,2152
1457,3,161
1458,6,95A844
1459,6,891758
1460,6,547A87
1461,11,6A834972019
1462,5,37499
1463,6,B40120
1464,2,44
1465,7,340AB9B
1466,9,6189732A3
1467,6,316588
1468,9,125398474
1469,6,702397
1470,10,71BA350893
1471,5,B6877
1472,7,8375127
1473,5,B4754
1474,11,01493276B53
1475,5,53A22
1476,9,01586B4A5
1477,3,404
1478,9,1B4205A82
1479,4,6816
1480,2,00
1481,4,7262
1482,8,B15A4933
1483,9,204195389
1484,2,88
1485,2,55
1486,6,B98A69
1487,5,89622
1488,7,8720B12
1489,5,B381B
1490,5,53424
1491,9,3748016A1
1492,5,B8078
1493,10,9152348B08
1494,9,4B670A127
1495,7,5917AB5
1496,7,60B2372
1497,7,B423A77
1498,6,623A9A
1499,11,5492A0136B3
1500,3,411
1501,5,35A83
1502,6,528ABA
1503,5,1A901
1504,8,87150A30
1505,5,97427
1506,5,1A868
1507,8,457239A7
1508,11,1A087569421
1509,5,964A4
1510,6,385073
1511,5,568A5
1512,5,19209
1513,5,97656
1514,6,47B534
1515,4,A299
1516,7,407A127
1517,6,A2786A
1518,9,134859605
1519,5,1BA2B
1520,9,407538168
1521,4,A855
1522,4,14A4
1523,9,59AB3408B
1524,6,B39575
1525,9,4A2B75362
1526,7,9476588
1527,8,604A1B91
1528,7,2453878
1529,9,A86943156
1530,2,99
1531,11,85A29B74602
1532,6,603496
1533,5,43060
1534,5,B579B
1535,6,B6038B
1536,3,033
1537,9,802B74618
1538,2,22
1539,4,6244
1540,8,58196B08
1541,2,55
1542,6,875696
1543,10,0AB8761957
1544,2,77
1545,4,1431
1546,5,604B4
1547,5,94274
1548,4,A21A
1549,6,0638B3
1550,6,971A69
1551,13,62A3701894B54
1552,4,4B6B
1553,3,677
1554,9,53A90867A
1555,8,9A68B244
1556,2,22
1557,5,2A152
1558,2,33
1559,4,B23B
1560,4,A727
1561,5,B4101
1562,8,A5879400
1563,4,1B51
1564,3,717
1565,4,B737
1566,3,588
1567,6,732A13
1568,5,87BA7
1569,8,B90A8279
1570,7,4096A7A
1571,6,5B7947
1572,7,2A69402
1573,7,AB9385A
1574,8,49762054
1575,7,3571823
1576,7,6459808
1577,5,2A982
1578,4,2802
1579,9,9428B6A5A
1580,10,5A062B3472
1581,8,807A2B58
1582,7,9280A50
1583,9,403A12B73
1584,3,131
1585,7,846A533
1586,9,27915B300
1587,4,8595
1588,5,A0757
1589,7,07529A9
1590,8,59186A48
1591,9,314A9B584
1592,6,807311
1593,3,977
1594,3,9A9
1595,11,1AB08254768
1596,9,39B26A712
1597,4,2766
1598,11,03A17568944
1599,6,641376
1600,3,A6A
1601,4,0844
1602,9,93201A686
1603,4,3188
1604,12,9754B1082632
1605,8,2739B589
1606,8,7465A133
1607,2,55
1608,5,98A3A
1609,3,040
1610,12,38941B72A061
1611,3,878
1612,7,54176BB
1613,5,78537
1614,5,28B33
1615,9,B62A31086
1616,8,59A3270A
1617,5,B3711
1618,9,70A93B14A
1619,5,5A725
1620,5,56212
1621,10,8103BA2761
1622,6,9A3B1B
1623,9,938170A55
1624,3,911
1625,6,59B635
1626,7,A27189A
1627,5,52877
1628,3,181
1629,2,77
1630,5,12571
1631,3,A22
1632,6,381463
1633,6,56B016
1634,6,059245
1635,7,5346988
1636,5,34A64
1637,7,816A326
1638,3,0A0
1639,8,6B702380
1640,2,11
1641,10,02B3A5478B
1642,9,87A456B37
1643,6,82B707
1644,6,207363
1645,5,18541
1646,5,1B53B
1647,9,9516B3202
1648,3,909
1649,4,2432
1650,10,A715386295
1651,4,1691
1652,5,5B100
1653,8,68A7125A
1654,9,98037A455
1655,6,0862AA
1656,8,2A036842
1657,5,01750
1658,7,23815B8
1659,6,9A406A
1660,8,63591A41
1661,7,598B67B
1662,3,616
1663,7,038BA48
1664,9,082963473
1665,7,3690A20
1666,6,0B5230
1667,7,9032466
1668,7,0935AB5
1669,8,7B5A3905
1670,6,469B5B
1671,3,744
1672,4,30B3
1673,6,B74522
1674,4,BA6A
1675,9,62A8B4914
1676,2,99
1677,5,B8757
1678,7,9271637
1679,10,10467385B0
1680,4,9709
1681,4,28AA
1682,4,30BB
1683,11,9704B231A54
1684,6,824312
1685,3,799
1686,4,7ABB
1687,4,6796
1688,6,269BA2
1689,6,189A00
1690,10,4195A2806A
1691,6,6078B7
1692,11,49A153B6877
1693,6,A467B6
1694,4,75AA
1695,8,0485AB3B
1696,5,1A966
1697,12,3A12546B0988
1698,7,372A483
1699,6,930151
1700,10,53718BA499
1701,4,1A81
1702,2,99
1703,9,75B20413B
1704,4,B434
1705,5,42050
1706,7,4936189
1707,6,261A7A
1708,2,22
1709,3,767
1710,4,59BB
1711,5,69836
1712,6,B78A67
1713,7,B512692
1714,6,18B64B
1715,3,A8A
1716,6,045233
1717,5,A8B00
1718,10,A4910273BB
1719,10,794813B568
1720,7,7019388
1721,6,A21877
1722,9,235401684
1723,8,0471A851
1724,4,AB6A
1725,4,A070
1726,7,A180641
1727,6,63B926
1728,6,341023
1729,2,11
1730,8,28157405
1731,2,33
1732,4,51A1
1733,3,6A6
1734,8,45B19264
1735,5,4BA64
1736,4,9B22
1737,4,A565
1738,6,056B33
1739,5,72050
1740,8,381AB571
1741,5,26788
1742,9,61947A207
1743,7,0368498
1744,8,2034BA9B
1745,7,A980B60
1746,8,547A1294
1747,4,B0AA
1748,10,653A91B40B
1749,4,9589
1750,8,8A9402B4
1751,7,715AB41
1752,8,49620170
1753,8,82304A66
1754,8,9758B219
1755,5,35969
1756,8,53046788
1757,3,033
1758,8,8A526792
1759,7,A572035
1760,7,A326406
1761,4,A76A
1762,9,3A628B013
1763,9,4A876B938
1764,4,A949
1765,7,3685B7B
1766,4,6811
1767,4,0633
1768,11,13580679A25
1769,6,370413
1770,7,65A81BB
1771,2,22
1772,10,2586A713B7
1773,8,891427B8
1774,9,AB1867307
1775,10,849B573A29
1776,3,1AA
1777,6,8B1A22
1778,12,03895621AB45
1779,8,9376AB00
1780,4,1909
1781,8,254B0360
1782,4,A74A
1783,7,B419231
1784,7,59BA475
1785,3,644
1786,5,71581
1787,5,BA877
1788,3,522
1789,3,141
1790,6,B91059
1791,8,61907323
1792,6,A98019
1793,3,545
1794,3,070
1795,7,1483628
1796,4,7B0B
1797,5,95A2A
1798,6,46A93A
1799,8,62B5439B
1800,4,2A4A
1801,3,3A3
1802,2,33
1803,5,18B6B
1804,8,B90A1844
1805,4,2366
1806,6,0B4864
1807,10,72053A1646
1808,7,49A2676
1809,9,A53297419
1810,4,0588
1811,8,0941A270
1812,6,358403
1813,6,231B00
1814,9,062137456
1815,8,A40127B1
1816,10,819A327063
1817,4,B787
1818,7,2341574
1819,11,536A14B0984
1820,7,A10B620
1821,12,7A948231B567
1822,5,68515
1823,6,647517
1824,5,18BA8
1825,9,B19570869
1826,8,13068A58
1827,6,754905
1828,6,756346
1829,8,24509875
1830,5,412A1
1831,6,1B2541
1832,4,2900
1833,3,262
1834,6,859679
1835,9,B714905A1
1836,12,340B169285A9
1837,4,B76B
1838,7,25846B2
1839,7,09742BB
1840,7,3610AB3
1841,7,146A204
1842,7,A85401A
1843,7,1382473
1844,8,B9831679
1845,9,0984B2534
1846,6,736946
1847,4,9619
1848,6,1684A4
1849,7,4B39013
1850,3,040
1851,9,2045A3181
1852,10,B084132A51
1853,8,709A8533
1854,7,B570920
1855,6,9A3B6A
1856,6,58B47B
1857,6,691846
1858,4,4174
1859,7,26B3752
1860,7,523B8A8
1861,6,B42604
1862,3,484
1863,5,43973
1864,8,807B56A0
1865,4,8B08
1866,9,8B2394508
1867,9,581642AB2
1868,2,55
1869,5,09149
1870,7,7408696
1871,11,92640BA5384
1872,6,3A7944
1873,7,72849A8
1874,7,8961056
1875,4,0190
1876,5,2B100
1877,7,8076922
1878,7,1B76044
1879,8,B1298565
1880,8,6427B53B
1881,7,A693783
1882,6,B7A800
1883,9,4236891A2
1884,9,432198757
1885,8,98613A5A
1886,5,6B89B
1887,7,B481964
1888,10,4B53691A83
1889,6,6021B0
1890,10,4A78653B04
1891,3,616
1892,6,B62919
1893,4,5811
1894,2,22
1895,9,B45836714
1896,8,09215B42
1897,7,8137A4A
1898,9,20154B838
1899,4,24A4
1900,4,9B69
1901,6,891500
1902,11,6A27B54890A
1903,4,5A4A
1904,4,9343
1905,5,2A392
1906,10,2B41693503
1907,4,8733
1908,6,247194
1909,4,A9BA
1910,7,8B0A748
1911,9,9485362A8
1912,5,68A4A
1913,6,B1A90A
1914,4,1061
1915,5,458B4
1916,5,2A19A
1917,6,426806
1918,6,904354
1919,7,A578137
1920,4,6A7A
1921,9,938A04755
1922,6,560A20
1923,3,505
1924,4,1272
1925,5,64355
1926,7,1207B33
1927,2,11
1928,3,343
1929,9,2B5398769
1930,6,A30464
1931,6,2A1091
1932,6,678A11
1933,8,71053690
1934,4,1322
1935,8,B016724B
1936,7,8A203B8
1937,6,375A65
1938,10,9143B28A08
1939,4,7047
1940,6,42AB32
1941,12,3189407B6A5A
1942,6,649B16
1943,9,02916BA36
1944,8,164370AA
1945,8,14685022
1946,3,499
1947,10,08594762B9
1948,10,7A4B59128B
1949,8,B49017AB
1950,4,8545
1951,5,92B19
1952,8,A5708417
1953,4,5677
1954,6,597685
1955,5,0A855
1956,7,4A3B177
1957,9,29840A3BB
1958,10,31A7B80568
1959,6,4728A4
1960,7,8BA794A
1961,7,3B98A28
1962,5,76A07
1963,3,646
1964,4,1251
1965,7,80A6344
1966,8,59074329
1967,8,82613B41
1968,9,674AB0230
1969,8,6B05817B
1970,4,5717
1971,6,715291
1972,4,2B12
1973,4,2300
1974,5,93103
1975,2,33
1976,2,77
1977,5,AB60A
1978,5,5AB9A
1979,7,6802916
1980,6,A142B4
1981,6,89A14A
1982,5,B4377
1983,4,8099
1984,8,802BA368
1985,11,B371A469286
1986,8,0A967857
1987,7,827B367
1988,4,4828
1989,5,542AA
1990,8,49673B55
1991,3,171
1992,8,A6321707
1993,10,6B492038A8
1994,6,0295A0
1995,9,0B8615797
1996,8,5A17B696
1997,5,2B077
1998,9,A71094655
1999,4,4191
2000,5,15B22
2001,3,7B7
2002,6,9B5022
2003,9,0B4A6782B
2004,5,0B37B
2005,2,66
2006,7,10B5A99
2007,5,3A262
2008,3,5B5
2009,4,1A00
2010,5,B614B
2011,7,695B305
2012,7,7B21067
2013,3,B33
2014,7,6A49586
2015,6,A17647
2016,6,951400
2017,9,9270AB366
2018,9,98B1752A8
2019,8,60351A70
2020,5,25035
2021,9,4802139B9
2022,3,1BB
2023,8,64908350
2024,4,0950
2025,5,41B5B
2026,9,436085125
2027,5,A7900
2028,6,B3894B
2029,9,135A29B00
2030,8,64301853
2031,3,866
2032,7,7A41384
2033,11,429350B876B
2034,11,16A35B04894
2035,4,1599
2036,5,5A065
2037,6,513071
2038,9,7953A8B0A
2039,5,12767
2040,3,3AA
2041,9,798215069
2042,7,2B6A848
2043,4,7B87
2044,5,182A8
2045,7,4210531
2046,5,1A7B1
2047,5,69808
2048,5,03910
2049,5,3A06A
2050,7,6187B58
2051,7,732B103
2052,8,B197536B
2053,9,A0B439122
2054,7,4A1926A
2055,4,5919
2056,5,85B7B
2057,6,A74684
2058,4,1272
2059,9,41950A281
2060,5,73B66
2061,9,2104BA792
2062,9,3921785A8
2063,2,66
2064,4,1581
2065,10,321AB8756B
2066,6,A8507A
2067,3,878
2068,2,11
2069,7,69832B8
2070,5,53A45
2071,6,B46216
2072,8,A7B32057
2073,3,B55
2074,5,8B799
2075,5,B8048
2076,7,3524ABB
2077,8,2AB50195
2078,11,369A42B1706
2079,4,92AA
2080,7,0526848
2081,6,682155
2082,4,6B1B
2083,6,A54909
2084,5,51945
2085,8,32AB1463
2086,3,422
2087,3,266
2088,8,93201ABA
2089,9,71B085398
2090,7,8036716
2091,8,B160A595
2092,11,865029A3140
2093,2,44
2094,9,965B38A11
2095,7,5429169
2096,3,B4B
2097,8,6A052B40
2098,6,953121
2099,10,60AB879433
2100,6,192088
2101,6,7128B1
2102,7,02489B4
2103,8,07345927
2104,4,2644
2105,6,5B61A1
2106,6,095B7B
2107,6,059679
2108,5,AB89A
2109,8,70891266
2110,4,4684
2111,2,00
2112,5,98B18
2113,7,2938A79
2114,10,A384905279
2115,8,98B5012B
2116,8,5640A314
2117,2,77
2118,5,90439
2119,7,9B31563
2120,6,395729
2121,2,88
2122,4,34BB
2123,2,77
2124,10,10856492A9
2125,7,B137861
2126,7,A984B29
2127,5,240B0
2128,7,46987AA
2129,10,A960251477
2130,5,09B33
2131,8,35602B85
2132,5,B7959
2133,4,3677
2134,10,71058492B4
2135,7,9735022
2136,4,6788
2137,6,953045
2138,11,47BA2368013
2139,6,319061
2140,9,A10396740
2141,5,A5325
2142,3,855
2143,6,A02930
2144,5,725A5
2145,10,A639B21759
2146,6,28AB0A
2147,6,029A12
2148,7,6925711
2149,4,B61B
2150,8,1A03B922
2151,9,685314725
2152,7,704A980
2153,9,932715063
2154,3,A3A
2155,7,341B261
2156,5,70150
2157,3,5B5
2158,6,758135
2159,6,1063B1
2160,8,839A156A
2161,4,0B6B
2162,6,6A0580
2163,4,3183
2164,6,483B63
2165,9,68B315743
2166,3,944
2167,7,639B8AA
2168,8,7584A064
2169,6,107A37
2170,10,9567B80144
2171,7,9A208B2
2172,7,5720B6B
2173,6,407614
2174,4,B099
2175,5,68500
2176,8,2143BA8A
2177,8,74B29504
2178,4,A83A
2179,8,1B362488
2180,3,878
2181,9,A12094B34
2182,5,62A12
2183,8,A5290388
2184,6,204754
2185,9,85B097248
2186,4,2692
2187,4,0299
2188,3,1B1
2189,2,88
2190,7,0896A11
2191,8,B2348652
2192,5,43B54
2193,4,9388
2194,10,81739A02B3
2195,12,158072AB3642
2196,4,64A4
2197,8,A812B454
2198,6,9A64BA
2199,6,8A4255
2200,4,3053
2201,4,0161
2202,8,83516243
2203,5,73959
2204,11,6A714253B88
2205,10,A621048B70
2206,4,A0B0
2207,5,21833
2208,6,A04577
2209,6,9827BB
2210,9,8B62A3544
2211,10,198BA65700
2212,7,82BA49B
2213,5,07350
2214,11,8BA56270937
2215,5,50460
2216,6,0A874A
2217,4,2919
2218,4,7866
2219,6,A25845
2220,6,784154
2221,5,8B011
2222,4,4B77
2223,4,53AA
2224,7,91234A3
2225,6,059B29
2226,7,2876B96
2227,7,B972414
2228,6,B10240
2229,8,45A30190
2230,9,6210B384B
2231,6,8B3244
2232,6,475966
2233,6,617341
2234,3,566
2235,4,0161
2236,4,B18B
2237,9,964025383
2238,6,879B49
2239,4,42BB
2240,4,3143
2241,12,3718B40A5923
2242,4,0B4B
2243,11,B31408A2951
2244,6,816433
2245,3,188
2246,5,42066
2247,12,09A37B861544
2248,11,12467B03587
2249,3,800
2250,5,18737
2251,10,5B823170A7
2252,4,43BB
2253,6,428636
2254,3,696
2255,10,724B13A853
2256,7,49B8628
2257,8,76254097
2258,2,00
2259,11,A76259038B5
2260,6,A0153A
2261,2,99
2262,8,67B3A28A
2263,4,7599
2264,6,4A95BB
2265,7,586B313
2266,5,82AB2
2267,11,581A240B962
2268,8,A7961B89
2269,2,99
2270,7,5401AB0
2271,6,B85966
2272,6,936A16
2273,9,B81042A70
2274,9,94B568715
2275,10,98B5163029
2276,5,98B55
2277,7,567A494
2278,3,060
2279,4,3093
2280,6,241B5B
2281,6,985345
2282,5,06545
2283,4,6838
2284,5,A7800
2285,6,4B7A14
2286,8,9B25784B
2287,2,88
2288,5,51676
2289,7,A176B51
2290,5,31A00
2291,5,1B565
2292,9,276A8B53B
2293,5,A0699
2294,9,0467A8131
2295,5,0BA5A
2296,7,47156B6
2297,7,8150BAB
2298,5,12081
2299,5,02410
2300,6,2613A1
2301,5,30866
2302,6,8B2A1B
2303,3,232
2304,6,259062
2305,11,605479128A0
2306,8,A304B68A
2307,8,537B96AB
2308,10,A275964104
2309,4,BA88
2310,7,0492380
2311,3,181
2312,2,BB
2313,8,15632406
2314,5,59A0A
2315,6,16A251
2316,9,375801242
2317,6,782598
2318,7,76280A7
2319,3,299
2320,4,7161
2321,6,017688
2322,8,28BA136B
2323,8,69780A56
2324,6,B91343
2325,7,B816744
2326,9,103B24588
2327,5,95635
2328,4,0180
2329,4,7595
2330,6,7A9327
2331,7,50A9245
2332,7,8319577
2333,4,8308
2334,12,578126A93B09
2335,7,A095140
2336,7,5B237A5
2337,5,A12B2
2338,3,788
2339,4,9B77
2340,7,7452915
2341,2,AA
2342,5,B9868
2343,4,04A0
2344,7,7659835
2345,8,3B71594B
2346,5,97B5B
2347,7,8574090
2348,10,285017A362
2349,4,4535
2350,2,66
2351,7,05B1320
2352,6,438513
2353,8,8A6549BA
2354,9,048271561
2355,5,87299
2356,7,2807A50
2357,8,A0578133
2358,3,A99
2359,7,B329A4B
2360,8,96025476
2361,8,187649B8
2362,6,49B869
2363,5,BA733
2364,8,247836B8
2365,5,18466
2366,4,1501
2367,8,25A48399
2368,3,797
2369,6,4A3191
2370,8,64731595
2371,6,108560
2372,6,5B0460
2373,9,8569371BB
2374,4,8161
2375,8,86A79131
2376,8,54A6B715
2377,3,066
2378,9,729085464
2379,8,89036123
2380,4,4366
2381,7,4932582
2382,7,3245101
2383,7,A23B142
2384,6,563923
2385,3,797
2386,4,A711
2387,4,1921
2388,5,25982
2389,6,104631
2390,5,2BA3A
2391,8,60B928AA
2392,9,7852160A5
2393,7,9A50141
2394,6,243973
2395,10,76029BA34A
2396,7,8304760
2397,2,55
2398,9,AB4625939
2399,4,4595
2400,6,780940
2401,7,78512B7
2402,9,352A84195
2403,6,A230BA
2404,9,91A307868
2405,2,AA
2406,4,3080
2407,4,02B2
2408,5,49714
2409,6,1486BB
2410,4,93B9
2411,8,0B53A49A
2412,7,7684094
2413,8,A4206316
2414,9,B46193851
2415,6,692800
2416,10,23B016A756
2417,4,34B4
2418,7,B205A72
2419,3,344
2420,9,83B097255
2421,10,2910854677
2422,6,B98168
2423,6,785045
2424,9,206415B75
2425,11,518063B427B
2426,5,154B1
2427,5,56191
2428,10,30421A6896
2429,6,3A05B5
2430,4,05B5
2431,2,99
2432,5,6A010
2433,4,41BB
2434,6,B03544
2435,9,67B0A3422
2436,2,11
2437,3,066
2438,5,36456
2439,2,22
2440,9,3542B0A90
2441,10,67385A09B6
2442,3,8A8
2443,4,1766
2444,8,4A9B8269
2445,12,984567BA1038
2446,5,4A020
2447,6,897B2B
2448,5,28B7B
2449,11,6A079832548
2450,7,5204392
2451,9,460B18598
2452,8,907B1261
2453,3,588
2454,4,8148
2455,8,19360729
2456,2,66
2457,10,672B9A3107
2458,9,A27615942
2459,7,8A3174A
2460,8,20794539
2461,8,4168B900
2462,5,56788
2463,7,5438218
2464,6,9028A0
2465,5,46787
2466,9,695081238
2467,11,2B476183A00
2468,4,0B50
2469,8,25081B42
2470,5,693B9
2471,4,A65A
2472,2,44
2473,6,90BA22
2474,7,943B604
2475,9,6108547A8
2476,8,A05849BB
2477,10,2A3B574862
2478,7,3285015
2479,7,6B59346
2480,7,91A342A
2481,4,1A33
2482,2,88
2483,3,977
2484,7,1BA4094
2485,7,35A9609
2486,2,66
2487,6,A17636
2488,9,58926B072
2489,9,137629A81
2490,6,307898
2491,6,B10980
2492,6,743060
2493,6,40A252
2494,4,8028
2495,6,02A3B3
2496,7,8523A08
2497,8,5A078637
2498,7,294B377
2499,6,032A77
2500,3,212
2501,9,B61403255
2502,3,A4A
2503,10,97A5B40289
2504,4,A066
2505,4,4262
2506,8,1603A252
2507,8,0854B39B
2508,6,067156
2509,7,A126736
2510,4,B14B
2511,4,4374
2512,9,4975B32AB
2513,4,4868
2514,8,4985B171
2515,4,0340
2516,7,1564934
2517,6,A03411
2518,3,8A8
2519,8,695A1B0B
2520,9,13A58B201
2521,8,A4816904
2522,3,414
2523,8,69A834B9
2524,2,66
2525,2,AA
2526,6,957688
2527,6,6B3424
2528,3,737
2529,10,B7A9043858
2530,5,189BB
2531,7,8130A44
2532,5,02A8A
2533,5,17909
2534,6,386A78
2535,4,7121
2536,7,A423171
2537,4,8B4B
2538,4,4866
2539,6,189478
2540,2,66
2541,4,7696
2542,10,A8694B302A
2543,8,1064B896
2544,5,53181
2545,3,088
2546,8,091A3272
2547,5,17A41
2548,9,08A629177
2549,5,568BB
2550,4,A323
2551,5,65195
2552,4,0690
2553,7,0512B92
2554,10,B073A62855
2555,7,0A75687
2556,5,62342
2557,8,48B7A624
2558,3,464
2559,4,0644
2560,7,B94A06B
2561,4,4676
2562,4,8A77
2563,8,51B32485
2564,8,9B230470
2565,3,5B5
2566,4,3717
2567,6,9B2039
2568,7,B38257B
2569,8,63B29844
2570,10,B08A439767
2571,5,07B67
2572,4,0757
2573,10,2785A93B11
2574,7,6073BA0
2575,7,12794A2
2576,3,977
2577,8,970412B4
2578,6,53B413
2579,2,44
2580,7,B426516
2581,11,46A83B01528
2582,3,800
2583,8,7190B6A9
2584,6,718252
2585,7,965A349
2586,7,2367088
2587,2,22
2588,5,290A2
2589,6,A84272
2590,8,75BA0425
2591,3,600
2592,2,22
2593,8,B25A9435
2594,11,B504A671898
2595,7,351AB21
2596,6,3471A3
2597,4,3211
2598,4,1898
2599,4,B848
2600,6,76B833
2601,9,536417804
2602,10,025A7918BA
2603,7,6402592
2604,8,530917B9
2605,6,826096
2606,4,2044
2607,3,A9A
2608,4,39A3
2609,4,3BAA
2610,9,549AB0810
2611,10,6058294B7B
2612,5,84A1A
2613,10,152A83047A
2614,12,2401B578963B
2615,7,34A1893
2616,8,50B3A783
2617,8,A0157947
2618,5,692A9
2619,5,4B822
2620,8,04951681
2621,7,A431866
2622,9,10B658478
2623,8,32850768
2624,6,6A72B7
2625,3,644
2626,6,3B918B
2627,4,0260
2628,6,620146
2629,9,50892A3BB
2630,7,42A5165
2631,6,051633
2632,7,0A93749
2633,7,06A321A
2634,4,3988
2635,6,365101
2636,7,9830411
2637,6,903873
2638,5,54366
2639,5,68028
2640,8,9B63A086
2641,5,A1431
2642,6,6A3979
2643,6,942B55
2644,2,66
2645,9,A5813792A
2646,6,052B12
2647,7,1032544
2648,5,73517
2649,6,A67988
2650,7,50968AA
2651,6,0638AA
2652,6,1B0831
2653,6,347B00
2654,6,7098A8
2655,8,46BA8033
2656,9,AB902864A
2657,6,265BAA
2658,5,45B74
2659,6,B87133
2660,3,B4B
2661,6,1A26BA
2662,7,B16384B
2663,10,8B952A1738
2664,7,547A3B5
2665,4,5644
2666,7,0876A58
2667,2,44
2668,5,76515
2669,6,96B026
2670,5,30453
2671,4,7B6B
2672,4,A0BA
2673,8,15693B44
2674,5,514A5
2675,5,20590
2676,8,759AB388
2677,3,911
2678,5,6B04B
2679,5,25404
2680,6,A6903A
2681,10,230796A419
2682,6,074686
2683,6,359785
2684,8,71582437
2685,4,A0BB
2686,6,532699
2687,7,B719A2A
2688,8,B1065781
2689,3,A22
2690,8,B457036B
2691,6,A32655
2692,6,168248
2693,5,91404
2694,2,99
2695,10,79AB038429
2696,7,86A1546
2697,7,781B291
2698,7,4620156
2699,6,29B169
2700,9,906174234
2701,7,4026733
2702,9,5120A8495
2703,7,832B616
2704,5,19868
2705,9,5480A1B9B
2706,3,353
2707,7,85B2696
2708,6,954166
2709,5,84098
2710,3,455
2711,10,03985A4679
2712,5,9A044
2713,3,979
2714,8,1B795329
2715,8,B6820956
2716,8,A0123451
2717,6,456B16
2718,7,0592488
2719,8,3281A96A
2720,10,086BA4719B
2721,9,731260492
2722,11,32769815B05
2723,10,6152490AB2
2724,9,4B2796181
2725,4,3488
2726,5,63873
2727,9,B92180379
2728,12,A50B23981468
2729,3,322
2730,8,5BA91344
2731,6,9328B8
2732,5,76B17
2733,10,91B4628538
2734,7,6B05212
2735,5,A4914
2736,3,1BB
2737,8,06A25434
2738,9,3924BA070
2739,8,597B0A17
2740,4,8525
2741,10,24B3865978
2742,5,71989
2743,4,25B5
2744,7,A21783A
2745,5,AB707
2746,2,88
2747,6,3692A2
2748,4,A51A
2749,3,434
2750,7,67801B6
2751,7,A759011
2752,9,A567481BB
2753,6,2BA91A
2754,5,B1A7A
2755,5,402A2
2756,6,492B59
2757,7,283A943
2758,8,540AB767
2759,7,A356944
2760,9,1349528AA
2761,5,7B097
2762,3,B00
2763,6,851B4B
2764,7,A410B3A
2765,11,5829067B4A7
2766,6,19B488
2767,7,B057366
2768,2,AA
2769,13,2416583079AB1
2770,8,053761B0
2771,9,49278A634
2772,4,A898
2773,9,52A471891
2774,6,0814A0
2775,5,05610
2776,6,6301A6
2777,5,1B464
2778,6,192059
2779,5,60736
2780,10,736458B218
2781,8,798150A7
2782,8,83104751
2783,5,087A0
2784,4,5844
2785,5,B1599
2786,6,150B33
2787,9,71A942654
2788,7,31A89B3
2789,5,26A7A
2790,5,98468
2791,10,237A69B404
2792,9,257169437
2793,8,0A478567
2794,4,B51B
2795,10,308742BA99
2796,6,851AB5
2797,5,1B9A9
2798,9,723A69B07
2799,5,A32BB
2800,3,252
2801,2,22
2802,4,AB4B
2803,7,5049733
2804,6,8A5199
2805,3,800
2806,2,88
2807,8,B0A97260
2808,10,25A6093848
2809,3,B8B
2810,4,29BB
2811,5,87658
2812,6,8B0710
2813,6,507121
2814,7,04A7530
2815,7,9708533
2816,7,35BA683
2817,2,77
2818,7,5324977
2819,9,624708956
2820,8,0964B250
2821,3,611
2822,4,6800
2823,7,54AB322
2824,2,66
2825,6,9B5A05
2826,7,10382A1
2827,5,1A766
2828,5,AB477
2829,8,70914B39
2830,4,BA5A
2831,11,204783B69AB
2832,4,4B55
2833,8,861A350A
2834,6,A3501A
2835,5,8A232
2836,7,4709626
2837,10,47A02956B9
2838,4,5A65
2839,7,A0B4122
2840,11,143B6987A23
2841,4,5022
2842,9,17638B5AA
2843,5,982BB
2844,7,6923747
2845,7,4A58611
2846,5,75205
2847,5,6B5AA
2848,5,14824
2849,7,A7B853B
2850,10,3B47A90829
2851,11,91807A24533
2852,6,591474
2853,9,2689A0477
2854,4,B79B
2855,7,3708A6A
2856,2,55
2857,6,3695B6
2858,5,25090
2859,6,628458
2860,5,07860
2861,9,916832046
2862,2,33
2863,9,8B154A633
2864,3,262
2865,9,49B0A8628
2866,7,5026BA5
2867,8,9180B656
2868,5,7B212
2869,4,7080
2870,9,72850BA66
2871,12,B29A7685034B
2872,13,348A126B95071
2873,5,7B62B
2874,8,320B8944
2875,9,B53864011
2876,6,193473
2877,11,A2534678018
2878,4,0480
2879,4,65B6
2880,8,48561B31
2881,4,96B9
2882,5,9B239
2883,7,142A581
2884,6,A95366
2885,5,61833
2886,2,33
2887,10,A906385249
2888,3,588
2889,5,95811
2890,9,5342706A4
2891,8,24195BAB
2892,4,A922
2893,7,B7216AB
2894,7,B075911
2895,2,AA
2896,5,71937
2897,8,B0A29712
2898,7,789A628
2899,4,4A6A
2900,8,B82315A3
2901,6,3942A4
2902,6,3265A3
2903,7,7652A17
2904,3,A1A
2905,8,BA736896
2906,4,A83A
2907,9,748A13257
2908,10,4B03928717
2909,5,A0940
2910,5,93B66
2911,6,0268B8
2912,11,B4593271088
2913,7,3904211
2914,6,5B0411
2915,7,2A15832
2916,5,37424
2917,8,0431A656
2918,11,250B194A764
2919,9,597A41205
2920,4,5395
2921,12,20A937654811
2922,9,B14063794
2923,4,1747
2924,4,7900
2925,7,4169B8B
2926,12,32B157486A04
2927,5,42575
2928,5,38173
2929,9,397AB1607
2930,5,74922
2931,7,48A5B94
2932,6,A87404
2933,5,56806
2934,8,61BA0343
2935,4,5272
2936,5,29609
2937,6,A47264
2938,5,32B55
2939,3,488
2940,6,9B1689
2941,6,BA6788
2942,4,B575
2943,5,098AA
2944,7,7A16838
2945,5,19277
2946,4,B191
2947,5,0B120
2948,6,675345
2949,4,8466
2950,7,3257697
2951,9,703812BA7
2952,3,2BB
2953,8,173A9585
2954,5,523B2
2955,5,7B907
2956,7,03947B4
2957,6,861ABA
2958,9,0B5A78327
2959,6,238BAB
2960,6,174624
2961,9,904518360
2962,7,0365A9A
2963,4,1B41
2964,9,436789A03
2965,8,A9B24784
2966,7,8067910
2967,5,95747
2968,4,3A22
2969,6,A84050
2970,8,47A91324
2971,3,464
2972,8,563810B3
2973,7,529BA0B
2974,6,9A563A
2975,5,A6256
2976,8,167834B8
2977,2,44
2978,5,16255
2979,3,959
2980,3,545
2981,5,742A2
2982,6,61A43A
2983,7,A3041B3
2984,10,39724056A5
2985,7,A263583
2986,8,17296437
2987,6,870517
2988,7,31B47A4
2989,6,8054B5
2990,8,2730A512
2991,7,251B382
2992,3,544
2993,2,99
2994,3,767
2995,4,9739
2996,7,3801458
2997,10,9058317B66
2998,5,B8798
2999,3,606
3000,5,0B84B
3001,7,0B43877
3002,7,07B2152
3003,5,9B4AB
3004,8,624A5B84
3005,3,199
3006,2,BB
3007,8,498B5A2A
3008,8,A7931821
3009,3,292
3010,3,A5A
3011,6,498A18
3012,5,9A069
3013,5,73143
3014,7,8974525
3015,8,B5872092
3016,6,792414
3017,3,979
3018,6,621787
3019,11,256B0A48711
3020,8,014A2383
3021,3,9AA
3022,6,2B8758
3023,10,B496283171
3024,5,465AA
3025,9,197853BA8
3026,9,694AB3818
3027,6,B38618
3028,6,3A490A
3029,9,6B7490A8B
3030,8,04AB1231
3031,6,859108
3032,5,34800
3033,3,044
3034,6,B76535
3035,3,688
3036,9,76320B94B
3037,5,41833
3038,7,51B8A0A
3039,6,3864A6
3040,7,8A21B02
3041,8,A4032966
3042,3,707
3043,10,2578B03A13
3044,3,866
3045,6,836AB8
3046,3,606
3047,10,809357B465
3048,6,6472B2
3049,2,00
3050,3,611
3051,4,6575
3052,8,501B7848
3053,9,61A320B9B
3054,6,091B88
3055,5,312AA
3056,6,910329
3057,7,9A4B58B
3058,7,09B5388
3059,9,A3841965A
3060,8,638104A4
3061,10,0485173A64
3062,6,71B53B
3063,7,3B98A08
3064,6,865799
3065,5,A1031
3066,8,02197B80
3067,8,2A4B791A
3068,6,B237A7
3069,4,28B8
3070,2,66
3071,8,A49B852A
3072,3,744
3073,6,213B53
3074,8,609B3516
3075,10,7A68251046
3076,7,A3B9259
3077,5,5B676
3078,6,857B6B
3079,4,2982
3080,10,3067548120
3081,10,15762B43A4
3082,6,905840
3083,6,4507A4
3084,8,39A01641
3085,5,68199
3086,3,383
3087,8,084A1733
3088,2,AA
3089,9,4A678B937
3090,3,B9B
3091,9,B63197844
3092,6,159269
3093,8,A3B04966
3094,6,5B4A9A
3095,8,197B836B
3096,7,72A6855
3097,5,79617
3098,5,A17BA
3099,3,B00
3100,4,2177
3101,9,81632B078
3102,6,617838
3103,8,718B46A8
3104,6,869478
3105,6,190549
3106,2,22
3107,6,8B397B
3108,9,20B865A9A
3109,6,1AB271
3110,3,808
3111,4,1791
3112,7,3941501
3113,10,9B34260511
3114,3,6AA
3115,6,9B8636
3116,9,2613B7083
3117,3,808
3118,6,320560
3119,4,48B8
3120,9,1B79320A9
3121,6,5A0121
3122,8,B63A482A
3123,5,20484
3124,5,968BB
3125,10,2A3641B954
3126,4,0B8B
3127,9,2BA40168B
3128,9,53A126B72
3129,8,20481792
3130,7,5948616
3131,7,3604573
3132,11,09732B5A14A
3133,8,5872B03B
3134,9,0A8B49178
3135,2,44
3136,2,77
3137,2,55
3138,11,213096A5845
3139,5,27802
3140,5,B38A3
3141,7,7AB950A
3142,6,692B11
3143,9,897456BA8
3144,7,83A9766
3145,5,24084
3146,6,081BAB
3147,7,B601755
3148,4,0750
3149,8,5B98A175
3150,2,55
3151,8,912AB451
3152,9,A827B1097
3153,4,3566
3154,5,02133
3155,4,9A77
3156,8,317429B9
3157,8,6B5837AB
3158,7,BA1073B
3159,3,7BB
3160,9,3826A5B92
3161,9,1860A93B9
3162,8,12643086
3163,8,5219A066
3164,9,05782A3B5
3165,5,68300
3166,8,20AB4752
3167,5,23A7A
3168,5,9B133
3169,2,00
3170,6,1B9366
3171,8,20836744
3172,8,3B840920
3173,7,B8413A8
3174,9,302968A19
3175,4,6986
3176,10,7A91340B20
3177,7,8342162
3178,7,9237469
3179,9,612A345B2
3180,7,14B0370
3181,4,0960
3182,3,B5B
3183,5,54294
3184,4,3575
3185,7,48A1304
3186,4,BA5B
3187,10,B732A59417
3188,6,089130
3189,6,102858
3190,9,0B7834161
3191,3,303
3192,6,807A48
3193,9,37A218952
3194,7,8370190
3195,4,B20B
3196,4,4588
3197,5,A3603
3198,9,9702B1A37
3199,7,A971087
3200,6,05B125
3201,5,A2B4A
3202,5,58699
3203,9,A951380B1
3204,8,A8190638
3205,9,8B17653A1
3206,8,A3571827
3207,7,8597137
3208,6,2B4A0A
3209,7,90A4530
3210,5,2A040
3211,3,757
3212,3,266
3213,5,07480
3214,8,3A574625
3215,4,1233
3216,8,94765200
3217,8,027158A5
3218,8,94617851
3219,3,033
3220,9,145637A25
3221,4,B688
3222,3,ABB
3223,5,3A020
3224,7,6748106
3225,7,3841255
3226,9,694A2B030
3227,5,85B45
3228,6,910848
3229,5,35213
3230,6,B01A9B
3231,5,26B16
3232,5,04190
3233,6,5927B7
3234,7,53A6088
3235,8,90357A4A
3236,3,242
3237,8,1B239767
3238,7,B0A235B
3239,3,866
3240,4,A155
3241,6,650720
3242,6,2B1575
3243,8,27BA4066
3244,7,3A90788
3245,9,B90385744
3246,9,A1B042381
3247,6,B635A6
3248,3,211
3249,8,63B85216
3250,4,A989
3251,3,7BB
3252,9,73B6A0822
3253,6,781A66
3254,12,2678195A3B46
3255,8,8A603718
3256,4,0470
3257,8,8A0459B8
3258,8,25431A6A
3259,11,0689B3A2740
3260,9,3BA780218
3261,5,01591
3262,7,8A97424
3263,6,2813A3
3264,10,329401A8B8
3265,4,7585
3266,7,345B864
3267,5,30656
3268,9,8056B3199
3269,3,686
3270,9,4378592B7
3271,7,85B0161
3272,5,04B70
3273,7,468A20A
3274,7,30147A0
3275,8,298537A3
3276,7,81954AA
3277,5,32072
3278,5,78918
3279,6,105A21
3280,7,85A146A
3281,3,5AA
3282,3,655
3283,6,649756
3284,8,8BA74628
3285,6,842B7B
3286,8,0B837197
3287,5,29BAB
3288,6,3B1A7A
3289,9,73591A483
3290,9,193042788
3291,5,34727
3292,8,589143B9
3293,10,B814265A06
3294,6,A05145
3295,5,48068
3296,6,037299
3297,4,B363
3298,5,475A7
3299,8,B8219341
3300,2,44
3301,6,08A14A
3302,7,07529B0
3303,7,201B46B
3304,6,724A37
3305,8,B9487232
3306,5,12A8A
3307,8,801456BB
3308,7,954B611
3309,7,50291B9
3310,5,5BA1B
3311,4,6100
3312,9,3460197B0
3313,4,B95B
3314,11,7B382519044
3315,3,505
3316,2,22
3317,7,3A28603
3318,9,1783926AA
3319,7,0B58A98
3320,7,B749A8A
3321,5,37413
3322,12,62A138B40758
3323,7,784A137
3324,8,6A892546
3325,5,294B2
3326,6,632953
3327,5,5A8BA
3328,5,B6322
3329,10,286315A400
3330,8,B503A47A
3331,7,38BA42B
3332,7,41756AA
3333,10,81670A4B50
3334,6,0946B6
3335,3,677
3336,5,A017A
3337,6,238718
3338,7,6713501
3339,6,1460B0
3340,7,8937128
3341,8,097862B0
3342,8,49627589
3343,8,74AB8618
3344,8,10276535
3345,5,96151
3346,3,A99
3347,7,A270B60
3348,2,88
3349,10,2057B986A0
3350,8,A245309A
3351,9,214A9B75A
3352,9,450B369A3
3353,6,9125B9
3354,3,188
3355,5,10A33
3356,4,A29A
3357,8,A2B4507A
3358,4,0122
3359,7,5830728
3360,8,71690A41
3361,6,239044
3362,6,9236A6
3363,3,616
3364,10,9A162487B1
3365,5,42B12
3366,4,B656
3367,8,B4859722
3368,8,8A05B378
3369,6,5612B6
3370,4,A299
3371,7,35428BB
3372,4,8141
3373,6,684A28
3374,5,3B899
3375,3,565
3376,5,B1757
3377,6,8A921A
3378,5,7A1BB
3379,7,5164ABA
3380,9,164AB9076
3381,9,5B309467B
3382,5,230A0
3383,5,90740
3384,9,5601A4924
3385,6,5B3646
3386,7,3486955
3387,5,09B1B
3388,7,46B5A0A
3389,4,1727
3390,6,B23499
3391,4,A93A
3392,7,A276400
3393,6,831968
3394,6,A51636
3395,8,7AB31853
3396,7,7A91B81
3397,3,A9A
3398,5,4AB66
3399,10,32879B1061
3400,3,B0B
3401,6,A0764A
3402,8,51340873
3403,5,96AB6
3404,4,6422
3405,3,757
3406,9,BA7548033
3407,9,9B13A6829
3408,10,B51830A62B
3409,4,43BB
3410,3,A99
3411,4,3B9B
3412,4,7B0B
3413,3,373
3414,8,30249B73
3415,4,7487
3416,5,A7947
3417,7,2968736
3418,12,5382B1A79646
3419,7,0B2684B
3420,4,4234
3421,5,B0899
3422,7,91B4021
3423,3,199
3424,7,564A93A
3425,5,236AA
3426,3,212
3427,8,31760ABA
3428,6,AB810B
3429,5,B2393
3430,9,483079517
3431,6,B10841
3432,7,4398B58
3433,4,0B55
3434,7,0671B46
3435,3,599
3436,9,A478605B5
3437,4,0430
3438,8,124A8368
3439,7,5A4B011
3440,11,93804516A73
3441,8,610A8344
3442,7,064A9BA
3443,8,583704A8
3444,5,59845
3445,3,7AA
3446,4,7987
3447,8,29631A01
3448,8,14832B92
3449,6,AB548A
3450,7,A691B56
3451,5,A3080
3452,5,37BAA
3453,10,0375924BA2
3454,7,2763414
3455,9,94A2B0830
3456,5,51831
3457,6,3A5266
3458,8,196A23B9
3459,4,7060
3460,8,B6382102
3461,6,1094B4
3462,8,8A1B9348
3463,2,88
3464,9,98B1475A8
3465,10,310289A562
3466,5,4B877
3467,8,394BA054
3468,7,46978B7
3469,7,8143593
3470,9,062A38918
3471,6,4283A4
3472,7,0B54925
3473,5,B2696
3474,8,458BA398
3475,2,44
3476,3,366
3477,6,913701
3478,3,511
3479,8,7B039855
3480,8,1A842B99
3481,3,388
3482,10,1A46285070
3483,5,86136
3484,6,92B189
3485,3,800
3486,11,859A04B1671
3487,5,59A77
3488,6,496BA6
3489,5,50933
3490,5,40311
3491,5,084B8
3492,7,0379121
3493,8,8910B474
3494,7,907B439
3495,9,0A76932BB
3496,7,8563A06
3497,5,8B151
3498,4,6A46
3499,10,40623179A0
3500,7,9B4A854
3501,4,19BB
3502,10,31584026A8
3503,7,A290383
3504,6,526346
3505,9,5916B423B
3506,2,77
3507,6,320811
3508,9,41B2736A1
3509,4,10AA
3510,4,8058
3511,4,4524
3512,2,66
3513,7,7905360
3514,5,01855
3515,8,84750618
3516,9,1645A2B0A
3517,4,1841
3518,4,1BA1
3519,8,79B01280
3520,9,068A39219
3521,7,A426533
3522,5,4B124
3523,5,89438
3524,10,4861B750A6
3525,8,6B0834A6
3526,6,709489
3527,10,BA2854719B
3528,4,54A4
3529,7,2043974
3530,4,A20A
3531,7,7A34863
3532,8,49A1086A
3533,3,700
3534,9,70982B3A9
3535,5,B5313
3536,7,2B34A83
3537,2,22
3538,8,A3B4752A
3539,2,00
3540,5,80150
3541,11,685403927B4
3542,4,82A2
3543,7,9187ABA
3544,3,211
3545,6,5A476A
3546,2,88
3547,4,6711
3548,5,682AA
3549,9,7986A0344
3550,9,5A8603212
3551,3,755
3552,5,47354
3553,2,33
3554,6,0BA515
3555,10,03A28794B2
3556,6,80BA90
3557,10,123698B505
3558,6,750497
3559,4,B299
3560,5,1AB3B
3561,5,76422
3562,9,23179A642
3563,4,76AA
3564,9,2B53A1745
3565,9,8A1B96029
3566,3,595
3567,6,40B28B
3568,3,090
3569,9,370452162
3570,7,4867151
3571,6,638929
3572,9,64B9081AA
3573,9,7023A5919
3574,7,B694808
3575,7,674B854
3576,7,092B870
3577,4,3151
3578,6,A98033
3579,9,BA6271533
3580,5,8B244
3581,6,A3297A
3582,9,190546B26
3583,5,485A8
3584,3,755
3585,2,44
3586,4,6A00
3587,6,2A0B8A
3588,7,8A23B98
3589,4,4794
3590,4,6B00
3591,6,342182
3592,7,A859625
3593,5,5A979
3594,4,A626
3595,6,725388
3596,4,AB11
3597,5,90844
3598,9,B29136452
3599,5,236A3
3600,6,75B300
3601,6,1B5633
3602,4,B877
3603,7,21756B7
3604,9,293658403
3605,9,A9627B34B
3606,7,680B797
3607,10,BA1367520A
3608,5,63900
3609,7,5478B35
3610,6,427B62
3611,5,60876
3612,7,59A4B85
3613,6,973603
3614,6,520B7B
3615,4,7989
3616,5,14061
3617,6,3469AA
3618,10,4A681570B0
3619,4,8A66
3620,6,23A080
3621,6,596288
3622,10,A05B46273A
3623,11,317A68942B9
3624,9,6041B5939
3625,6,9B3569
3626,7,4896B09
3627,8,18A0395A
3628,3,199
3629,9,724653A97
3630,10,A5167B2846
3631,2,00
3632,4,1A88
3633,2,BB
3634,10,29875406B5
3635,7,B302190
3636,8,B10486A8
3637,4,1B00
3638,5,14877
3639,9,4531BA676
3640,4,8A9A
3641,5,652A2
3642,5,87494
3643,7,5BA8138
3644,2,33
3645,8,24A65974
3646,3,828
3647,3,131
3648,3,4B4
3649,8,25361900
3650,5,7A657
3651,12,1A90368B725B
3652,10,7A35918429
3653,9,B17630A44
3654,2,AA
3655,8,857A240A
3656,10,A72B483699
3657,3,288
3658,3,6A6
3659,4,2A92
3660,6,B24677
3661,4,8767
3662,3,959
3663,3,A2A
3664,3,292
3665,5,09319
3666,9,A041B2761
3667,8,B70A8257
3668,3,494
3669,4,5811
3670,6,821060
3671,5,25415
3672,6,246714
3673,5,38243
3674,8,7B913A89
3675,2,66
3676,2,22
3677,5,59079
3678,3,199
3679,5,321A3
3680,2,44
3681,10,01A34276B3
3682,7,2618B38
3683,4,30A3
3684,5,28758
3685,11,38B52A49616
3686,6,2B0933
3687,8,846051B1
3688,8,B71036AA
3689,6,6978A9
3690,4,9B44
3691,10,B018724352
3692,8,57318A95
3693,9,8679A024A
3694,8,A749B288
3695,9,A0357894A
3696,7,A7134BA
3697,11,B18426A3571
3698,8,A5041834
3699,6,43A5B5
3700,8,952710A5
3701,6,532093
3702,6,B68078
3703,7,4123851
3704,7,1B04250
3705,8,46598B05
3706,5,38A98
3707,6,326A5A
3708,4,2B9B
3709,8,218597A7
3710,5,480B8
3711,7,0245360
3712,9,617AB8535
3713,12,2148907B5362
3714,8,49A10369
3715,4,4A04
3716,7,5601745
3717,7,657B3AA
3718,6,34A18A
3719,8,8601B251
3720,5,1B68B
3721,10,318B260499
3722,9,206347A12
3723,2,88
3724,8,495A0277
3725,4,9B1B
3726,4,7838
3727,6,A69822
3728,6,714984
3729,4,6406
3730,4,8272
3731,6,026A32
3732,10,7BA6940311
3733,5,A4383
3734,6,B43023
3735,7,64A8536
3736,5,543A5
3737,4,1A91
3738,5,46804
3739,5,A8708
3740,9,B945A0385
3741,5,49311
3742,5,18478
3743,8,7548B968
3744,5,20462
3745,6,730644
3746,4,A7BB
3747,6,8729A8
3748,8,4A739063
3749,6,618531
3750,5,51385
3751,4,2B82
3752,5,15B41
3753,10,214369B8A8
3754,8,415A2972
3755,4,AB11
3756,7,9720567
3757,5,78B66
3758,5,72617
3759,5,59466
3760,10,8412360AB4
3761,4,8599
3762,4,2142
3763,7,07B4260
3764,10,539B80A629
3765,11,8BA16570494
3766,3,212
3767,8,B9A83711
3768,9,087BA1530
3769,5,09760
3770,8,34B26596
3771,5,7B5A7
3772,3,929
3773,8,7319A8B9
3774,4,3979
3775,8,3A94518A
3776,4,B722
3777,8,976413B4
3778,5,39723
3779,3,B5B
3780,7,91A54B5
3781,4,0B6B
3782,3,455
3783,4,2575
3784,10,85B743A128
3785,10,6952A83479
3786,6,973843
3787,7,6875AB7
3788,8,21A06571
3789,8,56092412
3790,7,60491B1
3791,4,6976
3792,6,801720
3793,4,8BAB
3794,4,0280
3795,9,91B76A351
3796,6,25B385
3797,3,505
3798,5,72B88
3799,6,437A03
3800,8,A1276399
3801,9,A4876B218
3802,4,B877
3803,6,250610
3804,7,86B9424
3805,8,90B834A4
3806,3,B44
3807,6,A05272
3808,5,51A65
3809,6,0B8A7A
3810,3,800
3811,9,7963AB206
3812,9,24B038570
3813,3,080
3814,5,83171
3815,3,A3A
3816,9,6B2418977
3817,6,49A500
3818,9,B1956724B
3819,9,A914B7833
3820,5,2A97A
3821,4,AB33
3822,4,5235
3823,8,627345B2
3824,7,6752A0A
3825,4,B323
3826,7,B9A0877
3827,5,B2044
3828,2,88
3829,5,18A22
3830,10,1627043854
3831,6,910269
3832,6,3495A9
3833,7,23416AA
3834,6,145961
3835,8,73B40597
3836,9,48B690214
3837,4,A232
3838,2,44
3839,8,1A598366
3840,8,05476B30
3841,7,5A01B88
3842,10,075B943689
3843,4,3088
3844,10,43A6507296
3845,2,11
3846,7,1865733
3847,8,3A9B8525
3848,6,2A4755
3849,11,90623AB5872
3850,2,00
3851,5,71027
3852,5,A0533
3853,4,30A0
3854,5,978A7
3855,10,1385B09671
3856,6,802A38
3857,7,B90276B
3858,4,5933
3859,4,4575
3860,6,365986
3861,8,29534A79
3862,4,AB5B
3863,8,09BA6276
3864,9,3AB492064
3865,5,956A5
3866,3,7BB
3867,11,78A41392B69
3868,10,0B56931A29
3869,11,24701A836BA
3870,9,69018A456
3871,5,80933
3872,3,535
3873,5,B1400
3874,7,45083AA
3875,7,12B9872
3876,3,141
3877,2,33
3878,4,1981
3879,7,B721592
3880,8,B4159A8B
3881,8,752816A7
3882,5,01A90
3883,10,B431960581
3884,5,0BA22
3885,9,6A2903B82
3886,9,45A8B6106
3887,3,BAA
3888,6,725095
3889,8,A4397585
3890,6,681020
3891,3,656
3892,2,AA
3893,9,89A2014BA
3894,7,A831060
3895,4,74B4
3896,4,7909
3897,2,99
3898,2,77
3899,7,8672B02
3900,5,A189A
3901,6,B62055
3902,7,BA85348
3903,11,B159740263B
3904,6,1A6595
3905,6,605B36
3906,3,616
3907,7,17A5633
3908,12,978536420AB2
3909,7,8A7245A
3910,3,0A0
3911,6,13A04A
3912,5,78A66
3913,5,60B30
3914,7,31B5963
3915,6,319646
3916,6,358B05
3917,5,18578
3918,4,B18B
3919,6,B893AA
3920,6,38B400
3921,5,9B282
3922,4,A34A
3923,8,3B684576
3924,9,4817A6B38
3925,7,8096474
3926,11,3A45B627195
3927,3,099
3928,12,9B06451A2780
3929,6,14A288
3930,5,80494
3931,3,8A8
3932,5,A352A
3933,5,05B15
3934,4,1499
3935,8,8512A363
3936,7,24591B1
3937,10,291B8756AA
3938,3,155
3939,5,37822
3940,4,14AA
3941,9,059BA4865
3942,8,2AB7405A
3943,3,929
3944,8,5A9B4788
3945,3,454
3946,7,16A0488
3947,9,A20378652
3948,7,1708230
3949,2,44
3950,8,4195B071
3951,5,68399
3952,11,871B5362040
3953,6,049169
3954,8,341295A9
3955,5,17037
3956,6,B9A03B
3957,4,9359
3958,7,69B81A1
3959,9,A14098721
3960,4,3A2A
3961,8,01789533
3962,5,25343
3963,4,0311
3964,7,9516404
3965,7,6502170
3966,9,5AB120877
3967,10,60A3841973
3968,8,342A5613
3969,4,0515
3970,5,A4B6B
3971,3,288
3972,7,714B3A3
3973,6,473151
3974,5,B8199
3975,4,7633
3976,6,819565
3977,8,9A356212
3978,8,B984176B
3979,5,23963
3980,3,454
3981,4,17BB
3982,7,8510466
3983,6,285A02
3984,8,6870A454
3985,5,65476
3986,6,1BA25A
3987,9,2B136A79B
3988,5,19061
3989,2,66
3990,7,56B97A7
3991,3,722
3992,6,384014
3993,8,7A91235A
3994,3,588
3995,3,121
3996,7,0A98B6B
3997,4,5911
3998,6,0B8798
3999,8,14B08624
4000,6,164585
4001,4,B161
4002,4,1099
4003,10,5176B8A238
4004,10,6875324197
4005,10,24A9635712
4006,9,A3857169A
4007,7,2864717
4008,3,898
4009,9,7A5842902
4010,7,8639155
4011,5,A9739
4012,6,931B49
4013,7,3847595
4014,9,80167B2A6
4015,5,26010
4016,6,9A5818
4017,7,0B45274
4018,9,B75A09827
4019,4,5985
4020,7,7890528
4021,4,7A5A
4022,8,0A49B754
4023,8,0B365423
4024,5,71031
4025,6,147A2A
4026,3,191
4027,4,39A3
4028,5,67A16
4029,7,9B6574B
4030,5,85B35
4031,6,984606
4032,7,2789BA2
4033,6,13B691
4034,7,A3716B6
4035,9,7A8013266
4036,7,4069324
4037,5,B124B
4038,7,7023463
4039,9,A68207346
4040,8,59B2A815
4041,5,49724
4042,8,A4906588
4043,8,30459686
4044,8,3896A2B2
4045,8,8B460A5B
4046,8,B3127A42
4047,8,1832B508
4048,7,0956B26
4049,6,9B7527
4050,7,207A682
4051,3,7AA
4052,7,14368AA
4053,7,13A8400
4054,6,A32144
4055,10,6A089275B9
4056,3,199
4057,6,3B0878
4058,7,7B48204
4059,8,BA637456
4060,6,693146
4061,8,78195325
4062,6,729A1A
4063,9,301BA9581
4064,5,567B6
4065,6,8132A3
4066,5,29169
4067,4,6988
4068,8,3A452713
4069,6,1B3783
4070,6,2AB474
4071,6,415695
4072,2,99
4073,6,A68438
4074,9,7201A8561
4075,5,74514
4076,3,411
4077,8,468975A8
4078,12,A792541386BB
4079,7,4308513
4080,6,621A96
4081,9,617B09A26
4082,6,715B85
4083,7,B951A88
4084,7,74680B4
4085,4,06B0
4086,7,AB02411
4087,6,7A92BB
4088,10,746A5B039A
4089,6,A96757
4090,12,15AB20496377
4091,4,0380
4092,9,132B74099
4093,8,078A1299
4094,8,41B0A761
4095,8,3B624852
4096,10,4B67152833
4097,11,24937601AB4
4098,7,8459725
4099,8,A803174A
4100,7,592B636
4101,6,7AB252
4102,11,89B735A1208
4103,2,00
4104,5,987B7
4105,6,61B050
4106,10,98105347BB
4107,9,B049A5830
4108,4,2080
4109,10,A95714B201
4110,8,B0241656
4111,5,905B0
4112,4,6A0A
4113,5,41ABA
4114,5,85494
4115,2,77
4116,6,620546
4117,7,1A82358
4118,9,183746A93
4119,3,B2B
4120,5,596A5
4121,7,9482BA4
4122,3,044
4123,5,574BB
4124,6,281300
4125,8,A671B929
4126,6,801AB8
4127,7,823B1A1
4128,7,63B5286
4129,6,A8975A
4130,9,A19B60544
4131,10,14A2507686
4132,6,9BA24B
4133,12,46219A57B833
4134,5,385A3
4135,5,89319
4136,5,94066
4137,6,761404
4138,8,B79438A7
4139,8,143089A9
4140,7,B6587A5
4141,8,B864079B
4142,5,6B488
4143,5,072A0
4144,5,02B40
4145,10,08B7956A10
4146,6,B95A75
4147,6,3970BB
4148,5,12A32
4149,6,7160A1
4150,9,204B68134
4151,8,2B160940
4152,9,276513944
4153,11,9576A1B3246
4154,6,9184A8
4155,8,390B7A20
4156,5,B9177
4157,6,B83A6B
4158,6,745900
4159,8,870524A8
4160,6,267032
4161,3,121
4162,6,B43988
4163,8,8B3A6126
4164,8,69248A78
4165,5,2B090
4166,8,27109341
4167,12,1693278B40A9
4168,4,9141
4169,5,02959
4170,3,922
4171,3,588
4172,7,26A7397
4173,7,6150796
4174,11,5942A6B7089
4175,8,B320A595
4176,7,5B27137
4177,5,51835
4178,4,2B77
4179,10,40BA82653B
4180,4,78A7
4181,5,61956
4182,3,300
4183,5,678B7
4184,6,12AB33
4185,10,A169805738
4186,7,B0684A6
4187,5,24A7A
4188,9,B607A9136
4189,2,99
4190,5,53B11
4191,7,B064151
4192,5,56411
4193,6,35A797
4194,7,8256396
4195,3,A1A
4196,5,72838
4197,5,3B073
4198,3,010
4199,8,5A698B46
4200,3,717
4201,6,723A12
4202,8,A9760486
4203,4,3A1A
4204,6,097589
4205,7,39A1202
4206,10,8640125A38
4207,6,329B42
4208,7,8065BA5
4209,5,0A166
4210,5,A2077
4211,8,43065983
4212,2,66
4213,4,2A55
4214,4,9A89
4215,4,1499
4216,4,AB77
4217,6,42A062
4218,7,823A4B8
4219,7,0A59411
4220,4,A699
4221,5,2B171
4222,2,55
4223,8,A6381B46
4224,4,9A55
4225,8,70648A54
4226,8,497A60B0
4227,6,9A6B3B
4228,3,900
4229,5,457BB
4230,8,8174B96B
4231,7,8A04733
4232,4,1595
4233,9,54723A066
4234,2,99
4235,3,0AA
4236,7,5109A49
4237,7,02A4B33
4238,4,6818
4239,9,607A91B80
4240,5,93569
4241,5,B708B
4242,5,13477
4243,5,05210
4244,6,257B65
4245,2,22
4246,3,677
4247,6,0491B4
4248,10,50A729B469
4249,6,25A700
4250,3,B3B
4251,4,0B6B
4252,10,B9018A7568
4253,6,0BA68B
4254,7,0BA8959
4255,7,47239B2
4256,5,B4611
4257,10,295607BA46
4258,4,7867
4259,8,A3569077
4260,5,23080
4261,4,5805
4262,6,398ABA
4263,8,8250B492
4264,4,B39B
4265,4,7457
4266,7,A47658A
4267,7,850B96B
4268,4,0BAA
4269,2,88
4270,5,41AB4
4271,6,A13600
4272,9,07A21B949
4273,4,82B2
4274,8,9B01A640
4275,8,248B315B
4276,6,A821B8
4277,8,A5279B1B
4278,3,ABB
4279,9,097A3B16A
4280,11,6245B817A9B
4281,9,6925A8149
4282,7,10B849B
4283,7,3B12A53
4284,7,B791281
4285,7,1725931
4286,9,5861029B5
4287,3,B66
4288,7,5376493
4289,9,062B39511
4290,2,99
4291,3,466
4292,7,9B301A3
4293,3,080
4294,3,727
4295,9,874293102
4296,6,175201
4297,4,AB6A
4298,3,7BB
4299,7,4958101
4300,2,22
4301,9,867A15B96
4302,5,0A622
4303,5,19379
4304,6,243A55
4305,4,9149
4306,7,710A4B1
4307,4,7161
4308,12,48925170AB68
4309,4,3988
4310,6,319272
4311,3,588
4312,7,64B853B
4313,8,48A36198
4314,6,051921
4315,9,7A3298169
4316,7,1987A57
4317,7,42B091B
4318,2,66
4319,12,7954B83A0129
4320,6,216082
4321,8,0B684534
4322,5,B9878
4323,5,02572
4324,9,915874200
4325,10,6A32170456
4326,5,498A4
4327,6,A580BB
4328,4,2677
4329,6,478518
4330,5,3B023
4331,7,189A60A
4332,5,846B6
4333,12,B9816532A076
4334,5,31244
4335,12,2457680319B4
4336,6,125792
4337,6,36B926
4338,6,5924B2
4339,4,35AA
4340,8,4BA83922
4341,4,0655
4342,5,347B3
4343,11,47015B9623B
4344,3,0AA
4345,6,4526A5
4346,8,95014B3B
4347,9,A5194B633
4348,8,61029B44
4349,9,985371600
4350,6,3A697A
4351,5,864A6
4352,2,88
4353,5,9AB79
4354,5,846B8
4355,11,2530B469188
4356,6,604575
4357,6,8A5265
4358,9,0956BA175
4359,7,6B278A2
4360,5,8A70A
4361,4,9388
4362,4,82A2
4363,6,A47599
4364,7,564A91A
4365,5,1B788
4366,6,9612A2
4367,6,526346
4368,5,167A6
4369,9,817A62497
4370,2,88
4371,5,927B9
4372,7,9754325
4373,4,A959
4374,5,20636
4375,5,2B97B
4376,2,22
4377,6,2A159A
4378,5,82402
4379,7,B73529B
4380,5,082A2
4381,11,549031A8678
4382,4,1581
4383,7,6B91436
4384,5,12797
4385,4,0277
4386,8,5B397249
4387,9,7A5B12061
4388,11,60234A7B989
4389,2,22
4390,6,9B1060
4391,5,98722
4392,4,6575
4393,2,55
4394,7,36A2956
4395,6,1082B8
4396,4,4514
4397,4,98B9
4398,6,A13755
4399,4,7987
4400,5,51831
4401,8,7942B689
4402,2,99
4403,6,063878
4404,8,04B18599
4405,4,4877
4406,9,B05972812
4407,6,A79166
4408,9,8A376492A
4409,10,4710863958
4410,11,290647B83A7
4411,8,B3714294
4412,5,0A744
4413,5,78B67
4414,3,B5B
4415,5,35265
4416,6,A39673
4417,4,7657
4418,9,573A6B286
4419,3,A44
4420,5,4A30A
4421,9,7046B32A2
4422,4,B0A0
4423,9,2318659A8
4424,4,9B09
4425,10,4B68059373
4426,8,697B3A2B
4427,5,439B4
4428,2,44
4429,4,0646
4430,7,1697B59
4431,3,252
4432,8,2B014533
4433,7,5860948
4434,6,AB3454
4435,6,9365B9
4436,4,3848
4437,5,17B27
4438,6,96B2AA
4439,3,344
4440,5,32483
4441,12,148B326A9052
4442,8,24189734
4443,6,185262
4444,6,274A0A
4445,5,79A39
4446,5,A5125
4447,7,795AB00
4448,8,B813A525
4449,5,B541B
4450,8,180A2755
4451,3,733
4452,10,038B5A961B
4453,7,4B96814
4454,6,803690
4455,5,29A69
4456,4,3797
4457,7,B762155
4458,9,B0352A810
4459,7,7359217
4460,2,55
4461,7,8923151
4462,4,A5BB
4463,7,0B8A15B
4464,3,1A1
4465,3,7B7
4466,6,A27B88
4467,5,B1979
4468,7,A803760
4469,6,920535
4470,6,056373
4471,6,A25377
4472,9,67843BA2A
4473,4,90AA
4474,4,BA4B
4475,3,711
4476,7,1A5427A
4477,5,10A8A
4478,6,27A657
4479,4,B100
4480,3,B4B
4481,4,2833
4482,8,B04875A8
4483,6,08B270
4484,8,A408571A
4485,7,9A4683A
4486,8,13860577
4487,6,20A35A
4488,6,654233
4489,8,81702A3A
4490,8,0819B6A9
4491,4,8090
4492,7,8247B08
4493,8,A6245030
4494,6,BA129A
4495,6,493024
4496,6,763016
4497,6,4B7121
4498,9,9042A6572
4499,6,9A8266
4500,2,22
4501,8,40B62710
4502,7,63014B3
4503,5,86A9A
4504,3,2BB
4505,9,A60324B74
4506,6,0A6355
4507,5,7BA07
4508,10,28379B5644
4509,5,265A2
4510,9,A75641094
4511,6,172902
4512,6,931A77
4513,8,367B8098
4514,3,266
4515,7,250B395
4516,9,4026B3874
4517,10,6B82170936
4518,6,7B4A27
4519,8,A298153A
4520,6,083593
4521,8,67859233
4522,3,A22
4523,7,A2B4362
4524,4,B787
4525,7,1B5732B
4526,6,8B6358
4527,8,38957A63
4528,8,A5278B15
4529,9,537B26043
4530,7,28B9A44
4531,10,B59A201870
4532,5,31B83
4533,8,13564A94
4534,5,3B454
4535,3,969
4536,4,06B0
4537,8,9041B363
4538,7,B279569
4539,10,02463AB984
4540,7,B795232
4541,7,A362B0A
4542,7,B95643B
4543,6,057B2B
4544,8,B2378968
4545,6,A18622
4546,10,4190A7B860
4547,8,90A68458
4548,5,AB35A
4549,4,9377
4550,6,603270
4551,6,2A3582
4552,7,31A0520
4553,4,8757
4554,3,355
4555,9,9041AB78A
4556,10,673012A951
4557,5,0B41B
4558,4,6346
4559,8,78B4A954
4560,12,271A83B5046A
4561,2,66
4562,6,851A05
4563,7,721BA57
4564,12,1B4509378A24
4565,7,1397401
4566,6,280611
4567,6,619789
4568,6,789149
4569,8,BA34587A
4570,3,311
4571,7,5094165
4572,5,8B538
4573,7,0819729
4574,3,050
4575,5,8B323
4576,9,3810AB272
4577,11,69A74302516
4578,5,14901
4579,3,B5B
4580,10,21405873B1
4581,5,49676
4582,7,2751644
4583,4,1600
4584,10,2B65390A77
4585,5,B9808
4586,5,685A6
4587,8,82B49369
4588,3,737
4589,5,874A8
4590,7,6B40276
4591,4,9535
4592,9,416A5B024
4593,12,05A68731B943
4594,10,506A943B29
4595,6,3A762A
4596,12,068521A7B343
4597,5,AB63A
4598,8,24B01A84
4599,7,31A29B3
4600,5,A2088
4601,6,190659
4602,6,8647B6
4603,4,7080
4604,7,48207A0
4605,6,9B4274
4606,2,66
4607,2,55
4608,5,63BAA
4609,10,B147A5608B
4610,10,9A832B4755
4611,7,07586A5
4612,8,A5791488
4613,4,B088
4614,4,65BB
4615,7,A815745
4616,9,97A413B04
4617,6,B2810B
4618,5,7A297
4619,6,038B90
4620,8,72548B34
4621,3,4A4
4622,5,80420
4623,7,8932A4A
4624,3,833
4625,7,3461080
4626,6,207911
4627,5,324BB
4628,5,204B2
4629,4,2744
4630,8,1A068B91
4631,4,0949
4632,5,931A3
4633,8,A906B270
4634,10,14875B9A2B
4635,7,7450620
4636,3,414
4637,3,899
4638,4,60B0
4639,4,23BB
4640,7,1A98021
4641,8,6B845131
4642,2,55
4643,9,B57360A10
4644,4,9166
4645,7,2590375
4646,6,38B6AB
4647,8,1A8B5621
4648,7,02A78B0
4649,3,969
4650,9,B46172036
4651,9,643178508
4652,6,683796
4653,6,B713A3
4654,4,B454
4655,10,739106A8B1
4656,4,6828
4657,7,A369B56
4658,7,752A915
4659,4,2562
4660,8,A4598212
4661,3,577
4662,5,07857
4663,9,0758B6435
4664,9,4265A9704
4665,6,8A3423
4666,7,6B407AB
4667,4,B949
4668,10,54B1689034
4669,9,5B269A809
4670,8,B58A4066
4671,8,3B750A87
4672,9,8947051B8
4673,7,B659315
4674,7,96041B4
4675,7,25A4164
4676,12,2041976A3B84
4677,9,A2697534A
4678,7,9063A40
4679,10,B9467381A3
4680,7,B41A27A
4681,4,3B1B
4682,6,B3579B
4683,8,91B45824
4684,4,83A8
4685,2,33
4686,2,BB
4687,8,76051846
4688,4,1641
4689,10,4687A3B298
4690,10,796415A205
4691,7,4579A05
4692,4,5725
4693,6,A15833
4694,7,B936A06
4695,8,960A7356
4696,3,B55
4697,6,23A082
4698,5,98655
4699,8,617A4535
4700,4,1651
4701,5,B1292
4702,7,75068A8
4703,9,30A864B5B
4704,4,5135
4705,7,0B13850
4706,7,61584A1
4707,4,8498
4708,6,0A43B0
4709,5,93A22
4710,6,280130
4711,7,52403A5
4712,6,3B4153
4713,5,7A597
4714,6,2A78BA
4715,6,196242
4716,6,715833
4717,5,B7A4B
4718,9,503A14764
4719,8,35A90629
4720,6,9740BB
4721,4,A36A
4722,5,10B81
4723,10,293B051843
4724,7,02B3913
4725,4,4264
4726,7,B972600
4727,11,18294B7A652
4728,4,B84B
4729,7,1B27837
4730,7,70B2390
4731,6,7824B4
4732,7,8539A23
4733,7,A7065B5
4734,3,383
4735,5,103AA
4736,8,7B861595
4737,9,9A4267384
4738,5,1A525
4739,4,68B6
4740,7,A520366
4741,8,08591268
4742,6,A41B0A
4743,6,1BA833
4744,11,B29138746A6
4745,10,20518A9340
4746,8,534A706A
4747,4,4171
4748,3,191
4749,3,9A9
4750,7,82A41B8
4751,10,9A6B345824
4752,8,6789A4BB
4753,5,25900
4754,3,677
4755,8,6A125989
4756,10,80A56B413B
4757,3,B44
4758,5,76B00
4759,4,B422
4760,6,95A6BB
4761,7,8B72652
4762,3,099
4763,5,B1851
4764,5,32403
4765,6,16B796
4766,4,1B71
4767,6,296A19
4768,6,9815AA
4769,6,A5B145
4770,4,A933
4771,6,389600
4772,2,44
4773,5,65B3B
4774,6,A62856
4775,8,0172A837
4776,6,70AB5A
4777,6,A29709
4778,8,A3296177
4779,5,93153
4780,6,638A03
4781,6,B28545
4782,8,2B640711
4783,11,5301A8B2944
4784,3,455
4785,5,706AA
4786,10,543A60978A
4787,4,1BA1
4788,8,9B043589
4789,11,B5729A84107
4790,3,797
4791,8,87A1B258
4792,6,B2930B
4793,5,53605
4794,7,71029B7
4795,5,7A96A
4796,7,6952A12
4797,4,8648
4798,7,B67A356
4799,10,2957640B39
4800,6,490364
4801,5,B2799
4802,10,4580269B12
4803,6,236040
4804,4,0630
4805,10,4B056A9826
4806,5,4B838
4807,7,59A301A
4808,5,1A696
4809,4,0980
4810,4,7967
4811,4,7255
4812,4,8468
4813,8,A3B1598B
4814,8,603821A1
4815,3,585
4816,7,7209A3A
4817,4,5099
4818,6,513471
4819,7,45B7322
4820,5,5B215
4821,4,AB2A
4822,5,6A585
4823,11,2B15860A971
4824,6,183044
4825,6,91A424
4826,4,7617
4827,7,4189324
4828,10,96A71480B1
4829,3,488
4830,5,1A747
4831,8,0B48A798
4832,8,7362B8AB
4833,7,B584298
4834,9,347A09B67
4835,9,3B7861A48
4836,9,8A012B961
4837,5,5B46B
4838,8,35182702
4839,6,7B0199
4840,6,034153
4841,8,38AB6248
4842,2,33
4843,5,51721
4844,8,83670123
4845,6,5B3A45
4846,2,22
4847,10,17230A5493
4848,9,86492A50A
4849,6,286532
4850,7,073A6B0
4851,5,43853
4852,3,099
4853,8,572068A5
4854,11,5BA63182943
4855,4,4A64
4856,7,2A71B55
4857,9,0579124A4
4858,7,86523B8
4859,7,6982549
4860,6,2B5434
4861,6,04B850
4862,7,61B7343
4863,5,69A56
4864,5,32453
4865,7,6704384
4866,8,7B935069
4867,10,68504B127B
4868,6,8A509A
4869,6,0AB91B
4870,7,9876126
4871,4,2411
4872,7,B671A22
4873,6,584200
4874,7,3154873
4875,9,60374A5B3
4876,9,49B653700
4877,2,BB
4878,4,9070
4879,6,2B1482
4880,6,978057
4881,10,429B0A1633
4882,8,1A358272
4883,9,86A571090
4884,5,47626
4885,7,A28B94B
4886,9,5A824B799
4887,11,92781AB3467
4888,6,B86A46
4889,7,54387B4
4890,3,B4B
4891,8,2AB67542
4892,4,4676
4893,7,AB8034B
4894,6,725866
4895,9,4A6183058
4896,7,B127361
4897,9,BA932415A
4898,10,095B7381A3
4899,9,1B46937A9
4900,6,5342B4
4901,4,1B8B
4902,3,8B8
4903,6,521945
4904,7,7932609
4905,2,00
4906,9,389B47618
4907,4,13BB
4908,8,96012A55
4909,2,88
4910,4,2A52
4911,3,414
4912,4,2A5A
4913,4,7313
4914,9,529B176A9
4915,4,3747
4916,4,A43A
4917,4,9828
4918,11,01572946380
4919,5,90A4A
4920,7,A401766
4921,7,95A3843
4922,7,56B04A4
4923,8,B4A5306A
4924,5,21752
4925,5,B6373
4926,2,55
4927,9,586A09479
4928,6,3507BB
4929,8,23590B13
4930,7,3852965
4931,8,892B3452
4932,10,9453A70B13
4933,6,46A50A
4934,11,87253104B97
4935,3,A1A
4936,9,1A9524031
4937,2,44
4938,7,672A837
4939,8,A3624800
4940,4,5343
4941,5,93644
4942,5,54868
4943,7,9672812
4944,7,5A12902
4945,6,09B1AA
4946,6,41B636
4947,3,454
4948,6,A01641
4949,5,57105
4950,7,734A955
4951,5,534A3
4952,2,33
4953,5,75833
4954,6,417535
4955,7,2749804
4956,6,612A00
4957,3,166
4958,10,78A1B62358
4959,7,9816429
4960,5,30588
4961,4,3477
4962,9,759420A14
4963,9,5829301A1
4964,8,406BA82A
4965,6,217537
4966,4,A28A
4967,5,4B515
4968,8,710A8968
4969,3,A3A
4970,3,343
4971,8,3548A6B5
4972,9,47108A528
4973,3,2A2
4974,4,7A99
4975,7,71059B5
4976,4,7800
4977,7,B826505
4978,2,66
4979,7,39716B7
4980,7,1B84378
4981,7,62815B5
4982,8,B896A746
4983,8,12B65085
4984,9,1B269A388
4985,4,16AA
4986,7,246A80A
4987,8,1B9876A1
4988,5,A1B61
4989,4,4377
4990,5,29082
4991,8,84590262
4992,6,052145
4993,9,1B45A3804
4994,9,B59A10422
4995,9,5634081A5
4996,7,B569747
4997,6,153A00
4998,5,64036
4999,3,744
5000,6,975825
5001,6,BA1433
5002,8,3649B783
5003,7,1652A06
5004,9,9B3615243
5005,3,030
5006,6,3874BB
5007,7,47026A7
5008,12,976514A382B5
5009,8,21486098
5010,8,489356B4
5011,10,6219845077
5012,9,7B493A21B
5013,5,A90B0
5014,8,6A0123B1
5015,11,4B8A6150236
5016,3,343
5017,7,8B49A34
5018,10,91685B0720
5019,12,13586B7A9403
5020,10,690B8A5346
5021,6,137255
5022,2,00
5023,2,22
5024,10,102A738498
5025,8,76B4A838
5026,6,B13051
5027,6,9B4288
5028,9,1952B7A42
5029,4,3707
5030,4,36BB
5031,6,B07360
5032,4,B1AA
5033,4,1B44
5034,6,9B5629
5035,5,86AB6
5036,10,48B567A137
5037,5,B0911
5038,9,173604B9B
5039,8,41A25935
5040,6,94A714
5041,5,5A93A
5042,6,169046
5043,8,761839BB
5044,7,3B028AA
5045,6,A25433
5046,11,2A70B463194
5047,2,11
5048,8,609A7343
5049,10,07AB859648
5050,5,82568
5051,4,6988
5052,9,6592B4036
5053,3,599
5054,7,A926059
5055,7,581B969
5056,4,A799
5057,8,06134A83
5058,9,B39728468
5059,11,B4732906151
5060,5,7A844
5061,5,8A548
5062,6,B57427
5063,4,40B0
5064,5,30743
5065,5,B6156
5066,11,70B83596A2A
5067,5,3B499
5068,5,A78B7
5069,8,9258BA02
5070,8,5732B182
5071,7,A752087
5072,7,4B7891B
5073,6,814094
5074,7,A581645
5075,7,BA52797
5076,4,2696
5077,7,87159A8
5078,5,A9269
5079,7,B6A4050
5080,2,99
5081,9,986071438
5082,12,3A2B67185091
5083,5,A6474
5084,5,210AA
5085,2,88
5086,3,322
5087,7,93016B1
5088,6,6A1056
5089,8,0A67B437
5090,9,5283971A9
5091,7,7458393
5092,6,290749
5093,11,A75284B1062
5094,3,622
5095,10,B850496376
5096,2,66
5097,3,A33
5098,8,57263103
5099,5,63A56
5100,6,914707
5101,4,9209
5102,4,02AA
5103,8,807B6545
5104,7,8561A28
5105,8,78291A51
5106,3,3BB
5107,7,1476898
5108,3,B8B
5109,4,2B6B
5110,4,92AA
5111,7,1A20672
5112,7,2409A82
5113,3,505
5114,7,89275B9
5115,9,78B2A0512
5116,4,0939
5117,7,B308455
5118,6,8A3577
5119,4,B393
5120,6,72B032
5121,5,87307
5122,8,24380A92
5123,7,069AB29
5124,6,2A8B1B
5125,2,66
5126,8,B5281042
5127,8,19675439
5128,7,A325902
5129,2,55
5130,4,7047
5131,6,09B25B
5132,7,B794039
5133,4,8358
5134,7,9B374AA
5135,10,9830BA5144
5136,7,4A37617
5137,8,96BA521A
5138,4,2302
5139,5,2B977
5140,5,86979
5141,6,524865
5142,9,76A1849B7
5143,4,3797
5144,2,00
5145,9,8B301A563
5146,2,99
5147,5,73B5B
5148,7,0BA5181
5149,11,1034278B969
5150,10,023478B150
5151,5,52733
5152,6,A498B9
5153,10,1AB258370B
5154,7,0935244
5155,4,2030
5156,7,B014364
5157,2,33
5158,5,065B6
5159,3,866
5160,5,31B9B
5161,10,9B128543A1
5162,3,B66
5163,4,74BB
5164,5,7A199
5165,6,B73060
5166,4,0455
5167,4,6306
5168,5,547AA
5169,4,0848
5170,9,759043610
5171,6,647199
5172,8,2B890670
5173,6,9AB32B
5174,7,3087266
5175,3,707
5176,8,547601A5
5177,8,63A40720
5178,7,06B2150
5179,4,2494
5180,6,916737
5181,4,8B22
5182,8,186B9A28
5183,7,B602141
5184,8,6A2B4599
5185,6,A49202
5186,7,532A48A
5187,7,097AB6B
5188,5,2B939
5189,5,8A955
5190,6,806410
5191,7,3894608
5192,11,1A370248653
5193,6,47B3A3
5194,9,254A6B106
5195,3,166
5196,4,3623
5197,7,B059825
5198,4,5211
5199,2,33
5200,4,BA7B
5201,4,5A00
5202,7,417BA0B
5203,2,55
5204,4,0160
5205,3,292
5206,8,95B247A5
5207,8,6AB70586
5208,8,6A08259A
5209,5,19A55
5210,8,B0925A12
5211,8,A710B566
5212,7,1B96321
5213,5,7A433
5214,5,AB060
5215,8,783A1B58
5216,5,B0210
5217,8,65832711
5218,3,1AA
5219,5,7B600
5220,8,90A23659
5221,7,A5B3893
5222,5,19BAB
5223,5,17567
5224,5,14ABA
5225,9,B90513745
5226,5,B957B
5227,6,154821
5228,3,595
5229,5,7A011
5230,4,2472
5231,2,55
5232,7,53A6707
5233,5,31B03
5234,6,0A29B0
5235,4,68A8
5236,8,87491069
5237,7,5904A20
5238,8,A951476A
5239,7,18450A1
5240,2,AA
5241,6,3B5477
5242,6,571030
5243,6,0B4A14
5244,9,9347A8018
5245,5,B64AB
5246,7,924A754
5247,7,067A836
5248,5,20572
5249,4,2077
5250,10,79B01364AA
5251,8,13BA8901
5252,7,6AB710A
5253,9,A07B64584
5254,6,B83022
5255,5,51434
5256,4,68B6
5257,8,63A19879
5258,3,255
5259,9,A95762B33
5260,5,70A80
5261,3,B0B
5262,6,B17565
5263,8,098A7535
5264,5,7B288
5265,7,1536705
5266,6,563177
5267,6,B3A855
5268,6,548638
5269,6,590388
5270,6,B85948
5271,4,3513
5272,10,8A74903518
5273,5,18300
5274,6,A46196
5275,6,0836B0
5276,5,7B387
5277,5,21B02
5278,3,606
5279,4,B844
5280,5,25735
5281,10,650489BA29
5282,4,BA5A
5283,4,8B58
5284,6,872099
5285,6,725A99
5286,6,B24062
5287,5,81757
5288,5,27362
5289,7,86A947A
5290,11,82145076B96
5291,7,5163486
5292,8,12054680
5293,9,9364807A4
5294,4,B099
5295,6,70AB9B
5296,9,60B1A7937
5297,4,A81A
5298,3,133
5299,4,95B9
5300,10,580B7396A9
5301,2,00
5302,7,9370ABB
5303,7,5867133
5304,5,138A8
5305,4,2642
5306,8,087153A8
5307,5,97219
5308,4,4200
5309,10,01725A3967
5310,8,60B12750
5311,3,900
5312,5,04930
5313,5,83B28
5314,11,8B74165A03A
5315,6,1A2851
5316,5,B0640
5317,4,82A8
5318,8,583B7A11
5319,10,7A5432B18A
5320,9,49A801B79
5321,11,876143520A6
5322,9,54BA12691
5323,6,321682
5324,4,8202
5325,3,811
5326,8,AB805299
5327,9,67B921A4B
5328,7,94A2611
5329,5,76807
5330,3,811
5331,7,9472A17
5332,9,B83140594
5333,7,3715299
5334,7,1209646
5335,4,9B39
5336,8,B7298352
5337,7,1208740
5338,5,73866
5339,4,2811
5340,8,8B39A01B
5341,5,A9766
5342,11,057981243B0
5343,10,9A28B73545
5344,3,4B4
5345,7,B287047
5346,4,2A7A
5347,4,3244
5348,9,28901B3A0
5349,9,6879524B7
5350,5,75866
5351,4,4604
5352,11,731920B86A0
5353,4,9459
5354,7,4162B8B
5355,7,251A091
5356,7,9A6038A
5357,5,08340
5358,5,34973
5359,9,16092A737
5360,9,2AB476588
5361,6,5A7909
5362,4,4515
5363,6,436B99
5364,4,7A3A
5365,2,88
5366,4,2055
5367,6,1965B6
5368,2,BB
5369,8,1856A021
5370,7,31B8277
5371,6,539822
5372,8,7814B50B
5373,5,42B32
5374,6,921651
5375,3,B99
5376,7,6432B53
5377,6,756396
5378,3,646
5379,8,867935A3
5380,9,9A3758403
5381,3,233
5382,7,134A80A
5383,7,241A76A
5384,6,9A4174
5385,3,101
5386,11,9014B836A26
5387,5,B540B
5388,4,B393
5389,6,19BA21
5390,12,5B064287A933
5391,7,3917866
5392,5,8A098
5393,8,A3128B43
5394,4,1080
5395,8,21837098
5396,4,7212
5397,6,8591B5
5398,9,34B6A2077
5399,9,5B79261AA
5400,5,01480
5401,3,711
5402,3,828
5403,8,74938654
5404,5,A0969
5405,8,8B263A52
5406,6,B3946B
5407,11,4097528B615
5408,10,30A1264854
5409,8,B358A27A
5410,7,85B4030
5411,7,B925715
5412,6,504120
5413,10,A8041562BB
5414,5,587B5
5415,8,71496A81
5416,4,A868
5417,6,2B9832
5418,6,0B72A2
5419,5,60499
5420,9,946835B7B
5421,3,233
5422,5,541B5
5423,9,098314AB8
5424,8,53871097
5425,5,59809
5426,4,51AA
5427,7,A68493A
5428,10,B63785A428
5429,10,9635124A77
5430,9,BA0674811
5431,6,2A815A
5432,7,8103A23
5433,7,3B49529
5434,8,A780B49A
5435,6,78BA38
5436,5,84B5B
5437,9,98A62104A
5438,6,4A96BB
5439,4,6A88
5440,4,7257
5441,6,24B03B
5442,6,105385
5443,4,7B33
5444,4,0690
5445,5,2B767
5446,3,323
5447,2,77
5448,5,62A12
5449,3,686
5450,6,65B121
5451,8,A153907A
5452,7,05B26AA
5453,6,10B52B
5454,6,906484
5455,4,50A5
5456,3,577
5457,6,87A400
5458,5,83455
5459,9,721954A33
5460,8,7850A260
5461,2,00
5462,6,952069
5463,4,3B4B
5464,9,48B7012A2
5465,2,11
5466,3,266
5467,4,A69A
5468,3,611
5469,3,A88
5470,5,61741
5471,6,854363
5472,5,32862
5473,3,1AA
5474,8,21650B42
5475,8,29A3764A
5476,8,012B3969
5477,6,39A61A
5478,4,4766
5479,7,7A094B4
5480,5,05636
5481,2,66
5482,5,47B64
5483,8,604B1596
5484,6,A70417
5485,10,38B2A10644
5486,7,57A8900
5487,9,B30679A8A
5488,3,599
5489,10,48B3297519
5490,4,6BA6
5491,6,82BA7A
5492,5,50A2A
5493,9,75B6408A8
5494,11,01A79B43263
5495,7,9507411
5496,10,309AB45269
5497,5,76827
5498,11,4039A217B82
5499,6,A40515
5500,2,11
5501,3,060
5502,8,459826B8
5503,5,28602
5504,8,70834294
5505,2,AA
5506,6,98A1B1
5507,8,4127B95B
5508,2,BB
5509,5,1B266
5510,11,649158A0371
5511,6,83AB5B
5512,2,AA
5513,6,712090
5514,9,632180BA3
5515,3,A88
5516,6,032141
5517,7,74015B7
5518,5,A2952
5519,7,2097BAA
5520,3,900
5521,2,11
5522,3,944
5523,9,5B20A1677
5524,3,033
5525,5,42A00
5526,3,6B6
5527,7,03A581A
5528,3,700
5529,4,8060
5530,7,A159609
5531,3,4A4
5532,9,3A812B502
5533,8,B2A5893A
5534,13,A6213B9578402
5535,11,4B2173A980A
5536,8,40193B23
5537,7,0489270
5538,7,7605280
5539,2,99
5540,10,52936071A9
5541,8,869B2476
5542,8,47652904
5543,2,77
5544,5,3A64A
5545,6,961B77
5546,4,8B5B
5547,3,699
5548,6,240864
5549,5,832A3
5550,7,021A474
5551,8,59A67433
5552,10,0A396751B1
5553,8,A5921601
5554,7,6A982B2
5555,8,246130B6
5556,8,78942154
5557,4,B313
5558,5,897B9
5559,4,4211
5560,2,99
5561,4,3565
5562,7,23986B3
5563,6,645A2A
5564,5,B4070
5565,7,1972A87
5566,3,088
5567,7,B75823B
5568,7,A8615B5
5569,6,792107
5570,2,77
5571,3,060
5572,5,01A60
5573,7,A371567
5574,5,56146
5575,6,891321
5576,3,131
5577,4,8299
5578,8,B5309685
5579,4,3BA3
5580,6,A72313
5581,4,9844
5582,5,30450
5583,3,4A4
5584,9,8B0421568
5585,3,121
5586,5,35423
5587,7,A036199
5588,5,35499
5589,10,5940836710
5590,3,033
5591,6,259782
5592,8,36A5B906
5593,4,7090
5594,5,0AB7A
5595,6,0864AA
5596,7,9238543
5597,6,048939
5598,4,04B0
5599,6,3782A8
5600,11,53B0842A611
5601,4,6A06
5602,7,34B6504
5603,5,46176
5604,6,604B16
5605,5,381A1
5606,5,4B784
5607,9,28A9057B8
5608,7,A56023A
5609,4,2070
5610,9,854371A66
5611,9,3481BA20B
5612,7,378B5A3
5613,4,7217
5614,2,99
5615,9,307951B81
5616,3,877
5617,7,213B5A1
5618,4,8628
5619,9,50824B968
5620,4,8598
5621,6,365025
5622,6,B78308
5623,10,2316A8B95A
5624,5,A3121
5625,5,65916
5626,6,879139
5627,6,0312B2
5628,8,69327500
5629,2,11
5630,8,109258A5
5631,3,944
5632,8,4219A707
5633,10,4B51962306
5634,12,04B918672353
5635,6,A182B2
5636,6,697136
5637,8,B4729A6B
5638,5,740AA
5639,9,96042B811
5640,7,5B32188
5641,2,77
5642,9,1B7062957
5643,9,172A460BB
5644,7,1654805
5645,5,8AB2A
5646,7,8A67207
5647,6,059739
5648,5,B9757
5649,3,A1A
5650,5,63043
5651,10,0145986373
5652,5,29545
5653,7,7A49814
5654,2,22
5655,4,27AA
5656,9,23A871B41
5657,9,93B4A8518
5658,3,7B7
5659,5,38103
5660,9,017423A63
5661,5,50375
5662,6,6A3505
5663,6,6248B2
5664,6,5A98BB
5665,7,B7682A2
5666,8,271B4961
5667,5,98232
5668,9,A4795B324
5669,10,580B6237A6
5670,5,13023
5671,5,B908B
5672,4,7656
5673,6,763454
5674,10,340B86A250
5675,5,816BB
5676,5,6A83A
5677,8,3428A5BB
5678,10,6A579B3046
5679,9,9418506B5
5680,8,35627B86
5681,4,2782
5682,6,A21B7A
5683,3,400
5684,3,766
5685,11,57826A41B91
5686,3,525
5687,6,81B35B
5688,4,B30B
5689,8,67B58498
5690,3,788
5691,9,204165980
5692,7,18B6408
5693,6,62B156
5694,4,3A55
5695,5,B6090
5696,4,7595
5697,3,988
5698,3,344
5699,4,3010
5700,6,741024
5701,4,3A11
5702,9,9A7136046
5703,10,5431960A84
5704,6,1372A3
5705,3,A0A
5706,3,797
5707,6,6BA08B
5708,5,24A32
5709,7,7360917
5710,9,213960872
5711,7,B837911
5712,9,5B41267A1
5713,4,7607
5714,8,71304A88
5715,10,024598A7B8
5716,8,274A1031
5717,3,636
5718,5,8B636
5719,10,A0B7462392
5720,4,3723
5721,9,957A063B0
5722,5,70488
5723,3,929
5724,6,1B256B
5725,5,27807
5726,9,B567A2497
5727,7,42A5062
5728,10,20391A4761
5729,5,0AB33
5730,8,045A9865
5731,6,B19321
5732,8,29BA0540
5733,7,2403799
5734,10,4680795B14
5735,8,79B5A606
5736,4,B949
5737,9,402A37989
5738,5,79181
5739,4,B242
5740,6,A75696
5741,9,863952B0B
5742,3,747
5743,2,AA
5744,7,5A19B0A
5745,4,0560
5746,9,621570A37
5747,6,61A87A
5748,10,8476B325AB
5749,3,477
5750,2,99
5751,5,87B55
5752,4,A799
5753,2,44
5754,6,30A793
5755,6,279BA7
5756,8,78640510
5757,3,2AA
5758,3,8A8
5759,3,292
5760,5,67233
5761,4,4533
5762,11,769B3405284
5763,7,6028377
5764,7,A1380B3
5765,3,700
5766,2,66
5767,6,A4B05A
5768,7,6A92404
5769,3,464
5770,3,933
5771,3,2AA
5772,10,93614AB803
5773,7,75A482A
5774,8,14329562
5775,6,40B2A0
5776,5,37858
5777,9,28946B074
5778,3,1BB
5779,4,7199
5780,6,390280
5781,7,B703A83
5782,3,355
5783,4,B49B
5784,8,8306B926
5785,9,86B2A0544
5786,8,A2413B53
5787,8,89201A78
5788,4,1A44
5789,6,529400
5790,8,62731A92
5791,6,2814A8
5792,7,51804B1
5793,9,A49531265
5794,13,607BA14583922
5795,6,63A153
5796,6,067BAB
5797,4,3611
5798,10,6257083199
5799,8,256B3A4A
5800,3,080
5801,9,835976020
5802,3,B5B
5803,8,7189A535
5804,2,44
5805,8,19A68B22
5806,9,385A67B05
5807,6,652B82
5808,9,64B712094
5809,7,283A642
5810,9,8540B3160
5811,6,354875
5812,6,B9A54A
5813,5,B7131
5814,12,B4735819A022
5815,4,4B11
5816,8,748103A0
5817,9,906871257
5818,3,595
5819,4,B53B
5820,4,4194
5821,4,25B5
5822,8,79A2B052
5823,3,BAB
5824,9,47081B234
5825,4,5945
5826,8,9B810737
5827,6,368A56
5828,8,16892051
5829,4,80A8
5830,5,05230
5831,4,6716
5832,10,76A05941B0
5833,9,961A43B59
5834,2,77
5835,7,71289A8
5836,8,51763241
5837,7,BA69329
5838,6,372897
5839,12,51236490B873
5840,3,828
5841,7,56B0188
5842,6,B6503B
5843,8,617204A2
5844,7,B89065B
5845,7,B4832A3
5846,4,B595
5847,10,A426395879
5848,3,799
5849,7,30B5A90
5850,5,96286
5851,6,938748
5852,3,B2B
5853,5,86200
5854,5,43854
5855,6,6978B8
5856,9,21B457099
5857,10,693A825B09
5858,4,AB9B
5859,7,5A784B7
5860,6,370611
5861,7,6015820
5862,2,44
5863,8,24170684
5864,7,2AB570A
5865,6,780A28
5866,11,1BA36980250
5867,3,595
5868,6,0B2A50
5869,9,50B284738
5870,8,47AB2632
5871,9,531240BAB
5872,7,8451278
5873,7,45728A8
5874,6,901B79
5875,9,21A487501
5876,6,936856
5877,9,49103A868
5878,4,6177
5879,9,5042967AA
5880,8,18729A4A
5881,11,A06934B7252
5882,6,41A37A
5883,6,A9218A
5884,9,2B7934069
5885,11,1AB73695249
5886,7,7592309
5887,8,106B325B
5888,4,9244
5889,5,50929
5890,10,6285A3194A
5891,6,764353
5892,7,0945864
5893,13,97480B5A61322
5894,3,A2A
5895,5,25862
5896,8,45A016B6
5897,6,972544
5898,7,1A60B44
5899,4,0252
5900,4,0A66
5901,5,4A90A
5902,6,514A64
5903,8,725A3962
5904,4,7467
5905,8,471056B7
5906,9,0BA74695B
5907,4,98B9
5908,7,4508B98
5909,4,B322
5910,7,5236B11
5911,11,43527B60899
5912,4,2832
5913,4,29AA
5914,7,A604870
5915,2,77
5916,5,76131
5917,8,B01A6351
5918,5,B2919
5919,7,16859B5
5920,6,A12988
5921,10,4B869A2739
5922,10,05A14B9689
5923,3,626
5924,8,285901B2
5925,6,BA2300
5926,6,92B682
5927,5,7B933
5928,6,324060
5929,7,61B9A51
5930,5,98168
5931,4,34A3
5932,2,22
5933,6,170484
5934,3,A1A
5935,8,A62B1373
5936,8,A8931751
5937,6,174527
5938,8,A530184A
5939,9,75890BA28
5940,9,B7812A46A
5941,2,77
5942,8,BA597388
5943,10,B902438674
5944,6,269484
5945,6,914B79
5946,5,B1631
5947,11,810632549B5
5948,8,B8A05615
5949,6,054824
5950,8,034B7966
5951,7,B158090
5952,5,3A797
5953,4,8919
5954,9,53780A969
5955,5,37257
5956,5,273A2
5957,9,B1798A544
5958,4,5B00
5959,6,B5A145
5960,6,2A764A
5961,8,35928178
5962,9,39AB47155
5963,6,713293
5964,4,B73B
5965,9,386A501BA
5966,7,1952BA1
5967,9,142A67902
5968,4,7B33
5969,3,242
5970,5,89B29
5971,12,431028956A71
5972,3,A11
5973,3,B88
5974,6,346A2A
5975,10,362501B790
5976,10,869B375213
5977,3,919
5978,5,61376
5979,6,490A79
5980,3,811
5981,5,4A59A
5982,7,3168B99
5983,7,0976216
5984,5,21942
5985,5,02ABB
5986,5,34766
5987,7,06A9286
5988,7,B803797
5989,10,951AB8347B
5990,9,870264156
5991,10,43068B5925
5992,8,824305A0
5993,8,3452B792
5994,3,B5B
5995,10,B953174A6B
5996,4,1676
5997,9,B06493213
5998,11,0571342B965
5999,4,6086
6000,6,701A44
6001,4,2A4A
6002,5,958A5
6003,4,8717
6004,8,52678047
6005,3,811
6006,7,10B2942
6007,3,505
6008,5,23B00
6009,6,693A55
6010,8,924631BB
6011,2,44
6012,8,8AB95121
6013,5,517A5
6014,6,702592
6015,5,82962
6016,9,1A6029B5B
6017,8,6A3B4919
6018,8,9A5137B7
6019,5,05977
6020,8,037A4B9A
6021,3,393
6022,4,4300
6023,3,577
6024,8,68173055
6025,5,A7037
6026,8,67B08356
6027,2,11
6028,7,09865B5
6029,4,A933
6030,9,432A8B903
6031,7,27AB052
6032,3,155
6033,7,A23B172
6034,4,A202
6035,6,610242
6036,7,95A73B7
6037,10,853A9124B4
6038,8,A3128768
6039,6,A15421
6040,4,A1B1
6041,7,A392B49
6042,11,5BA79082464
6043,5,49033
6044,5,143B3
6045,5,05835
6046,5,68B48
6047,6,41A020
6048,7,B640134
6049,8,94865175
6050,9,8143B0520
6051,6,863B58
6052,6,492B33
6053,7,143B093
6054,7,82541A1
6055,3,0BB
6056,6,153723
6057,7,8560A78
6058,11,1634A0852B0
6059,4,0480
6060,3,B3B
6061,6,392862
6062,5,650B6
6063,8,5346B90B
6064,8,8B619479
6065,9,15932BA61
6066,6,027560
6067,4,8599
6068,7,457BA8A
6069,8,251387A7
6070,8,302A9410
6071,5,4AB3A
6072,9,1B96A2588
6073,7,8B42932
6074,7,58B6276
6075,6,154A3A
6076,2,88
6077,6,942189
6078,7,B078A9A
6079,9,5427830A4
6080,8,3A24B080
6081,6,2A415A
6082,9,3164B7581
6083,5,71393
6084,4,0470
6085,9,8254A3603
6086,8,7B968319
6087,6,B5149B
6088,4,2474
6089,5,29679
6090,3,A88
6091,9,483907A66
6092,4,9439
6093,9,8524931A9
6094,7,905A16A
6095,5,29A66
6096,7,19B42AB
6097,4,6836
6098,5,02370
6099,3,959
6100,6,594311
6101,2,88
6102,9,03A6827BA
6103,6,2346B6
6104,7,062A3BA
6105,5,71931
6106,6,094377
6107,7,8957065
6108,5,B7397
6109,5,A9389
6110,7,3712643
6111,6,5B08A0
6112,7,14B07A4
6113,2,88
6114,6,538611
6115,3,288
6116,3,626
6117,7,4B08797
6118,6,09B575
6119,5,275A5
6120,3,373
6121,6,BA7244
6122,10,9AB237861A
6123,10,8B3129457B
6124,6,7A8300
6125,10,4B16789050
6126,10,529A8061B0
6127,7,2094AB9
6128,5,32575
6129,10,4B5A38297B
6130,4,9188
6131,9,819B63A7B
6132,8,A5279412
6133,10,759A136B4B
6134,4,38B3
6135,3,A6A
6136,10,B481925632
6137,4,4737
6138,3,080
6139,5,56A46
6140,7,0A7521A
6141,2,88
6142,9,78A14B534
6143,2,22
6144,7,326A505
6145,3,070
6146,9,601543B26
6147,5,73B8B
6148,6,A031B3
6149,6,031282
6150,9,4AB51973A
6151,5,B6434
6152,9,4B7A52633
6153,7,8B20138
6154,8,7164B033
6155,6,2136B3
6156,8,58061BA1
6157,6,920177
6158,7,781BA51
6159,2,55
6160,4,9122
6161,7,6B32474
6162,6,273166
6163,5,15B3B
6164,7,B8053A3
6165,7,73B4988
6166,3,B7B
6167,3,B99
6168,8,24A78600
6169,9,7AB543101
6170,4,3B63
6171,9,79104B381
6172,10,851A92B308
6173,10,08946A5722
6174,7,8635B9B
6175,10,1420635B75
6176,2,77
6177,5,B2A0A
6178,5,50635
6179,7,47B518B
6180,5,B1797
6181,3,933
6182,6,134566
6183,7,50793B9
6184,4,A07A
6185,11,1350879AB29
6186,6,5A9739
6187,9,95238B1AB
6188,8,12B9A459
6189,5,0BA33
6190,3,737
6191,5,38103
6192,9,8A3092511
6193,2,AA
6194,10,06A9528414
6195,5,4A104
6196,7,B580768
6197,8,1B8597A5
6198,2,00
6199,5,B0199
6200,6,35A483
6201,10,B18259643B
6202,4,43A3
6203,4,0B6B
6204,3,8B8
6205,5,46216
6206,5,91089
6207,8,0B5A9649
6208,6,438B00
6209,7,B4105A0
6210,6,864794
6211,8,793BA12A
6212,11,795A186423A
6213,3,070
6214,7,732BA0A
6215,3,477
6216,11,64985372B11
6217,6,794214
6218,3,1B1
6219,5,6A505
6220,12,8714A2653098
6221,9,591428060
6222,5,31757
6223,7,965A219
6224,8,1B57942B
6225,5,2A462
6226,8,2B41A89A
6227,9,526980717
6228,3,282
6229,2,55
6230,3,7BB
6231,9,A470186BA
6232,10,217A986357
6233,9,219B54085
6234,4,6232
6235,5,74133
6236,4,4525
6237,6,740919
6238,4,6246
6239,3,700
6240,7,AB70237
6241,4,6A44
6242,4,9544
6243,3,144
6244,8,3549BA24
6245,5,17499
6246,6,5A6215
6247,8,9051AB45
6248,10,6413098271
6249,10,69347512A7
6250,9,2014539B9
6251,7,654A784
6252,3,A3A
6253,7,7162596
6254,8,09512B71
6255,10,875029A317
6256,5,504A0
6257,6,1A78B7
6258,6,102961
6259,3,A7A
6260,9,72169A852
6261,6,4560B0
6262,7,08B7217
6263,8,106A3B71
6264,11,50128A367B3
6265,2,44
6266,5,34023
6267,2,11
6268,4,8199
6269,4,BA11
6270,9,273548B66
6271,7,A192030
6272,5,567AA
6273,4,4788
6274,6,0389AA
6275,8,639B5811
6276,6,A058B5
6277,2,00
6278,9,01659B8AB
6279,8,4706B517
6280,4,5266
6281,7,85B3144
6282,6,834154
6283,2,99
6284,5,07840
6285,7,A610751
6286,11,25948671302
6287,5,72502
6288,4,8929
6289,2,88
6290,6,459815
6291,7,8012632
6292,6,732949
6293,7,2678352
6294,6,B80311
6295,2,77
6296,6,9367B6
6297,6,0763A3
6298,2,33
6299,4,1641
6300,5,5A188
6301,8,74362854
6302,5,53606
6303,11,951084367B7
6304,8,671059BB
6305,5,82033
6306,3,244
6307,11,423105B8A74
6308,9,40516BA8B
6309,4,B19B
6310,5,0B890
6311,5,B6277
6312,8,5794B824
6313,10,94862B5A7B
6314,4,A05A
6315,6,695786
6316,7,806B7A6
6317,3,B44
6318,7,B023616
6319,4,83B8
6320,4,3877
6321,9,0A4785125
6322,5,10677
6323,5,6B133
6324,10,31AB675487
6325,3,622
6326,6,AB7207
6327,11,823BA96054B
6328,8,35726499
6329,4,07AA
6330,5,06747
6331,6,7514AA
6332,3,969
6333,6,B56285
6334,5,32B00
6335,3,4B4
6336,7,B10863B
6337,9,A98B50344
6338,6,8B016B
6339,5,B2892
6340,8,1B5927AB
6341,9,695084BA6
6342,9,26834BA12
6343,7,A3986B8
6344,8,961503AA
6345,5,10343
6346,2,00
6347,8,B7819421
6348,7,94A0120
6349,10,8761B50436
6350,5,A9644
6351,7,17B063B
6352,5,65040
6353,6,369588
6354,3,070
6355,8,64123983
6356,3,747
6357,9,A1378569A
6358,3,1BB
6359,9,2134A8757
6360,5,72A12
6361,6,8A017A
6362,4,8468
6363,7,6A17437
6364,5,08A18
6365,7,A51B98B
6366,9,032864513
6367,2,33
6368,9,AB0243585
6369,6,830910
6370,6,85B422
6371,11,A4069758217
6372,9,4980A6B19
6373,7,0382913
6374,2,00
6375,9,48B259362
6376,4,A322
6377,7,A963759
6378,7,9A648B9
6379,4,84AA
6380,9,80B316296
6381,3,2BB
6382,10,409872A313
6383,7,3581B41
6384,6,B79414
6385,6,A5918A
6386,6,6B8A00
6387,8,43A68076
6388,7,8756345
6389,6,876317
6390,3,464
6391,6,58AB78
6392,7,4839161
6393,9,4923860A8
6394,3,366
6395,8,8AB45299
6396,8,62390783
6397,7,3AB4188
6398,7,9B7380B
6399,4,08B8
6400,6,8210BB
6401,9,23A6870B7
6402,6,739519
6403,12,7294A53601B1
6404,9,361879208
6405,8,54A39614
6406,7,485B138
6407,6,906346
6408,7,4B10959
6409,7,2564979
6410,4,69AA
6411,8,38520693
6412,6,749288
6413,6,612499
6414,3,B9B
6415,8,A0637822
6416,7,963A486
6417,9,284013979
6418,4,8544
6419,5,92434
6420,6,B2978B
6421,10,10789BA355
6422,5,B7A44
6423,2,99
6424,6,765B45
6425,9,69B584375
6426,11,17B8A54962A
6427,9,B820391A2
6428,7,0462916
6429,2,11
6430,5,27B92
6431,5,67357
6432,7,8943BA4
6433,8,A5273090
6434,5,23183
6435,5,523A2
6436,8,395026B6
6437,6,936106
6438,4,1030
6439,7,412BA9A
6440,8,02496757
6441,6,7A5105
6442,8,A748B234
6443,9,249180A54
6444,6,B68A99
6445,7,A72350A
6446,5,427A7
6447,4,6B22
6448,9,3627B514B
6449,8,5AB38923
6450,2,88
6451,6,81A931
6452,6,689358
6453,10,B423068954
6454,6,865494
6455,5,0AB9A
6456,4,1535
6457,12,76B924503A16
6458,5,95433
6459,7,19A8B29
6460,4,A911
6461,6,471050
6462,8,50491781
6463,4,9585
6464,7,AB4973B
6465,7,589A4B8
6466,11,90B847126A2
6467,5,85918
6468,3,676
6469,6,502A77
6470,11,078391B4267
6471,4,0272
6472,4,1533
6473,7,0BA2899
6474,9,B49350677
6475,4,6033
6476,8,60947834
6477,6,807367
6478,7,9354185
6479,5,A057A
6480,4,1484
6481,3,577
6482,2,55
6483,6,7A812A
6484,8,586A4216
6485,3,343
6486,10,45A08B6194
6487,7,B268595
6488,4,6588
6489,5,61822
6490,7,1BA9851
6491,9,A57480214
6492,4,6756
6493,9,016835B99
6494,8,48321653
6495,4,5313
6496,4,1B21
6497,5,A5495
6498,5,86344
6499,7,4708A68
6500,9,09A324710
6501,10,A587214B08
6502,8,2041A894
6503,2,BB
6504,4,9383
6505,7,6021737
6506,5,790A9
6507,5,87A22
6508,8,B83A9626
6509,4,0430
6510,8,2A319676
6511,3,4BB
6512,6,4305B3
6513,10,72BA05349A
6514,7,16072A2
6515,8,561B9235
6516,3,434
6517,12,13958B4602A6
6518,7,2071344
6519,6,162B44
6520,7,284A61A
6521,8,537B82A2
6522,4,A95A
6523,6,A59285
6524,5,247B7
6525,7,1AB0451
6526,2,22
6527,9,70A41B636
6528,4,5835
6529,5,30474
6530,7,6B8A946
6531,6,96A877
6532,3,B66
6533,7,0468324
6534,6,138078
6535,8,601758BB
6536,8,A432B18B
6537,8,69254B04
6538,10,7A8106B498
6539,5,05790
6540,8,4B23A893
6541,7,965AB1A
6542,5,591BB
6543,8,15A32465
6544,2,BB
6545,7,3241B6B
6546,3,191
6547,7,2B7A688
6548,10,974602A150
6549,3,545
6550,6,169070
6551,5,20682
6552,7,6B90540
6553,6,496376
6554,4,8299
6555,10,290481AB68
6556,5,3B655
6557,5,01899
6558,6,6B5939
6559,10,AB96257383
6560,9,3BA89452A
6561,6,3952B3
6562,6,49A232
6563,6,349703
6564,3,9B9
6565,7,95A6045
6566,4,8B7B
6567,5,57822
6568,10,0173A2B642
6569,7,71B2A0A
6570,6,951439
6571,9,78B43659B
6572,5,63703
6573,4,8B38
6574,7,20816BB
6575,6,79A322
6576,5,52B15
6577,8,A801B47A
6578,8,31809272
6579,7,8B06A11
6580,6,3B684B
6581,6,A34594
6582,11,3172964AB02
6583,4,5835
6584,6,B6794B
6585,6,3B5077
6586,6,895629
6587,7,7A05620
6588,8,94321A09
6589,2,22
6590,5,B8606
6591,7,1358A73
6592,6,948B08
6593,6,21B363
6594,5,81671
6595,3,B5B
6596,10,963A5B8408
6597,8,407816BB
6598,7,8B249AB
6599,6,847533
6600,5,52015
6601,5,A879A
6602,8,1B3A085B
6603,6,312402
6604,7,1907585
6605,9,2867A1391
6606,6,741565
6607,11,362158940A5
6608,4,B131
6609,4,9055
6610,4,A911
6611,5,4B01B
6612,6,534685
6613,4,5988
6614,9,389017B41
6615,4,A93A
6616,5,8B1AB
6617,3,B11
6618,7,0AB7464
6619,6,037A53
6620,4,1366
6621,3,2B2
6622,7,45308B8
6623,5,15272
6624,3,202
6625,7,12A3898
6626,4,3703
6627,5,B9609
6628,4,5900
6629,8,BA850210
6630,7,4786134
6631,7,90A6B44
6632,7,2136B56
6633,4,1391
6634,6,432054
6635,2,22
6636,4,3454
6637,9,7A8409159
6638,5,B5305
6639,7,2A6B10B
6640,4,A288
6641,9,6B4102A51
6642,9,0B562317B
6643,2,BB
6644,9,385206416
6645,3,200
6646,6,4B170B
6647,8,78493513
6648,4,B899
6649,6,481ABB
6650,6,0378A8
6651,6,1A9849
6652,4,9766
6653,10,AB92867059
6654,6,986AB6
6655,7,31465B1
6656,10,70A2349B14
6657,8,4059B13B
6658,4,3977
6659,4,1700
6660,5,01373
6661,4,A899
6662,6,A39828
6663,4,2900
6664,5,34099
6665,6,B48018
6666,2,66
6667,6,0A7955
6668,7,46B03A0
6669,7,9061439
6670,11,A2154397087
6671,5,758A8
6672,10,80A69423B4
6673,2,77
6674,7,9786B2B
6675,2,BB
6676,4,68A6
6677,9,492581033
6678,3,676
6679,7,BA80933
6680,3,0AA
6681,7,8632BA8
6682,9,B1A970858
6683,7,52490B9
6684,5,82592
6685,5,35966
6686,2,55
6687,3,8AA
6688,11,5304B2671AA
6689,4,B733
6690,9,05B861377
6691,8,4136B828
6692,8,9065A349
6693,3,B2B
6694,5,69B3B
6695,6,8B9419
6696,8,05A84717
6697,4,87B7
6698,10,9453B12764
6699,5,92152
6700,7,2856306
6701,10,7463A89019
6702,2,00
6703,9,140A85974
6704,5,0B81B
6705,7,38504B4
6706,6,B35292
6707,4,0240
6708,6,14A784
6709,4,2939
6710,3,8AA
6711,6,B4315B
6712,6,130B61
6713,6,AB4164
6714,4,3525
6715,6,429B59
6716,7,8AB4500
6717,9,518AB247B
6718,6,A7480A
6719,9,B3270618B
6720,4,7A44
6721,10,570AB62812
6722,8,2178A408
6723,7,A51976A
6724,6,471B51
6725,4,A676
6726,7,B739153
6727,3,626
6728,8,940BA780
6729,8,A4253092
6730,10,76B13A542A
6731,10,625108A7B7
6732,8,7A98B428
6733,12,16749852A30A
6734,5,56300
6735,5,70150
6736,9,A01976829
6737,9,07B416320
6738,8,594731A3
6739,6,098458
6740,5,A832A
6741,9,2A8976B1B
6742,11,A26398450B2
6743,8,A6574296
6744,4,A655
6745,5,35A44
6746,9,61803A796
6747,8,518320B8
6748,5,B7097
6749,12,862309175BA7
6750,7,90B6270
6751,6,402382
6752,7,B913688
6753,10,B517A08627
6754,3,141
6755,5,95BAB
6756,3,909
6757,9,0469375B4
6758,5,18505
6759,9,34B526A72
6760,6,7485A8
6761,6,286538
6762,6,719266
6763,6,384063
6764,10,1789A4236A
6765,5,14828
6766,8,728B603B
6767,3,911
6768,4,3B44
6769,3,686
6770,7,1A25606
6771,3,8B8
6772,4,40B0
6773,6,190844
6774,6,147522
6775,4,2044
6776,4,1500
6777,3,575
6778,7,6910529
6779,6,864A28
6780,6,15A939
6781,4,5A22
6782,8,17B20861
6783,2,99
6784,3,383
6785,3,A6A
6786,4,2155
6787,9,361B045AA
6788,5,B718B
6789,6,036A2A
6790,9,638AB1278
6791,4,9818
6792,7,8A967B8
6793,6,426BA6
6794,4,B488
6795,9,315486024
6796,7,79A4814
6797,5,0B78B
6798,3,505
6799,7,16B3877
6800,7,A4293B3
6801,8,6798AB47
6802,5,B814B
6803,8,3629B873
6804,7,7960585
6805,3,7BB
6806,12,A13602B57940
6807,2,66
6808,9,7351429A2
6809,7,69A58B9
6810,3,099
6811,5,89A49
6812,6,309272
6813,9,45329A785
6814,6,593185
6815,4,B611
6816,4,5299
6817,7,7B26316
6818,7,9587066
6819,7,AB17681
6820,9,7435091AA
6821,2,77
6822,2,BB
6823,2,44
6824,2,22
6825,5,15767
6826,6,2356B3
6827,9,89205A7B2
6828,8,814A6955
6829,6,987B44
6830,6,451677
6831,6,386522
6832,7,6825434
6833,5,2A972
6834,3,B99
6835,4,0230
6836,9,869B72101
6837,6,08A711
6838,7,29A73BA
6839,6,6089A9
6840,3,B44
6841,5,67897
6842,10,7AB193408A
6843,4,2A32
6844,3,366
6845,6,510636
6846,3,787
6847,11,46783102B50
6848,7,6B0731B
6849,6,4960A4
6850,5,80B40
6851,7,153AB8B
6852,3,0AA
6853,4,4700
6854,2,66
6855,12,79384B6A0523
6856,10,680A5B9470
6857,4,3811
6858,6,0215B1
6859,5,13921
6860,9,78149A057
6861,5,90730
6862,3,177
6863,5,09760
6864,11,8562A071B47
6865,6,8A7018
6866,4,B27B
6867,8,B9172357
6868,7,A368918
6869,10,9A0653B848
6870,8,96B83279
6871,8,1A697422
6872,9,94A1B8358
6873,4,2411
6874,2,77
6875,7,7A84054
6876,7,35789B7
6877,5,63846
6878,10,15A7492060
6879,6,25B16B
6880,3,989
6881,6,A4627A
6882,4,5125
6883,6,721BA2
6884,7,42A0565
6885,8,2465B036
6886,6,4A0955
6887,3,A6A
6888,3,505
6889,8,58097B48
6890,7,712B847
6891,3,B00
6892,5,38944
6893,9,B452873A2
6894,5,3B49B
6895,6,B9308B
6896,6,2064BB
6897,2,AA
6898,6,78B244
6899,3,0BB
6900,5,32942
6901,7,2371A87
6902,8,276451AA
6903,3,811
6904,6,B49766
6905,4,8533
6906,8,96473B23
6907,4,5699
6908,4,3818
6909,9,B641A750B
6910,7,908A454
6911,5,63B0B
6912,4,3070
6913,7,B1967A6
6914,7,2B34103
6915,7,0367210
6916,10,24103786A7
6917,7,B612A33
6918,8,7B9143A3
6919,4,78A7
6920,7,64A38BB
6921,11,19B43850A2B
6922,8,53809B13
6923,4,45A5
6924,3,383
6925,6,046977
6926,3,044
6927,4,A844
6928,9,602139B72
6929,10,BA5210946B
6930,6,4A7191
6931,7,915A6B6
6932,7,5962709
6933,8,B78A3948
6934,10,168453B973
6935,6,B2A182
6936,6,618454
6937,7,824A033
6938,9,B2375061B
6939,9,0274A16B7
6940,6,182B38
6941,3,727
6942,7,A148274
6943,6,49B011
6944,6,8709AA
6945,10,BA94123686
6946,2,66
6947,6,976B8B
6948,6,B6831B
6949,7,01A96B0
6950,7,971AB2A
6951,5,25A33
6952,8,B5163922
6953,7,91528B8
6954,5,38A08
6955,8,0B356711
6956,4,36B6
6957,4,8400
6958,5,30173
6959,6,7893BB
6960,5,9A700
6961,7,B890278
6962,5,3A545
6963,7,84719A9
6964,3,B2B
6965,6,A35805
6966,9,50A923742
6967,8,17A26906
6968,6,587966
6969,7,2B15971
6970,10,543B9681AB
6971,9,2A95B687B
6972,3,455
6973,8,65718205
6974,6,AB5800
6975,3,B1B
6976,5,B2077
6977,7,B608350
6978,10,79A45083B4
6979,6,6A40B4
6980,5,59A29
6981,4,A011
6982,8,A65B7343
6983,4,7837
6984,8,A6035B8B
6985,9,4B7A89018
6986,4,AB5B
6987,5,97659
6988,5,280AA
6989,6,539015
6990,4,7427
6991,5,05343
6992,6,451734
6993,10,1463078528
6994,4,B077
6995,3,525
6996,7,85073A7
6997,8,6A053195
6998,8,1B267989
6999,10,8A370B6296
7000,3,733
7001,4,23B3
7002,6,4B106B
7003,8,0712A8B7
7004,5,67096
7005,10,3207189451
7006,5,84966
7007,12,4521B6307986
7008,8,B4689219
7009,6,5627B7
7010,8,804713B8
7011,7,24A7191
7012,8,9A251461
7013,5,16900
7014,5,45977
7015,9,1435B2981
7016,6,962489
7017,6,B20599
7018,6,396454
7019,2,44
7020,2,22
7021,4,6516
7022,4,5727
7023,10,347518B603
7024,8,7B486127
7025,3,344
7026,2,11
7027,6,092A19
7028,6,280969
7029,5,17488
7030,6,168B0B
7031,9,BA6728099
7032,7,3B14854
7033,5,20632
7034,3,955
7035,6,329464
7036,3,646
7037,6,9A861A
7038,2,BB
7039,8,492B0859
7040,3,434
7041,8,47850A10
7042,7,8B05340
7043,2,11
7044,6,467B9B
7045,4,6B96
7046,5,A742A
7047,8,1689B050
7048,8,21058B33
7049,7,A218742
7050,5,80433
7051,4,8366
7052,5,5B715
7053,7,86B975B
7054,5,63090
7055,6,749858
7056,11,7B291084A61
7057,8,B0547A84
7058,4,6016
7059,7,6B37A97
7060,7,60257B6
7061,10,15B7823903
7062,6,A85199
7063,6,273057
7064,10,A74651380A
7065,10,5B02186496
7066,3,929
7067,7,8209430
7068,4,7599
7069,7,93B208B
7070,7,106A323
7071,4,0830
7072,7,1852902
7073,8,7B39A423
7074,3,900
7075,6,798A22
7076,8,740B96A6
7077,3,766
7078,7,53261B5
7079,7,1B08268
7080,8,75062BA5
7081,7,845A966
7082,8,9B6850A5
7083,3,744
7084,6,75A633
7085,9,261308B90
7086,8,24658976
7087,8,63250A10
7088,4,2313
7089,7,7A82317
7090,4,B292
7091,6,451262
7092,6,0A8260
7093,4,6494
7094,4,7599
7095,5,68B08
7096,3,515
7097,5,35095
7098,3,044
7099,5,6A122
7100,4,1651
7101,8,6B970136
7102,5,65B8B
7103,11,716B49A8322
7104,9,0B241A752
7105,8,729BA602
7106,4,8363
7107,8,A9651286
7108,8,294605B6
7109,8,3478B213
7110,8,3A8B2700
7111,4,B818
7112,5,75395
7113,8,45B9761B
7114,4,7262
7115,4,2362
7116,7,1A7B82B
7117,5,76207
7118,9,712043861
7119,10,206A1958B1
7120,7,9413585
7121,10,2301A9B749
7122,5,AB43A
7123,9,792514AB9
7124,6,0B94A4
7125,7,0A1B727
7126,7,A236052
7127,5,0A515
7128,2,77
7129,5,18748
7130,8,95B71837
7131,2,22
7132,7,547A634
7133,7,41A5294
7134,5,06B40
7135,11,08439A17560
7136,7,0462AB4
7137,8,3AB21474
7138,3,B2B
7139,5,30767
7140,8,B8963056
7141,5,28A72
7142,4,67A6
7143,10,A2B9451879
7144,7,52B0870
7145,5,48717
7146,3,A9A
7147,6,257ABA
7148,4,9B29
7149,6,8A54BB
7150,5,B4373
7151,8,63490270
7152,7,356AB9B
7153,4,1787
7154,6,84AB33
7155,4,5030
7156,6,A5B060
7157,8,7614B956
7158,10,592B8476A9
7159,5,75125
7160,8,06A23B52
7161,6,4B907B
7162,3,7B7
7163,6,576343
7164,4,5105
7165,6,983711
7166,10,6159043A29
7167,4,AB4A
7168,5,15626
7169,6,352101
7170,4,0B1B
7171,5,B038B
7172,9,35B204685
7173,3,474
7174,3,848
7175,8,015B8690
7176,9,576A38905
7177,4,08B8
7178,5,72B57
7179,8,5AB92101
7180,3,191
7181,9,651A0B386
7182,6,820366
7183,6,019366
7184,7,3102BA2
7185,5,36422
7186,5,53285
7187,4,2433
7188,5,B569B
7189,7,9136749
7190,8,081943A8
7191,3,9A9
7192,8,80AB1255
7193,5,41B55
7194,8,76B94839
7195,7,5BA632B
7196,3,155
7197,7,301B95B
7198,7,9672A02
7199,8,61842A0A
7200,4,6BA6
7201,3,B88
7202,13,4BA0687291356
7203,8,90482732
7204,7,359B409
7205,5,78211
7206,7,3127957
7207,6,216A72
7208,7,16B07A7
7209,6,625495
7210,6,2B8302
7211,6,8A4303
7212,4,9679
7213,3,393
7214,5,13877
7215,7,2807A3A
7216,3,343
7217,2,77
7218,7,39260B2
7219,5,7B2AB
7220,8,47953267
7221,9,897352643
7222,6,B50140
7223,6,5421A4
7224,9,063748A97
7225,9,32A1B5808
7226,3,959
7227,5,60B56
7228,8,13097588
7229,5,64101
7230,9,2031A5B88
7231,7,7028434
7232,11,5801A6B4925
7233,3,3AA
7234,7,B5A230B
7235,2,55
7236,8,AB368200
7237,9,25B309649
7238,5,903BB
7239,9,395074212
7240,6,73B617
7241,6,536877
7242,8,4A907B3A
7243,13,2A654B9873015
7244,7,2419639
7245,7,28B4694
7246,6,597B87
7247,3,A4A
7248,7,59B8A69
7249,11,920A481B53A
7250,2,55
7251,3,595
7252,9,A1490B230
7253,8,35186404
7254,3,055
7255,5,31A4A
7256,5,268A2
7257,6,B40920
7258,10,74A12B9055
7259,8,429710A1
7260,8,23659700
7261,7,8937569
7262,3,477
7263,7,7B83696
7264,4,8A77
7265,8,0128A7B1
7266,7,A10B78B
7267,5,54707
7268,3,411
7269,8,4062B7A0
7270,2,55
7271,8,5493B164
7272,9,B84320698
7273,5,98A2A
7274,4,4533
7275,8,31098571
7276,10,387046BA53
7277,9,A31892B53
7278,5,76086
7279,7,16B05AA
7280,4,8A6A
7281,5,90433
7282,7,B649386
7283,10,9201847358
7284,6,17B858
7285,7,0A785B8
7286,9,654730A83
7287,5,7B69B
7288,6,490154
7289,6,82A1B8
7290,6,235B9B
7291,4,5A7A
7292,7,B183066
7293,4,1022
7294,4,4966
7295,4,2B55
7296,6,386958
7297,5,73927
7298,12,B967523A4181
7299,9,B368195A5
7300,3,9A9
7301,3,422
7302,8,563B7815
7303,5,32A5A
7304,10,065AB1894B
7305,6,7694B7
7306,7,2B378A7
7307,6,9745B5
7308,9,A8B21960A
7309,7,130BA6B
7310,4,9244
7311,10,49BA817361
7312,7,4950B2B
7313,6,601A86
7314,7,549BA11
7315,9,9B7413204
7316,9,A92741B33
7317,3,A7A
7318,7,B546926
7319,3,100
7320,4,4984
7321,4,2B32
7322,2,66
7323,13,370618B254A96
7324,4,3263
7325,9,7B259816B
7326,6,291877
7327,7,4B2106B
7328,7,AB5846B
7329,10,A016234791
7330,10,3B6A954816
7331,10,A753981400
7332,5,143B3
7333,9,895673AB3
7334,5,73454
7335,9,2451076A4
7336,4,2686
7337,5,80B30
7338,11,2608A3B7140
7339,8,16392703
7340,2,AA
7341,6,3027A0
7342,5,B6146
7343,8,0A5621B6
7344,10,5B421A6071
7345,2,11
7346,4,1A81
7347,4,B60B
7348,13,28945B0761A3A
7349,6,B34784
7350,3,030
7351,8,B08A3155
7352,3,040
7353,5,62812
7354,5,81077
7355,2,BB
7356,5,09B5B
7357,7,7B9A189
7358,7,4219A61
7359,5,B6186
7360,4,B484
7361,5,512AA
7362,3,0B0
7363,5,934B9
7364,5,18633
7365,9,54826A034
7366,4,64B6
7367,9,A10B74530
7368,9,09A314B88
7369,6,318B63
7370,7,A1047BB
7371,4,2B99
7372,9,1B038A595
7373,7,375A646
7374,6,257A12
7375,5,856B6
7376,9,14B683A0A
7377,5,30193
7378,5,86156
7379,8,0789A5B8
7380,7,4823B00
7381,7,B931243
7382,9,5A2934808
7383,5,80A28
7384,4,7699
7385,8,18025A91
7386,5,B0A20
7387,5,6AB26
7388,5,54134
7389,5,83424
7390,4,BA66
7391,5,56399
7392,3,6A6
7393,4,A366
7394,5,048B8
7395,7,2A710B2
7396,7,7309565
7397,5,21383
7398,8,81A53968
7399,4,6B56
7400,4,6744
7401,5,53977
7402,3,966
7403,5,49121
7404,9,89453A679
7405,5,132A2
7406,7,B63A05B
7407,4,1655
7408,7,248B604
7409,6,036181
7410,9,394B60520
7411,3,A77
7412,6,B25808
7413,7,7496539
7414,9,793A85622
7415,6,19A04A
7416,3,244
7417,11,15396B0A481
7418,8,7A601520
7419,6,B05A40
7420,2,22
7421,3,050
7422,4,8A58
7423,4,1877
7424,2,AA
7425,2,66
7426,6,279389
7427,8,70236B83
7428,9,79180A422
7429,5,4A322
7430,3,060
7431,7,8179458
7432,9,846A25373
7433,8,82769B49
7434,8,17A690BB
7435,3,131
7436,2,BB
7437,5,73107
7438,7,6738018
7439,9,42905A879
7440,8,93A61786
7441,2,AA
7442,11,A06485312BA
7443,7,B6207AA
7444,9,1B9207867
7445,3,020
7446,9,572A86B4A
7447,2,77
7448,4,60BB
7449,4,B73B
7450,8,145683B1
7451,9,5620A9B8A
7452,5,46A06
7453,6,24A388
7454,10,83601579A3
7455,5,10930
7456,7,796B3A6
7457,3,B2B
7458,7,102A761
7459,3,433
7460,8,A8B5431B
7461,9,59A610831
7462,3,6A6
7463,5,18691
7464,10,2108B34560
7465,4,9A59
7466,6,834077
7467,6,6A834A
7468,4,8BA8
7469,6,0A7B40
7470,8,1B209681
7471,9,02A731B90
7472,3,101
7473,10,14803B9560
7474,6,8357A8
7475,7,9403818
7476,8,63512901
7477,2,55
7478,6,4B79A9
7479,3,858
7480,6,60A896
7481,6,2A0B1A
7482,4,8B66
7483,6,AB2702
7484,8,9285B135
7485,3,B5B
7486,7,3850970
7487,6,A92655
7488,8,46B37086
7489,7,9281757
7490,6,268ABB
7491,4,1B99
7492,4,6B11
7493,3,303
7494,8,453A6175
7495,7,3157927
7496,7,04B81AA
7497,8,518A6424
7498,6,597822
7499,6,532949
7500,4,3155
7501,7,9B613A9
7502,7,1843564
7503,5,0B688
7504,5,9A7BA
7505,5,B7257
7506,11,4A6395210BA
7507,5,96377
7508,6,A90829
7509,9,57418B021
7510,9,53A6729B6
7511,2,55
7512,2,99
7513,8,845B9A77
7514,8,B23A817A
7515,7,B6534AA
7516,6,3A947A
7517,6,15B721
7518,8,5A086433
7519,5,19301
7520,6,215901
7521,5,29569
7522,2,BB
7523,6,5A1787
7524,7,A3892BA
7525,8,24A17352
7526,10,9A128437B3
7527,2,00
7528,9,918206748
7529,9,317A045B0
7530,7,59A76B9
7531,4,89BB
7532,7,45AB825
7533,4,5715
7534,11,3B9861A5425
7535,5,37013
7536,8,9A761827
7537,11,758A910B62B
7538,8,73A90242
7539,6,58A707
7540,5,A4511
7541,7,15480A0
7542,9,4157BA26A
7543,10,39B02465A2
7544,2,00
7545,6,A43793
7546,2,00
7547,4,A95A
7548,4,03B0
7549,7,5370494
7550,6,A3B103
7551,5,43595
7552,4,A434
7553,7,769A21A
7554,10,829B056A75
7555,5,6A42A
7556,5,452B4
7557,2,BB
7558,8,72934B54
7559,8,1B863A41
7560,6,148505
7561,5,7B855
7562,5,38243
7563,7,60B2532
7564,7,7A69856
7565,6,41A233
7566,8,52B8643B
7567,6,019255
7568,8,31829A43
7569,4,7B8B
7570,4,6858
7571,5,2B0AA
7572,8,872A6408
7573,8,23691472
7574,10,34782B1568
7575,6,59A676
7576,7,6820959
7577,9,A9B183549
7578,5,23483
7579,4,B3AB
7580,4,0B6B
7581,5,724B2
7582,4,2787
7583,2,AA
7584,7,970AB3B
7585,4,69B9
7586,3,1AA
7587,10,3960584B77
7588,3,922
7589,5,60988
7590,4,0566
7591,3,898
7592,9,073968AB0
7593,6,764323
7594,5,24092
7595,6,581271
7596,7,0A3769A
7597,8,490321B9
7598,5,14821
7599,3,464
7600,7,6153803
7601,8,945076A7
7602,10,51234867B2
7603,9,9147352A2
7604,4,4874
7605,4,9525
7606,5,A637A
7607,8,053894B5
7608,4,3515
7609,7,92804AA
7610,3,232
7611,6,5672B6
7612,6,917AB7
7613,4,4711
7614,5,23B82
7615,3,B3B
7616,10,8492063752
7617,9,84AB9321A
7618,5,659A6
7619,2,88
7620,4,1797
7621,12,431B0967A526
7622,7,8749019
7623,7,21753A3
7624,11,80B269431AB
7625,7,5230B13
7626,5,8B040
7627,6,0B84AB
7628,7,5918761
7629,3,966
7630,5,61526
7631,10,B237459182
7632,4,4924
7633,7,40B9354
7634,8,8B31A291
7635,8,32B78918
7636,4,81A1
7637,11,B8309421572
7638,6,B95808
7639,5,74311
7640,4,A50A
7641,4,6313
7642,4,4355
7643,4,8565
7644,7,B3A2053
7645,9,7641038B6
7646,6,4B0177
7647,3,3AA
7648,5,71941
7649,3,1BB
7650,6,206711
7651,5,BA21A
7652,7,1268A0A
7653,2,22
7654,6,B72088
7655,5,36242
7656,6,5B4135
7657,5,74534
7658,7,A891B48
7659,4,7B6B
7660,6,3B8958
7661,5,58B18
7662,8,37195B45
7663,6,41BA5B
7664,4,9848
7665,7,B1470A4
7666,8,9216B844
7667,12,690428A3715A
7668,4,67A6
7669,8,B5928465
7670,8,8B679157
7671,7,978B158
7672,8,90435729
7673,5,1B933
7674,8,9A42B05B
7675,4,B949
7676,6,740929
7677,7,560A926
7678,6,864599
7679,7,65149A1
7680,8,24167030
7681,8,128A0B38
7682,8,52810941
7683,7,1587698
7684,8,2795B047
7685,6,B43090
7686,5,76026
7687,5,62088
7688,7,026A586
7689,5,A62B6
7690,5,B80AB
7691,8,98201350
7692,7,93701B3
7693,10,68275B1343
7694,6,2A1042
7695,4,0A40
7696,4,59AA
7697,5,06323
7698,3,A6A
7699,8,41082561
7700,6,403710
7701,6,345724
7702,4,8200
7703,7,167B306
7704,9,50389B728
7705,9,B63709549
7706,6,61A433
7707,7,2B48398
7708,11,61875492BAB
7709,6,605788
7710,9,829B37502
7711,6,50B265
7712,5,B2702
7713,2,99
7714,6,487307
7715,8,A3086246
7716,7,3756A97
7717,3,515
7718,4,0488
7719,3,0A0
7720,4,9744
7721,2,11
7722,7,9BA0788
7723,12,B034672A8958
7724,7,3B05A9A
7725,3,363
7726,11,821706394B8
7727,5,062A6
7728,6,287637
7729,5,B4764
7730,5,A3123
7731,9,9461302B4
7732,3,233
7733,9,8A7132643
7734,4,37BB
7735,12,46213BA5798A
7736,3,411
7737,5,B8768
7738,11,60BA4851735
7739,8,9A107437
7740,6,542AB5
7741,5,12866
7742,6,425302
7743,5,045B0
7744,5,54A25
7745,10,B518367491
7746,7,0185939
7747,5,41322
7748,4,B232
7749,7,B294800
7750,6,8B963B
7751,10,58960B7A47
7752,4,1521
7753,5,5B088
7754,7,7A30898
7755,7,4563100
7756,5,75125
7757,9,93A185277
7758,10,32A81B6478
7759,11,7AB60324892
7760,6,403899
7761,8,71982A39
7762,5,05242
7763,7,2B75805
7764,8,689275B2
7765,8,09A83568
7766,2,66
7767,5,53B43
7768,6,A01841
7769,9,403896278
7770,4,9733
7771,10,375184B061
7772,5,0AB88
7773,11,B83A6547028
7774,8,7458B614
7775,6,758022
7776,7,62709A6
7777,4,A161
7778,5,38177
7779,4,6256
7780,7,8BA0160
7781,9,631942703
7782,6,310B70
7783,5,53828
7784,5,47ABB
7785,5,34868
7786,4,7B67
7787,9,6952871A1
7788,4,8622
7789,11,86021A47B90
7790,5,84264
7791,9,650134874
7792,2,66
7793,4,79AA
7794,11,298051A7638
7795,4,A81A
7796,3,A6A
7797,8,02345AB2
7798,8,B4690319
7799,8,B8154929
7800,9,094A28714
7801,5,09411
7802,9,A64201373
7803,7,A951249
7804,6,384213
7805,7,83164B3
7806,7,5910681
7807,6,B45124
7808,10,28457A3605
7809,7,0A63811
7810,2,11
7811,8,20B16A70
7812,9,185A73B63
7813,7,78A1421
7814,4,4964
7815,6,491639
7816,6,04A299
7817,5,87298
7818,4,2303
7819,7,A012588
7820,8,41365824
7821,12,38A79504B610
7822,3,A11
7823,9,8A72B190A
7824,6,9A234A
7825,6,B64818
7826,7,3961781
7827,11,60932845A76
7828,2,77
7829,8,32AB7103
7830,6,218606
7831,7,9413854
7832,3,161
7833,7,1597847
7834,9,A051369B9
7835,6,A87505
7836,6,6571B6
7837,6,0619A6
7838,6,6741B7
7839,6,619277
7840,5,481AA
7841,6,294818
7842,6,B58A95
7843,12,376B8251A407
7844,4,5B6B
7845,3,911
7846,8,B5410A74
7847,12,306A251794B6
7848,5,5AB15
7849,7,3B41251
7850,7,A0436BA
7851,11,B46A0198232
7852,8,8175A20A
7853,8,24879AB4
7854,6,72BA0A
7855,4,B767
7856,6,3B4686
7857,4,A1B1
7858,3,050
7859,8,06384513
7860,11,B5097364284
7861,6,09B640
7862,3,A1A
7863,5,02710
7864,6,1703AA
7865,7,1B68373
7866,6,1438BB
7867,8,245A7805
7868,2,22
7869,5,23743
7870,8,358A6B78
7871,8,70869340
7872,7,23BA59B
7873,5,2B899
7874,7,24A3B5A
7875,8,A820194A
7876,6,83B474
7877,6,360420
7878,6,591B09
7879,9,6A8417321
7880,4,17B1
7881,5,21070
7882,8,4085B3A5
7883,4,2872
7884,4,2868
7885,10,67B98254A6
7886,4,B05B
7887,10,5A80B61977
7888,5,514AA
7889,3,545
7890,5,68A16
7891,4,8318
7892,4,B79B
7893,5,A5828
7894,7,7980328
7895,6,481A33
7896,4,1949
7897,9,6A1534B03
7898,3,474
7899,6,5BA235
7900,7,5837098
7901,3,9AA
7902,7,516B925
7903,8,14693B29
7904,6,5A846A
7905,7,2948A52
7906,6,16A251
7907,6,841969
7908,3,155
7909,5,159AA
7910,6,652BAB
7911,6,19B505
7912,4,71B7
7913,5,645B6
7914,10,460217B9A7
7915,5,A91B1
7916,10,429783BA58
7917,5,A7067
7918,2,BB
7919,3,B8B
7920,6,A43964
7921,3,822
7922,7,64B2050
7923,6,B37617
7924,7,28A95BB
7925,10,A096125470
7926,7,8AB5328
7927,6,869533
7928,6,902619
7929,4,3696
7930,7,7A612B6
7931,10,927B16A487
7932,6,360757
7933,9,2A1B0956B
7934,8,8762B507
7935,6,149B8B
7936,11,A326B841974
7937,6,09B589
7938,3,655
7939,9,A83056293
7940,8,908AB278
7941,5,29149
7942,4,74AA
7943,3,525
7944,7,25B8742
7945,2,55
7946,6,4598A5
7947,6,32B8A2
7948,5,96BAA
7949,4,3253
7950,4,5787
7951,7,B058911
7952,8,657498B5
7953,6,5B3484
7954,5,93159
7955,11,8AB10942734
7956,4,B87B
7957,7,0A25695
7958,4,B911
7959,5,A1471
7960,6,80B16B
7961,6,B1380B
7962,7,2945309
7963,8,90452175
7964,8,1A45B282
7965,8,28A0145A
7966,7,789B367
7967,7,937A21A
7968,5,504A5
7969,6,890479
7970,2,22
7971,2,11
7972,6,A482BA
7973,4,7600
7974,9,7013952A3
7975,4,BA7B
7976,8,89B20562
7977,9,B58A31766
7978,8,0A789137
7979,2,55
7980,5,39013
7981,2,00
7982,6,9026A6
7983,8,63A20193
7984,10,5261783B43
7985,6,530960
7986,8,87A60B3B
7987,8,B6953818
7988,6,B9564B
7989,5,78017
7990,4,B050
7991,6,8B976B
7992,5,075B7
7993,5,A9040
7994,7,4890250
7995,7,5498675
7996,4,1A6A
7997,9,236B80176
7998,6,537917
7999,7,6237A47
8000,5,57090
8001,5,7A300
8002,4,7646
8003,8,43B0A183
8004,5,58066
8005,5,B6356
8006,6,2B7833
8007,3,343
8008,8,0349A859
8009,5,B4788
8010,7,4321573
8011,8,435721A5
8012,4,14AA
8013,7,9265702
8014,9,587A06B9A
8015,7,9178B33
8016,4,2088
8017,4,0780
8018,5,32712
8019,6,438018
8020,6,387428
8021,8,0A731858
8022,4,A050
8023,2,66
8024,3,A00
8025,6,914500
8026,5,2B511
8027,7,213B8A3
8028,5,82060
8029,4,2900
8030,8,21368093
8031,5,89279
8032,3,4A4
8033,4,8298
8034,5,732A7
8035,4,B46B
8036,8,38B97549
8037,11,4531A2B7807
8038,8,72453B83
8039,9,02B487A33
8040,3,060
8041,10,96A2513046
8042,10,6370A5B947
8043,8,213A6572
8044,3,988
8045,7,B328953
8046,4,41AA
8047,7,A761844
8048,4,4355
8049,5,A405A
8050,11,74051983B25
8051,3,828
8052,4,39AA
8053,7,94B7A69
8054,3,B22
8055,6,A86108
8056,4,5405
8057,8,81A3B600
8058,8,50798BA0
8059,3,919
8060,8,3BA7569B
8061,7,1472B02
8062,7,93128B3
8063,6,165296
8064,7,9B2574B
8065,10,B706352989
8066,6,40AB55
8067,8,134702A7
8068,6,25A733
8069,6,416383
8070,4,9129
8071,4,5313
8072,11,B165A72039B
8073,8,79564084
8074,7,6790A33
8075,8,BA54728B
8076,3,B44
8077,5,365A5
8078,2,11
8079,2,22
8080,5,4A06A
8081,5,50949
8082,3,699
8083,5,AB131
8084,7,8A20151
8085,7,549A1B4
8086,5,B4155
8087,4,5966
8088,7,631A8B8
8089,3,747
8090,3,616
8091,7,814BA98
8092,5,56A16
8093,4,A30A
8094,7,A754303
8095,4,6944
8096,5,2B432
8097,11,9B8467A1021
8098,9,21B47586B
8099,2,99
8100,5,406BB
8101,5,14595
8102,2,AA
8103,4,2313
8104,4,2464
8105,7,A1B4838
8106,11,0A29B86534B
8107,5,26500
8108,9,B13286090
8109,9,A50B49735
8110,7,A73298A
8111,4,2BAA
8112,8,629B8142
8113,4,5765
8114,3,8BB
8115,5,05485
8116,4,8949
8117,6,349569
8118,10,8917640ABB
8119,5,302A0
8120,10,76A4918303
8121,8,82A70414
8122,8,4968B174
8123,7,A405324
8124,8,65B841A8
8125,7,A154202
8126,9,812AB036B
8127,8,47A6208A
8128,3,A22
8129,4,2392
8130,4,4384
8131,3,B66
8132,5,905A0
8133,11,19254307A84
8134,7,51B46AA
8135,4,0690
8136,4,0155
8137,5,708B8
8138,9,42A1B358A
8139,10,A7589132BB
8140,4,3B11
8141,5,5B285
8142,5,91646
8143,8,72BA8100
8144,4,A98A
8145,5,94511
8146,4,1646
8147,7,9023659
8148,11,902BA847151
8149,4,B71B
8150,5,69757
8151,7,9801650
8152,8,35018696
8153,6,B90869
8154,9,B7903162B
8155,6,856796
8156,8,897653BB
8157,2,99
8158,4,A05A
8159,10,4BA2981363
8160,6,3A12B2
8161,4,6077
8162,3,522
8163,5,690B9
8164,7,01A9373
8165,8,20A17633
8166,6,830979
8167,5,507B5
8168,9,9416AB804
8169,5,178A1
8170,3,757
8171,6,836747
8172,10,674A02B834
8173,4,0144
8174,5,79327
8175,8,3A076150
8176,5,4B0A0
8177,3,535
8178,4,79BB
8179,2,44
8180,6,B57017
8181,9,609B2A372
8182,6,9A5077
8183,7,84B6756
8184,6,0B9828
8185,8,745036B6
8186,3,622
8187,7,9847A3A
8188,6,268393
8189,4,15A1
8190,5,83423
8191,8,67352B0B
8192,4,90AA
8193,5,96529
8194,8,70348A18
8195,11,512470B86A6
8196,9,20A481564
8197,8,89762412
8198,4,38BB
8199,8,43806525
8200,3,404
8201,11,425638B9A75
8202,2,44
8203,5,B3101
8204,6,07A2B7
8205,10,9341A2086A
8206,7,6314594
8207,6,751841
8208,6,B10671
8209,5,18701
8210,5,30690
8211,8,7AB5436A
8212,7,1794689
8213,7,1A98021
8214,9,A15429674
8215,4,0655
8216,5,2B78B
8217,6,320852
8218,10,07852A946A
8219,10,2407BA5630
8220,3,757
8221,4,3053
8222,4,1B2B
8223,5,B2595
8224,4,3793
8225,10,9B3A518463
8226,8,A468791A
8227,4,5633
8228,9,5B2164A88
8229,7,5317245
8230,2,88
8231,7,04512B1
8232,7,B274104
8233,3,4A4
8234,6,5290BB
8235,4,2302
8236,6,A74B84
8237,6,814929
8238,6,716A51
8239,4,3B88
8240,4,A070
8241,5,62010
8242,6,A89518
8243,4,65A6
8244,5,59025
8245,8,B5168736
8246,5,B1737
8247,7,08A257A
8248,9,1B3480A7B
8249,4,0822
8250,2,00
8251,6,0A5766
8252,7,3410292
8253,4,B466
8254,7,5B29809
8255,7,840A92A
8256,7,5A8194A
8257,3,919
8258,5,9B800
8259,8,BA503695
8260,7,1A8920A
8261,4,4364
8262,6,164800
8263,7,3817567
8264,6,4653B3
8265,7,5243672
8266,6,46A899
8267,5,4A364
8268,6,4A3878
8269,4,0B99
8270,7,7A1B23B
8271,8,52136495
8272,10,63B12854AB
8273,5,75B45
8274,3,7A7
8275,7,67041A0
8276,7,4B58722
8277,3,292
8278,11,1A025B74897
8279,9,8B3657244
8280,12,7A692B418031
8281,7,95B6029
8282,9,3506497A9
8283,4,A363
8284,7,83A1903
8285,6,13B701
8286,4,2532
8287,5,02833
8288,3,244
8289,4,A87A
8290,10,31869B5706
8291,9,74BA6512B
8292,4,59A9
8293,5,54933
8294,9,649B508AA
8295,6,16A23A
8296,4,07A7
8297,5,087B8
8298,7,75192A1
8299,7,4B0A87A
8300,4,8277
8301,3,877
8302,10,572409A139
8303,6,045ABB
8304,6,6587A6
8305,2,00
8306,6,2B6492
8307,11,9B6703182A3
8308,3,939
8309,9,0497B1364
8310,5,87464
8311,4,7188
8312,9,036587B98
8313,3,767
8314,3,535
8315,5,53707
8316,7,92358AA
8317,4,B344
8318,7,74096A7
8319,6,BA4565
8320,4,0240
8321,5,65A06
8322,4,1575
8323,11,8BA15324767
8324,8,576413A7
8325,9,587A603B5
8326,8,82416B7B
8327,6,BA513A
8328,9,79A24813A
8329,12,697A5B40182B
8330,7,56A9404
8331,4,34A3
8332,5,A390A
8333,7,950BA1B
8334,7,1687A31
8335,6,4357B5
8336,5,01488
8337,7,A9028B9
8338,9,504179323
8339,9,625908433
8340,7,B532063
8341,3,A33
8342,4,0B5B
8343,7,3B40A6B
8344,8,B02867A8
8345,4,2535
8346,8,B2154788
8347,7,3260B72
8348,4,5434
8349,4,3484
8350,10,0B2A854965
8351,9,07A6951B1
8352,12,207A865B4917
8353,10,071A492367
8354,2,77
8355,7,20BA570
8356,5,63511
8357,9,0127B6397
8358,8,83190766
8359,8,96B14854
8360,6,A539B5
8361,6,152A3A
8362,2,22
8363,4,2565
8364,4,9829
8365,6,8136B3
8366,8,756803B5
8367,5,20472
8368,7,1326B73
8369,8,41A6B374
8370,9,B15679844
8371,9,0B917A859
8372,4,1966
8373,3,7B7
8374,4,B755
8375,3,399
8376,6,310541
8377,5,89766
8378,6,8041A8
8379,8,A49B1626
8380,4,0232
8381,4,4577
8382,3,A22
8383,8,52B69812
8384,9,10392A762
8385,10,47B9203A50
8386,5,751B1
8387,4,0919
8388,5,189AA
8389,3,242
8390,9,B895A1425
8391,5,13743
8392,7,6317A93
8393,9,86457BA17
8394,3,545
8395,7,37B9823
8396,9,85B632408
8397,6,78B3AA
8398,5,19589
8399,12,416AB9285377
8400,8,36B79A5B
8401,10,7052A39B19
8402,7,513BA77
8403,7,103B277
8404,9,5A2908749
8405,7,85627A8
8406,2,33
8407,4,1757
8408,7,6029150
8409,4,0390
8410,3,030
8411,8,832B9A7B
8412,5,61373
8413,6,A37929
8414,3,5A5
8415,5,24564
8416,5,518B8
8417,8,92A61474
8418,9,29473BA63
8419,3,B7B
8420,5,81B51
8421,8,172906A6
8422,5,B496B
8423,3,699
8424,7,9365080
8425,5,74988
8426,4,9709
8427,9,4371A0280
8428,8,A5612844
8429,4,9466
8430,4,B64B
8431,3,855
8432,4,B466
8433,5,24754
8434,7,1A0283A
8435,6,792469
8436,4,6756
8437,6,931543
8438,5,5B325
8439,7,3786B00
8440,3,799
8441,5,4A72A
8442,4,9788
8443,3,4A4
8444,5,03913
8445,4,63A6
8446,4,9833
8447,5,689B9
8448,7,71A3503
8449,4,0B2B
8450,9,06B458939
8451,7,B892500
8452,7,451A634
8453,7,1A95272
8454,7,897B21B
8455,6,306146
8456,7,19870B7
8457,7,2941569
8458,8,3B4A6574
8459,6,5460A6
8460,9,291375687
8461,5,41804
8462,9,1749B5609
8463,7,572AB42
8464,3,B22
8465,5,BA45B
8466,6,2145AA
8467,5,1AB00
8468,9,A90426316
8469,8,23647516
8470,2,66
8471,7,5012365
8472,4,B055
8473,8,7A845137
8474,11,0A864192733
8475,7,9581466
8476,13,983A1457B2600
8477,7,75483A8
8478,9,A8B719409
8479,3,855
8480,11,16A39458B04
8481,5,5A144
8482,6,726A02
8483,5,24A3A
8484,6,230B93
8485,9,60A417282
8486,4,8238
8487,5,53044
8488,9,834526AB5
8489,7,513A848
8490,3,B2B
8491,7,0B32A52
8492,5,B0166
8493,2,BB
8494,7,7A49529
8495,3,933
8496,6,2B3646
8497,5,61A55
8498,3,2B2
8499,7,80A591A
8500,2,77
8501,4,3673
8502,8,A7B62312
8503,5,B3818
8504,3,922
8505,4,3755
8506,10,A2B0859379
8507,5,3B7AB
8508,5,43B94
8509,6,A97607
8510,7,A874900
8511,8,34A8562A
8512,4,9242
8513,9,70B361897
8514,2,44
8515,9,7A908B43B
8516,11,B27A358641A
8517,4,0160
8518,8,05A43B85
8519,6,1B96A9
8520,7,8B510A5
8521,3,4A4
8522,7,3692402
8523,4,91A9
8524,5,B0544
8525,3,282
8526,11,613BA025477
8527,8,29375466
8528,6,2B4133
8529,2,00
8530,7,A83B900
8531,5,582BB
8532,8,09471655
8533,10,735B214A8A
8534,7,83A7022
8535,9,0245B6192
8536,8,87B921AA
8537,9,40A29B712
8538,8,3296A013
8539,5,B12A2
8540,9,352610BAA
8541,7,286A7B8
8542,9,9081543A3
8543,6,8A5232
8544,9,2630B9782
8545,8,A372809A
8546,11,14A530697B6
8547,7,7903151
8548,11,758436A91BA
8549,2,88
8550,3,101
8551,6,06A212
8552,4,A464
8553,7,9268AB9
8554,5,693B6
8555,5,12742
8556,8,80512B92
8557,4,5B11
8558,6,637144
8559,8,90841A39
8560,8,592708A2
8561,3,030
8562,6,B37A13
8563,7,7B93044
8564,5,9B121
8565,5,36896
8566,11,3562790A1BB
8567,8,B9A5028A
8568,7,67014B1
8569,12,629150BA374A
8570,9,B47231602
8571,7,9A3B600
8572,5,9A879
8573,3,300
8574,8,43A912B1
8575,6,374923
8576,8,B85724AB
8577,3,9AA
8578,3,575
8579,6,8406AA
8580,4,0799
8581,7,5342012
8582,6,B60270
8583,6,580128
8584,2,66
8585,6,4AB363
8586,7,51904A1
8587,2,00
8588,7,79186A9
8589,5,072BB
8590,2,44
8591,10,6857B034A0
8592,3,255
8593,5,83908
8594,7,B382A99
8595,7,97B16A6
8596,5,7A033
8597,6,4937BB
8598,8,A4298077
8599,8,6B54218B
8600,2,00
8601,8,7B421654
8602,3,393
8603,8,798BA349
8604,4,7989
8605,4,B255
8606,7,7592144
8607,5,51737
8608,3,181
8609,9,759320646
8610,4,4121
8611,9,986B415A4
8612,3,044
8613,10,BA01283565
8614,5,A9019
8615,7,53A061A
8616,5,B78AB
8617,7,B385A66
8618,4,6499
8619,6,3B2411
8620,8,34658B13
8621,7,9067287
8622,4,8636
8623,3,A77
8624,7,2A80414
8625,8,0B831464
8626,7,70A9160
8627,5,293B2
8628,12,35402169BA73
8629,5,605B0
8630,5,34B66
8631,8,482A0570
8632,9,374B21505
8633,11,B6549703288
8634,9,64A102390
8635,6,104828
8636,9,3042A6872
8637,8,468B0A38
8638,11,B1359024765
8639,8,74921A52
8640,7,0B93455
8641,9,3A509871A
8642,5,284B4
8643,7,9341B74
8644,7,57B0A87
8645,10,65024B8175
8646,8,095B4320
8647,8,08371ABB
8648,6,621878
8649,4,8101
8650,6,657121
8651,7,571B941
8652,6,710597
8653,7,0348158
8654,3,8A8
8655,10,34615AB707
8656,6,81B9AA
8657,5,82B02
8658,10,A3B4509610
8659,10,632B947183
8660,4,6016
8661,8,25A3B913
8662,5,B9585
8663,6,4513B5
8664,8,0B475A67
8665,6,120491
8666,2,22
8667,7,4607920
8668,3,383
8669,10,724B930563
8670,6,197237
8671,9,4B239A75A
8672,2,55
8673,9,04926A353
8674,7,5098A11
8675,3,455
8676,4,4274
8677,10,9786350429
8678,8,0B376A8A
8679,6,2B0911
8680,6,A94200
8681,4,8A3A
8682,4,6A56
8683,7,6802148
8684,8,25890432
8685,3,422
8686,4,2979
8687,5,95789
8688,8,74B03A84
8689,10,51279A0644
8690,5,B5A88
8691,5,671B1
8692,2,44
8693,5,623A2
8694,6,9B308B
8695,7,079B169
8696,4,AB00
8697,7,4105394
8698,13,5A034B916278B
8699,4,B511
8700,5,87467
8701,10,6B04538A10
8702,9,854176B01
8703,9,978546305
8704,7,8216755
8705,4,26AA
8706,9,146750A87
8707,8,2675B482
8708,9,640597A22
8709,6,B1A261
8710,5,B2702
8711,7,A3B6911
8712,9,B50A48363
8713,9,81572BA0A
8714,7,197A644
8715,6,963A44
8716,4,4969
8717,4,68B6
8718,10,09A6B4821B
8719,8,B9683056
8720,2,55
8721,4,7B07
8722,8,81967522
8723,5,65A11
8724,6,A32092
8725,9,587694A29
8726,9,149653A00
8727,5,4A654
8728,2,66
8729,4,5969
8730,5,04314
8731,9,51B036A4B
8732,8,936A2B73
8733,9,5AB209747
8734,2,77
8735,5,01591
8736,7,70862A8
8737,6,74A929
8738,7,847B107
8739,3,433
8740,6,7946A7
8741,9,53B14A263
8742,5,3A566
8743,5,18561
8744,3,141
8745,6,34A274
8746,7,B457867
8747,9,425709310
8748,4,9344
8749,5,B3953
8750,6,B75937
8751,5,30199
8752,2,55
8753,9,7045893B0
8754,5,054A4
8755,3,131
8756,6,609A1A
8757,3,454
8758,4,9239
8759,6,479627
8760,3,797
8761,7,4179833
8762,3,121
8763,2,44
8764,8,14268755
8765,2,BB
8766,6,6B930B
8767,5,84318
8768,7,9AB4255
8769,4,2900
8770,4,41B1
8771,5,94677
8772,6,015475
8773,8,08B5A675
8774,3,422
8775,10,5B04371263
8776,7,B421979
8777,4,A38A
8778,4,6A33
8779,11,592067483A9
8780,5,18499
8781,4,A616
8782,7,9A72857
8783,7,5730411
8784,11,15B809674A7
8785,9,83A790525
8786,7,A645036
8787,9,760513891
8788,3,6B6
8789,5,13B71
8790,9,23A486573
8791,6,296A19
8792,5,75622
8793,7,A03B873
8794,6,50A860
8795,6,4208B4
8796,3,499
8797,4,6A0A
8798,5,14090
8799,3,B44
8800,4,57B7
8801,7,8276393
8802,6,2B7166
8803,6,142900
8804,10,7091536422
8805,6,573B87
8806,8,6A1B3593
8807,10,B32765148B
8808,7,9837159
8809,9,A6B01758A
8810,12,1B8675A04393
8811,11,497A5B2186B
8812,10,9547836A23
8813,3,393
8814,5,147B4
8815,2,99
8816,9,52A8B1972
8817,2,BB
8818,10,7509483217
8819,6,13B282
8820,6,406B2B
8821,8,7A6540B4
8822,4,4A55
8823,5,A4199
8824,10,4098A56B24
8825,2,00
8826,12,1628754B39AB
8827,5,768A6
8828,6,16AB99
8829,3,B33
8830,3,A55
8831,3,466
8832,8,A57369BA
8833,5,48B99
8834,5,75495
8835,3,2B2
8836,7,4A2958A
8837,9,A58B16398
8838,9,BA321680B
8839,5,59829
8840,11,542806B31A5
8841,5,3A080
8842,4,6046
8843,7,839A464
8844,7,201A981
8845,8,781B2641
8846,2,66
8847,9,6370295A2
8848,9,8B425A977
8849,7,82A1768
8850,4,1525
8851,3,2A2
8852,6,038611
8853,6,BA8318
8854,5,306A6
8855,2,99
8856,7,6A90233
8857,8,531280A1
8858,8,612A4B32
8859,6,7950A7
8860,7,67B0A22
8861,3,B11
8862,8,5261A909
8863,3,818
8864,6,154388
8865,2,22
8866,4,3083
8867,10,6719A23402
8868,9,B75A3482A
8869,8,713A5461
8870,8,4B5619A5
8871,3,939
8872,4,5615
8873,3,8B8
8874,5,A3855
8875,8,7A908565
8876,8,1B40268B
8877,7,4709A55
8878,2,77
8879,4,08B0
8880,8,286079A0
8881,8,461809A9
8882,4,7232
8883,3,3B3
8884,6,4B873B
8885,3,955
8886,6,782939
8887,3,A2A
8888,9,62B8A1404
8889,5,23B55
8890,5,0A188
8891,4,1595
8892,5,03913
8893,5,581A5
8894,9,27053A693
8895,6,421052
8896,4,0322
8897,6,1863BB
8898,7,49071BB
8899,6,6A872A
8900,5,31981
8901,6,B928A2
8902,6,562186
8903,11,0A86B274392
8904,5,1A464
8905,5,58909
8906,10,3A068B2953
8907,8,57904310
8908,10,589AB03275
8909,7,3742193
8910,6,859A78
8911,4,5A11
8912,7,180A958
8913,4,B686
8914,5,10344
8915,7,04639B3
8916,5,98AB9
8917,7,3674A2A
8918,4,3622
8919,6,B24A88
8920,7,47516B5
8921,5,4AB5A
8922,9,469A80B18
8923,7,5B49805
8924,6,075920
8925,4,4655
8926,7,51B9675
8927,7,0184760
8928,4,15A5
8929,3,9AA
8930,7,7591B41
8931,7,1497656
8932,8,A7923848
8933,4,5744
8934,8,8476A919
8935,6,83A2B8
8936,7,792AB32
8937,10,982A346158
8938,6,579313
8939,10,321456A898
8940,2,11
8941,8,429178B8
8942,7,93615A1
8943,7,9321803
8944,5,713B1
8945,9,9B170486B
8946,8,68051241
8947,7,86AB32A
8948,6,6380BB
8949,9,297036149
8950,9,9B375120B
8951,3,373
8952,9,198372502
8953,7,41B5686
8954,5,B598B
8955,11,7912B603A53
8956,4,B878
8957,4,97B7
8958,5,BA57B
8959,4,A19A
8960,4,0944
8961,6,16A50A
8962,5,180B0
8963,7,A42B505
8964,8,640298BB
8965,6,632AB6
8966,8,78615944
8967,7,695BA45
8968,7,1B42704
8969,6,938049
8970,3,844
8971,2,66
8972,3,212
8973,6,47A595
8974,5,05B10
8975,5,93171
8976,7,4AB760B
8977,8,B95A1049
8978,3,B11
8979,2,BB
8980,5,A5133
8981,7,97BA32A
8982,8,71028362
8983,6,374504
8984,9,709361242
8985,3,099
8986,9,A28574606
8987,6,827317
8988,5,863B8
8989,7,B62548B
8990,9,502873A62
8991,8,018B3470
8992,5,B6506
8993,9,897231B67
8994,8,14B253A2
8995,10,578692A3B9
8996,7,7B58145
8997,8,1AB5476A
8998,2,BB
8999,7,869A01A
9000,8,3846BA23
9001,6,3A1B41
9002,5,BA033
9003,8,A12708BB
9004,10,2813057460
9005,11,2A708B1369A
9006,10,AB4507381A
9007,9,280394510
9008,8,06397829
9009,3,515
9010,9,98A652011
9011,3,979
9012,6,0B7292
9013,7,3068278
9014,5,B6505
9015,7,A074267
9016,8,8AB06755
9017,8,513472B5
9018,12,462B35A1908B
9019,10,A216348B5A
9020,4,6196
9021,6,7380A3
9022,4,9739
9023,4,5B22
9024,9,6982AB404
9025,6,BA279B
9026,11,56387AB209A
9027,7,3279566
9028,8,879B3257
9029,7,1307A67
9030,7,024A952
9031,8,8B509165
9032,7,1378651
9033,6,851B41
9034,7,4621571
9035,10,B6A8953424
9036,3,929
9037,7,3796A29
9038,9,7B9104828
9039,4,9466
9040,8,B625493B
9041,12,5A9837641028
9042,3,144
9043,7,63B895B
9044,2,77
9045,5,B63AA
9046,8,813A6243
9047,3,422
9048,5,1BA2A
9049,4,A04A
9050,5,56195
9051,6,518A77
9052,8,A4215B91
9053,6,0826A8
9054,10,257604A380
9055,6,413254
9056,9,0621A7437
9057,3,434
9058,7,8153466
9059,6,9684BB
9060,6,2A0955
9061,7,5A27080
9062,7,0583B13
9063,3,262
9064,4,5075
9065,5,35898
9066,6,39B28B
9067,6,2B0177
9068,9,4B162075B
9069,5,B2515
9070,6,679219
9071,5,49060
9072,2,88
9073,7,51603B1
9074,5,46A3A
9075,7,B825700
9076,7,49163A4
9077,5,25895
9078,7,809B373
9079,6,9A4300
9080,5,238A8
9081,6,B26936
9082,4,B494
9083,8,B68A9737
9084,8,A8045130
9085,8,759B381B
9086,7,6A13988
9087,3,B88
9088,4,0838
9089,10,32109B6879
9090,7,532B17B
9091,7,07B293B
9092,10,6A538B7028
9093,3,323
9094,6,5A8498
9095,7,1B85641
9096,6,A45699
9097,8,14025731
9098,2,55
9099,5,B1791
9100,7,A729B67
9101,10,5389764103
9102,7,5421BA2
9103,4,6535
9104,8,65104A7A
9105,4,31BB
9106,5,39A69
9107,9,415827B37
9108,6,B216AB
9109,12,965072B413A2
9110,6,457214
9111,3,244
9112,4,0B11
9113,5,2B088
9114,10,51396487B7
9115,6,0B9434
9116,8,A2469789
9117,5,54715
9118,5,5A133
9119,7,B280592
9120,3,711
9121,4,6136
9122,2,55
9123,2,22
9124,3,323
9125,6,814622
9126,3,595
9127,8,B62830A2
9128,5,92379
9129,2,55
9130,6,5073A0
9131,3,566
9132,2,88
9133,5,092A0
9134,3,363
9135,3,B3B
9136,8,249615A4
9137,6,215944
9138,8,659AB319
9139,10,B32578064B
9140,11,27348965A03
9141,11,7A421086938
9142,9,978053AB3
9143,7,A321B88
9144,7,69B7546
9145,5,926A2
9146,8,946A08B4
9147,6,B04A2B
9148,7,914A757
9149,8,78B62306
9150,8,3B021973
9151,6,904255
9152,4,B70B
9153,4,0181
9154,5,98B00
9155,5,354B3
9156,5,03713
9157,4,0272
9158,3,022
9159,9,38B02597B
9160,8,651BA27A
9161,2,22
9162,10,9B74218A58
9163,6,81B468
9164,7,01342B3
9165,10,892541A371
9166,2,99
9167,3,077
9168,3,818
9169,8,6B218098
9170,7,35A6715
9171,6,57A088
9172,5,8A511
9173,12,B8013527469B
9174,8,280167B6
9175,11,82B1475A097
9176,11,3981250BA42
9177,7,456B80B
9178,7,5369729
9179,7,523B7A2
9180,4,B833
9181,7,2396A16
9182,4,38A8
9183,3,3A3
9184,4,6B8B
9185,9,6BA597434
9186,8,24563811
9187,6,463788
9188,7,90457A7
9189,8,04329767
9190,7,16B7956
9191,5,26156
9192,7,83BA65A
9193,5,97858
9194,4,2433
9195,9,A605428B0
9196,12,9A25384B7619
9197,7,6375A96
9198,6,B06353
9199,6,3276AA
9200,7,719BA31
9201,7,A950230
9202,6,3502A5
9203,8,25086B12
9204,12,280793A4B654
9205,7,8136050
9206,6,B87343
9207,7,A516731
9208,7,49B3579
9209,6,4B195B
9210,7,A4390B0
9211,2,AA
9212,8,B8A42767
9213,5,81494
9214,10,04587926B0
9215,3,344
9216,6,5729A2
9217,7,75A3B87
9218,8,50649126
9219,8,51368428
9220,3,080
9221,5,83243
9222,11,7A46095B135
9223,6,958B18
9224,6,2B056B
9225,3,B88
9226,9,A27539082
9227,10,938BA54078
9228,3,822
9229,4,5131
9230,8,29356805
9231,3,1B1
9232,7,5491021
9233,8,A5819B4A
9234,7,08B21AB
9235,6,8614B8
9236,5,62199
9237,7,9803450
9238,7,2A07582
9239,4,1744
9240,9,38A5B210B
9241,3,488
9242,3,5BB
9243,10,1B4A386099
9244,5,21455
9245,10,76AB235482
9246,9,482A65B3B
9247,8,AB926486
9248,5,A8011
9249,3,822
9250,10,24879A0310
9251,6,5A37BA
9252,7,5841274
9253,11,50371B69242
9254,8,146A9739
9255,3,311
9256,8,87295138
9257,4,84B8
9258,3,383
9259,9,6807495A5
9260,7,5613244
9261,5,38658
9262,8,A093452A
9263,2,99
9264,2,44
9265,7,8B647A4
9266,8,523BA093
9267,8,357A9483
9268,9,3871A9458
9269,7,53BA74B
9270,8,12543B05
9271,7,7AB238B
9272,4,1B81
9273,7,01B8454
9274,8,875B342B
9275,9,7AB958218
9276,3,9B9
9277,3,844
9278,5,53BAA
9279,7,245BA3A
9280,8,B529A612
9281,3,088
9282,4,46BB
9283,8,23A58913
9284,7,8A15900
9285,5,51B85
9286,5,01651
9287,6,80B968
9288,4,7107
9289,6,63A080
9290,3,100
9291,3,044
9292,2,55
9293,7,AB1273A
9294,7,3BA9577
9295,6,B5243B
9296,6,620577
9297,10,6723859400
9298,8,AB71864A
9299,11,B30A174286B
9300,6,B86A11
9301,4,2B44
9302,7,61B457B
9303,9,B245863A3
9304,11,486972B3A11
9305,8,93024180
9306,8,80465322
9307,7,B106A76
9308,7,6A48B26
9309,6,654125
9310,5,B015B
9311,5,50695
9312,10,765402BA16
9313,6,8B3798
9314,9,24679B05B
9315,5,6A400
9316,6,471B64
9317,7,6A923B6
9318,5,A9505
9319,7,1960A29
9320,10,A718625947
9321,5,138BB
9322,6,16B404
9323,6,48B708
9324,7,0962848
9325,9,0293465BB
9326,7,AB84699
9327,7,840B938
9328,6,B72900
9329,6,243655
9330,8,38152700
9331,10,7209815648
9332,5,65ABA
9333,5,63A06
9334,6,936176
9335,10,983A470B59
9336,6,4B1804
9337,8,21596782
9338,5,A8508
9339,10,984052B618
9340,6,197827
9341,11,176428A0B56
9342,7,4876191
9343,2,55
9344,5,45B14
9345,3,949
9346,6,169A31
9347,5,67026
9348,9,314629A51
9349,3,6BB
9350,9,8A9350B6A
9351,6,783A28
9352,6,A3B566
9353,5,B834B
9354,7,61A9377
9355,7,80921A2
9356,4,B23B
9357,7,B086528
9358,4,3922
9359,7,37109B1
9360,5,89519
9361,3,A00
9362,6,82BA7A
9363,10,B3170249A3
9364,8,0B728430
9365,8,513B96AB
9366,7,B980150
9367,8,98B70627
9368,7,B8397AB
9369,7,B139A66
9370,6,267517
9371,6,1302A0
9372,6,380263
9373,10,A340185674
9374,5,297BB
9375,8,76802B37
9376,3,100
9377,3,B2B
9378,7,96B3A5B
9379,6,B84618
9380,2,AA
9381,4,7867
9382,5,A5425
9383,6,415BAA
9384,5,74B67
9385,8,19B42A5B
9386,9,327BA546B
9387,8,B349610B
9388,5,15A66
9389,3,9B9
9390,8,6A5B8738
9391,3,544
9392,10,72540319B4
9393,5,46855
9394,8,98042369
9395,6,125365
9396,7,BA2860A
9397,8,651342AA
9398,8,96B17A44
9399,9,164803A56
9400,8,10738959
9401,5,96B49
9402,4,A363
9403,4,32AA
9404,10,89124A5704
9405,8,6410B584
9406,7,8206595
9407,4,59B5
9408,5,36906
9409,4,2812
9410,7,4315984
9411,7,A275167
9412,6,A38453
9413,5,4A264
9414,8,9A215079
9415,8,7103A969
9416,9,7B4589034
9417,8,5B269A02
9418,6,23A0B2
9419,6,096848
9420,4,6B26
9421,6,28A362
9422,8,A1950471
9423,5,71231
9424,9,7B6824054
9425,5,435B5
9426,9,492851AB1
9427,8,801934A8
9428,4,6B11
9429,10,5B17846927
9430,5,86099
9431,7,5B793A7
9432,8,59604B89
9433,10,973A408257
9434,7,0A42184
9435,5,459B4
9436,5,6A030
9437,11,4165B2A0737
9438,5,B4515
9439,3,454
9440,4,0140
9441,7,4A38263
9442,6,526808
9443,3,525
9444,5,765AA
9445,2,11
9446,3,822
9447,4,0626
9448,5,051B1
9449,5,65786
9450,4,4A8A
9451,2,00
9452,7,7982656
9453,4,4696
9454,2,88
9455,5,831BB
9456,9,380B74528
9457,9,4B5792688
9458,7,6AB058A
9459,6,347297
9460,8,34095868
9461,8,A3651081
9462,5,40B10
9463,6,5A1625
9464,8,07534ABA
9465,8,20B19839
9466,5,82505
9467,5,07626
9468,7,4B37A22
9469,9,4031A795A
9470,2,66
9471,8,30961858
9472,5,5B636
9473,8,5746A896
9474,8,35A98464
9475,2,88
9476,9,B352107AB
9477,9,9A74865B8
9478,7,7831A68
9479,11,B94165A2385
9480,9,281B5304B
9481,4,4959
9482,5,89538
9483,8,5A216B72
9484,6,589675
9485,4,B98B
9486,9,3617A4056
9487,4,6252
9488,9,3A1485295
9489,8,A61409BB
9490,8,1B024352
9491,8,16759807
9492,4,4565
9493,9,A30415275
9494,3,2A2
9495,5,672A2
9496,3,188
9497,5,38600
9498,3,866
9499,11,9A4687B1328
9500,7,97B3219
9501,6,219A88
9502,6,B61506
9503,7,9108259
9504,5,60188
9505,6,509848
9506,7,7498359
9507,9,B508A9729
9508,2,AA
9509,9,3B246710B
9510,8,B7105347
9511,3,212
9512,4,63B6
9513,5,B530B
9514,7,25071A2
9515,8,73502A6A
9516,2,BB
9517,8,43A10974
9518,2,BB
9519,10,1B28A4936A
9520,10,B8425A0767
9521,7,6901580
9522,8,4B0A7924
9523,10,856A1B0938
9524,8,3812B491
9525,5,72B32
9526,8,871260A0
9527,7,A78534A
9528,8,63057A4A
9529,7,496A2BA
9530,6,5B9266
9531,5,68A3A
9532,5,97857
9533,7,3B72857
9534,9,B6A85914A
9535,6,0A249A
9536,5,894A8
9537,8,9746AB54
9538,7,B76A544
9539,2,33
9540,7,483BA94
9541,5,36B22
9542,5,04AB0
9543,9,6397A5414
9544,4,6826
9545,4,2377
9546,4,5015
9547,3,1AA
9548,6,257B85
9549,5,24B72
9550,5,168A1
9551,7,91035B1
9552,10,8245A96375
9553,4,3613
9554,4,2400
9555,4,4787
9556,2,33
9557,9,26B804710
9558,10,530649A1B5
9559,5,86306
9560,2,44
9561,7,4936A19
9562,6,4B8214
9563,3,B55
9564,4,6989
9565,4,A636
9566,4,2502
9567,8,18726406
9568,8,63854121
9569,4,14BB
9570,4,7424
9571,10,2B75091A4B
9572,10,3549187B23
9573,9,4792A830A
9574,5,53205
9575,6,B2735B
9576,7,258A498
9577,8,158A3020
9578,11,46851B02A34
9579,7,34675A5
9580,4,27A2
9581,9,26B53A79B
9582,5,43797
9583,4,2477
9584,7,3901763
9585,6,5831B3
9586,10,0953176822
9587,6,938043
9588,6,205495
9589,4,2055
9590,6,807B90
9591,6,540A65
9592,4,2492
9593,4,9B1B
9594,5,08968
9595,4,3B0B
9596,8,2B1A934B
9597,7,5839077
9598,8,AB59073B
9599,10,B40291A351
9600,4,4022
9601,7,1452A92
9602,2,99
9603,8,3419AB84
9604,8,2B586495
9605,5,A5245
9606,11,56371B04981
9607,9,3B2165496
9608,6,3A250A
9609,5,A6516
9610,7,0831A90
9611,7,21504B1
9612,8,57024185
9613,5,42162
9614,2,11
9615,4,3464
9616,4,5A25
9617,4,7233
9618,7,0A726BA
9619,5,831A1
9620,6,03A545
9621,3,099
9622,4,0A99
9623,7,A653793
9624,6,216A82
9625,7,81B36A6
9626,5,19869
9627,8,1B48603B
9628,8,04785211
9629,6,B80A98
9630,4,B6A6
9631,8,93457619
9632,7,827A102
9633,8,2A6473B2
9634,5,10595
9635,4,0A30
9636,6,1240A2
9637,6,8914A1
9638,6,795A47
9639,6,598474
9640,2,BB
9641,6,A2B01A
9642,7,1540377
9643,7,64BA255
9644,9,B12563A75
9645,3,303
9646,7,8412754
9647,9,A3917648A
9648,6,82A048
9649,9,0A73B2910
9650,3,BAB
9651,8,89A43B58
9652,3,566
9653,4,6733
9654,4,4A14
9655,11,5B7130A2966
9656,9,A27065B47
9657,8,592731B5
9658,10,8B637910A7
9659,4,8928
9660,11,635049A2175
9661,7,A160891
9662,6,1B9089
9663,11,4182736B055
9664,11,6183927B408
9665,6,60A946
9666,8,926A1542
9667,9,21B536787
9668,8,89A746BA
9669,4,7A57
9670,8,B4169724
9671,7,2037952
9672,4,1622
9673,5,87233
9674,10,AB08972412
9675,9,80BA39463
9676,5,613B6
9677,7,6284198
9678,5,27632
9679,6,A39659
9680,4,8933
9681,3,616
9682,8,8A795425
9683,10,B54981A378
9684,7,0741564
9685,8,5B839744
9686,4,0242
9687,4,6786
9688,6,0897B0
9689,6,162806
9690,4,9A39
9691,2,BB
9692,10,312540B791
9693,7,5A036B3
9694,4,AB99
9695,8,A05B369B
9696,6,967588
9697,4,4684
9698,5,16B2B
9699,7,61509BB
9700,4,28AA
9701,7,7A81B57
9702,6,361806
9703,8,27093B8B
9704,4,A979
9705,4,0B22
9706,8,56478295
9707,9,57182A030
9708,2,77
9709,8,97A41200
9710,3,858
9711,6,106426
9712,8,710A8597
9713,5,13721
9714,6,B50870
9715,4,8BAA
9716,8,38974211
9717,4,04B4
9718,8,186B4377
9719,5,9B209
9720,7,A86590A
9721,8,35B06720
9722,6,B90A11
9723,6,B30963
9724,9,28A6710B6
9725,2,22
9726,3,A9A
9727,4,09A9
9728,4,2BAA
9729,7,70916B6
9730,5,42152
9731,5,B39AB
9732,7,25047BB
9733,5,34814
9734,4,3066
9735,9,573409BAB
9736,7,9437819
9737,10,1A8B70245A
9738,7,820A545
9739,3,ABB
9740,7,7B35945
9741,5,3B98B
9742,7,7B6513B
9743,7,90A812A
9744,6,825B66
9745,9,2A0467154
9746,4,0633
9747,6,842616
9748,6,1B9202
9749,2,AA
9750,6,628A76
9751,8,940A23BA
9752,5,69141
9753,5,07212
9754,6,1543B1
9755,6,2B078B
9756,9,639A2B100
9757,8,3A59B265
9758,12,7185B90A6425
9759,9,4897B103B
9760,4,86A8
9761,4,0744
9762,8,B46A2174
9763,9,481307964
9764,9,893705144
9765,3,A6A
9766,7,3612081
9767,9,612059787
9768,5,80410
9769,6,1A0370
9770,5,64133
9771,6,918323
9772,7,9685219
9773,4,15B1
9774,7,7690489
9775,8,51A48608
9776,7,6B258A8
9777,4,3255
9778,8,623A5103
9779,8,A3061522
9780,5,34123
9781,5,9AB1B
9782,6,A97B59
9783,8,B217580B
9784,11,403A62B5989
9785,10,7102943A84
9786,5,275A7
9787,5,57697
9788,6,8920A8
9789,4,2040
9790,6,15B646
9791,4,6400
9792,4,9377
9793,4,4522
9794,6,963488
9795,7,3418B7B
9796,7,14732AA
9797,10,8549AB620A
9798,12,3A8405267B16
9799,8,A7B62912
9800,4,6585
9801,10,09386A72B3
9802,8,819A6500
9803,11,143280A67B4
9804,8,14B92071
9805,4,60B0
9806,9,460B19381
9807,9,083925748
9808,5,64A22
9809,11,5AB93427817
9810,6,A4367A
9811,6,13B4A4
9812,7,6843171
9813,5,384B4
9814,7,017B25B
9815,6,048B24
9816,6,5608A8
9817,8,8459A677
9818,9,032576847
9819,9,6502498A5
9820,11,0A5B1247930
9821,8,A3860750
9822,4,B75B
9823,10,B134A95609
9824,4,2362
9825,5,3B266
9826,7,1738401
9827,3,1B1
9828,12,53628B974A19
9829,11,2B8A9064131
9830,7,90AB323
9831,6,B0916B
9832,3,522
9833,6,892755
9834,5,60586
9835,7,64873A3
9836,5,0B270
9837,7,5648175
9838,4,8308
9839,2,44
9840,4,0A70
9841,3,7BB
9842,6,603126
9843,7,0214898
9844,8,094B2752
9845,7,32AB95A
9846,6,821B68
9847,6,749034
9848,5,98525
9849,3,B6B
9850,4,6454
9851,3,2BB
9852,7,78B036B
9853,4,B499
9854,10,25409738B2
9855,6,0A8B4A
9856,7,1B97A01
9857,7,9318279
9858,8,1450B686
9859,9,682A574B7
9860,2,88
9861,7,423B193
9862,7,4A830B0
9863,5,0A710
9864,6,320577
9865,10,62A5701388
9866,6,2B41AA
9867,4,43AA
9868,3,B0B
9869,4,4BA4
9870,7,1938277
9871,7,0534A9A
9872,4,9424
9873,9,29B873A13
9874,9,329068149
9875,7,9130653
9876,10,A280195375
9877,6,458204
9878,6,0A7417
9879,10,239A80456A
9880,5,14021
9881,5,B268B
9882,5,5B37B
9883,10,6A57489B11
9884,8,A07B4252
9885,8,A314972A
9886,9,A36980458
9887,5,B1581
9888,5,52868
9889,3,B44
9890,6,B02969
9891,5,62756
9892,6,B63046
9893,4,71AA
9894,6,701257
9895,9,463B528A4
9896,10,273A5901B0
9897,4,A070
9898,8,A6027856
9899,2,77
9900,4,9869
9901,8,468539A5
9902,5,69A16
9903,5,01A99
9904,8,6571AB44
9905,5,21892
9906,4,A19A
9907,6,376499
9908,6,76B500
9909,7,95034B4
9910,7,074A233
9911,10,37048965A5
9912,7,705B215
9913,5,7A347
9914,7,205B383
9915,7,27BA46B
9916,7,4175305
9917,3,989
9918,5,31696
9919,5,71A07
9920,6,041820
9921,4,2181
9922,6,49B214
9923,6,968030
9924,8,87956047
9925,9,0B4637A9B
9926,4,5133
9927,5,43594
9928,9,B87A3195B
9929,2,44
9930,7,184B030
9931,2,55
9932,10,286A71B457
9933,3,929
9934,10,69B3A7145A
9935,6,B41688
9936,5,52499
9937,5,23700
9938,9,B47086154
9939,3,1BB
9940,8,362B1402
9941,5,8A411
9942,8,01625931
9943,10,9A06315725
9944,9,67A18432A
9945,7,0413595
9946,9,B098A1649
9947,9,A1687B036
9948,8,695271A6
9949,6,B12577
9950,12,8059B1243A74
9951,3,A1A
9952,5,654AA
9953,10,0498561A7A
9954,5,94323
9955,7,9521AB1
9956,9,867159349
9957,5,73202
9958,11,19350487AB9
9959,6,945B79
9960,5,251A5
9961,8,B5A93049
9962,6,B3491B
9963,8,732A8090
9964,3,0A0
9965,8,07B41921
9966,4,B8AA
9967,10,150A784365
9968,5,37511
9969,4,7522
9970,6,791BA1
9971,7,06BA53B
9972,3,422
9973,10,B2487A356A
9974,6,1B2962
9975,5,45B74
9976,4,A646
9977,4,9519
9978,8,4B852919
9979,8,286B9344
9980,3,255
9981,2,BB
9982,2,33
9983,6,A01760
9984,6,AB9489
9985,5,7B299
9986,9,0452367A7
9987,4,9019
9988,6,045834
9989,5,A9B77
9990,4,2344
9991,8,710432A0
9992,7,4930B79
9993,4,59BB
9994,6,470964
9995,11,35B12798A09
9996,7,57AB09B
9997,3,070
9998,11,87B25160A3A
9999,6,B65A8A
10000,10,7B254689AA
