session_id,x,sequence_codes
1,3,A0A
2,10,62A158397A
3,2,99
4,3,8B8
5,4,9833
6,7,2648A76
7,4,A686
8,5,2B702
9,7,794A8B7
10,4,3010
11,3,505
12,6,746907
13,6,894B19
14,4,1099
15,9,349720811
16,5,53A1A
17,4,27A2
18,2,00
19,3,566
20,4,58BB
21,4,7637
22,5,62ABA
23,2,77
24,6,6241B2
25,9,9018734B3
26,5,59ABB
27,3,211
28,9,6924708B4
29,2,AA
30,4,6787
31,6,164B7B
32,6,08B120
33,7,B587233
34,5,7B02B
35,3,311
36,4,2182
37,8,6BA0514A
38,6,524011
39,3,9AA
40,3,767
41,6,940733
42,4,6393
43,3,B0B
44,8,7956B215
45,7,2A6714A
46,6,36A1B1
47,6,576986
48,4,AB00
49,6,B39161
50,4,8A98
51,5,7A58A
52,9,2B659A409
53,6,821B48
54,7,7A3B45B
55,4,5B1B
56,4,6101
57,6,7234AA
58,4,5675
59,4,0711
60,4,1899
61,6,A95785
62,4,0630
63,6,A97317
64,2,77
65,4,4704
66,7,30A4570
67,4,7252
68,3,818
69,10,28437B1501
70,6,8304A3
71,5,B6322
72,4,5A99
73,5,A8768
74,5,87A0A
75,5,63A11
76,5,B8066
77,3,388
78,6,950622
79,3,474
80,4,9319
81,5,A3B13
82,7,96B35AB
83,2,44
84,8,714AB323
85,4,6535
86,6,184077
87,3,131
88,6,173927
89,4,2755
90,6,468318
91,4,9B8B
92,3,060
93,3,755
94,10,87324AB157
95,7,9037655
96,4,0255
97,3,811
98,5,18363
99,7,B694859
100,8,5A9B3613
101,5,7B2AB
102,6,850A98
103,6,61A576
104,8,926481B2
105,7,607A8B0
106,8,0A567B33
107,5,52464
108,8,37B15641
109,6,216B8B
110,6,245B72
111,7,B461521
112,5,B4A84
113,4,BA4B
114,2,AA
115,2,33
116,5,A94BB
117,4,3909
118,3,404
119,2,00
120,8,50B71A6B
121,6,86B244
122,3,272
123,5,B1801
124,2,BB
125,5,6A37A
126,4,4614
127,3,808
128,5,540A4
129,4,0ABA
130,4,6746
131,5,59389
132,6,294074
133,6,8A6B5B
134,5,27A57
135,8,93517A22
136,3,ABA
137,6,A1B424
138,5,A631A
139,8,45081A78
140,6,6AB85A
141,8,AB735922
142,3,585
143,8,8B041978
144,5,5B313
145,4,BA99
146,4,4384
147,2,99
148,2,33
149,7,A894059
150,2,BB
151,4,1909
152,8,70465A30
153,8,07621A82
154,5,52944
155,7,6981B55
156,6,635206
157,3,878
158,3,919
159,4,5399
160,6,A94377
161,2,55
162,5,9B38B
163,6,83B508
164,4,8477
165,3,797
166,5,B8525
167,6,AB762B
168,6,0BA199
169,2,77
170,2,00
171,4,A494
172,4,A232
173,5,B0188
174,4,73A7
175,5,B6232
176,6,B73522
177,6,695B4B
178,5,69505
179,4,6816
180,4,8378
181,7,B349824
182,4,6B99
183,6,0298B0
184,3,B8B
185,6,A9B05A
186,3,858
187,5,0B383
188,7,382AB1A
189,2,00
190,7,6B70A22
191,3,7A7
192,6,730187
193,9,A95643125
194,4,1422
195,2,55
196,6,43B804
197,6,94A379
198,6,A768BA
199,4,B79B
200,3,911
201,3,5B5
202,4,1B51
203,8,31849A09
204,3,979
205,4,9033
206,8,1357B848
207,4,79A7
208,5,34074
209,5,A46B6
210,4,7699
211,5,65B86
212,4,5822
213,7,B320612
214,6,827434
215,6,18A242
216,5,24B62
217,3,282
218,10,35809A412A
219,7,12B6591
220,6,1BA60B
221,4,4BAA
222,3,411
223,7,45873A7
224,4,B12B
225,4,34A4
226,5,85122
227,6,614388
228,3,711
229,6,814368
230,3,088
231,3,1B1
232,3,255
233,5,48595
234,4,8368
235,5,6B838
236,4,0630
237,10,7856A03199
238,4,7A17
239,5,6B233
240,4,7137
241,3,299
242,6,A49209
243,8,6378B243
244,3,747
245,7,2637A12
246,6,854294
247,6,3970AA
248,5,B6A0A
249,5,03A70
250,4,B525
251,6,3490B3
252,4,42A2
253,6,A37202
254,4,7407
255,4,7687
256,6,AB9727
257,6,A7B252
258,2,66
259,6,540833
260,3,656
261,7,0983548
262,9,1B29A5345
263,5,A0430
264,7,A180B99
265,7,57641BB
266,9,05B8A6744
267,3,B33
268,3,050
269,7,0184971
270,7,795A14A
271,3,199
272,4,15B1
273,4,3292
274,3,131
275,7,580B360
276,7,8B0A39B
277,4,3B00
278,4,B939
279,2,44
280,3,522
281,5,B7197
282,3,B66
283,2,22
284,5,3BA5A
285,4,A545
286,2,11
287,4,15B5
288,5,8A73A
289,4,7044
290,3,300
291,8,AB804166
292,3,944
293,6,A29644
294,3,B1B
295,7,9420B74
296,4,6B46
297,7,3A98464
298,3,477
299,6,A34184
300,6,93A788
301,3,522
302,5,32B13
303,8,39A50711
304,3,077
305,5,A3B5A
306,5,48010
307,5,1B080
308,5,08658
309,4,7167
310,7,91A6781
311,3,588
312,5,79622
313,3,677
314,3,322
315,10,369702B819
316,4,1909
317,6,0A1421
318,2,00
319,2,22
320,5,42834
321,3,B00
322,7,4A9B089
323,5,615A1
324,4,3653
325,6,2B3744
326,5,7B600
327,2,AA
328,3,B00
329,7,52A48B8
330,6,529079
331,6,874524
332,4,9141
333,7,87301A1
334,6,30B620
335,7,2B5907B
336,10,89A1B23077
337,5,40757
338,3,933
339,2,22
340,6,13A89A
341,5,60940
342,6,9B0A4B
343,3,767
344,6,945077
345,6,089A22
346,3,454
347,2,88
348,4,5848
349,6,475B25
350,4,60AA
351,5,57929
352,6,9238A9
353,9,2B549A808
354,5,B465B
355,7,2B56A8A
356,2,77
357,3,099
358,8,39845768
359,9,1980526B2
360,6,2A1652
361,5,58622
362,10,834B19067B
363,3,959
364,2,11
365,9,A49217069
366,5,7A567
367,9,482A5B614
368,5,3A7B3
369,6,7432B2
370,9,946B5A72B
371,9,682A9B512
372,2,00
373,2,11
374,3,833
375,5,826AA
376,2,44
377,5,54011
378,3,8A8
379,3,033
380,3,833
381,8,60BA4750
382,3,899
383,6,1B39A3
384,4,4974
385,5,B7858
386,3,022
387,5,8B909
388,2,88
389,4,45B5
390,8,4B697855
391,8,209A715A
392,6,9710AA
393,6,1AB466
394,5,693B9
395,5,7B9A7
396,6,623AB6
397,3,060
398,6,7A45B5
399,4,01B1
400,7,206B98B
401,5,56A1A
402,3,B7B
403,3,0B0
404,5,27454
405,4,B82B
406,4,A363
407,6,890120
408,3,922
409,7,2935088
410,4,4B99
411,5,3A070
412,2,66
413,6,138543
414,3,A1A
415,5,94787
416,8,1B563707
417,8,147B0595
418,2,BB
419,5,290A0
420,5,76386
421,6,94A609
422,4,1B21
423,3,A88
424,7,84127A7
425,3,988
426,2,55
427,8,58936425
428,4,A727
429,5,142A4
430,7,6A40575
431,6,58A06A
432,3,B9B
433,2,99
434,7,4673B54
435,4,1A91
436,4,3922
437,2,33
438,7,5B68146
439,3,656
440,5,80930
441,8,076918B7
442,5,75B25
443,5,23642
444,8,34B629AA
445,6,6097AA
446,6,563822
447,6,50A747
448,4,7A27
449,2,66
450,4,B232
451,4,2747
452,4,8377
453,3,155
454,4,A3BA
455,7,7890B3B
456,5,74B0B
457,4,A87A
458,3,100
459,4,8A68
460,3,595
461,8,08364920
462,3,699
463,2,BB
464,6,20B313
465,7,03429A2
466,7,B62A536
467,6,67A200
468,4,0A66
469,6,750395
470,8,03B29866
471,4,4799
472,5,3A676
473,2,88
474,5,49755
475,3,844
476,9,05A37B811
477,5,45166
478,7,5267B02
479,4,7487
480,3,A55
481,5,79A6A
482,6,62B399
483,9,250613A41
484,6,70A187
485,5,61706
486,5,42054
487,4,9819
488,6,534B99
489,5,48BAA
490,7,01A5633
491,7,049A636
492,8,192638A1
493,5,94131
494,4,A388
495,5,43874
496,6,B36A23
497,4,B5AA
498,3,9B9
499,8,8723BA57
500,7,29B75A9
501,2,AA
502,4,0212
503,3,377
504,4,5909
505,3,101
506,6,B32783
507,6,3107A1
508,3,277
509,6,A978B7
510,4,25A2
511,2,11
512,4,4969
513,2,00
514,9,1B79A6587
515,6,8235AA
516,6,197A0A
517,4,B04B
518,4,A866
519,7,97A0259
520,5,254A2
521,4,3B1B
522,7,371B656
523,4,2042
524,6,685191
525,5,6A53A
526,6,0A7537
527,4,6588
528,4,9BAA
529,5,67406
530,5,23477
531,4,B399
532,4,4979
533,5,B8966
534,5,7B133
535,4,9349
536,8,94072164
537,6,10AB6A
538,6,671323
539,5,B759B
540,7,7802499
541,9,25496A171
542,4,9040
543,3,855
544,3,757
545,6,043277
546,4,9379
547,4,B54B
548,8,A95176B6
549,4,1477
550,3,799
551,5,92511
552,4,1727
553,5,2B9A2
554,6,3B4104
555,6,279047
556,3,7BB
557,10,5A97248133
558,5,08628
559,5,761A1
560,4,B282
561,8,92A63543
562,4,6A0A
563,9,B498A702A
564,7,75B1421
565,5,0B7AA
566,3,050
567,6,958419
568,3,744
569,2,77
570,3,414
571,3,626
572,12,354182A76B98
573,6,610737
574,5,0A9B0
575,5,36212
576,5,65288
577,2,77
578,3,188
579,4,8272
580,5,62176
581,7,7248368
582,9,18762A4BB
583,4,B848
584,5,B154B
585,6,073860
586,6,42A982
587,8,084A9124
588,3,622
589,3,343
590,3,533
591,3,545
592,6,1A8698
593,3,909
594,3,6A6
595,4,9161
596,3,899
597,7,B270A88
598,5,42363
599,7,BA2053A
600,9,9648207B9
601,9,612A30743
602,3,565
603,7,2B845AB
604,4,8A5A
605,7,7154ABB
606,2,77
607,3,500
608,8,60A21582
609,9,4B50A7287
610,2,77
611,4,7060
612,4,7505
613,9,0B3812541
614,3,844
615,3,766
616,6,8BA535
617,7,3027B43
618,5,B07AA
619,4,1B66
620,4,2692
621,4,B747
622,5,0B15B
623,8,40B69515
624,2,11
625,3,300
626,7,1809B58
627,6,630822
628,3,090
629,5,8A499
630,5,706AA
631,7,53249A5
632,3,626
633,3,212
634,6,923502
635,4,4232
636,4,A121
637,7,7B53A83
638,4,BA4B
639,6,679300
640,4,0750
641,5,027B0
642,4,6399
643,4,8699
644,3,898
645,9,49851B271
646,5,23803
647,4,8939
648,5,71401
649,5,29BA2
650,4,6B99
651,8,7B102631
652,4,5131
653,8,3B82719B
654,4,5105
655,5,25982
656,9,4A6831909
657,7,4513288
658,10,0A2B391565
659,6,236782
660,3,811
661,3,313
662,3,B4B
663,7,23569A2
664,7,08B9740
665,5,75405
666,4,6311
667,6,15A681
668,6,13B58B
669,4,4BAB
670,6,618977
671,3,040
672,8,6B598139
673,4,0311
674,6,6B9500
675,9,6BA253702
676,4,0833
677,3,3AA
678,4,2949
679,2,AA
680,5,03693
681,6,9A4654
682,5,24B3B
683,8,89B24578
684,6,631B21
685,3,022
686,3,9A9
687,8,79023B89
688,7,3251494
689,3,588
690,4,3040
691,6,6B1076
692,3,848
693,4,1031
694,3,191
695,7,AB7032B
696,4,36BB
697,5,64909
698,6,2B80AB
699,6,845374
700,4,3144
701,6,140970
702,5,71987
703,10,9A054318BB
704,6,52B71B
705,5,70544
706,6,70B696
707,7,A018565
708,8,A97B826A
709,4,94AA
710,9,82B146902
711,4,5622
712,5,37153
713,2,BB
714,7,B8461A4
715,6,1BA42B
716,5,48B34
717,7,34765A6
718,5,289BB
719,8,923687A3
720,8,95268306
721,7,A97216A
722,3,9AA
723,7,637A4BA
724,2,BB
725,6,143699
726,10,74156A03BB
727,7,A308293
728,4,8A5A
729,5,A9209
730,4,4A24
731,7,456A075
732,6,856146
733,6,08A717
734,5,19262
735,8,068A3929
736,6,B60386
737,6,64B57B
738,2,33
739,8,82B90530
740,2,11
741,7,1A84505
742,5,19561
743,2,66
744,5,3AB88
745,2,33
746,4,6141
747,3,191
748,4,5615
749,2,AA
750,3,1B1
751,2,AA
752,3,088
753,6,218451
754,2,99
755,4,3808
756,3,900
757,4,9AB9
758,8,8942B072
759,5,8A0B8
760,8,786B1040
761,4,5965
762,5,73047
763,6,A89429
764,6,8A709A
765,3,144
766,4,6212
767,3,5AA
768,5,04B5B
769,6,4B2314
770,3,8AA
771,5,A4262
772,4,1388
773,4,2799
774,7,8907A58
775,9,6703B5217
776,8,AB782452
777,6,1B9541
778,5,80B1B
779,5,4AB6B
780,4,4811
781,3,757
782,10,B95421A671
783,8,A2395B09
784,4,A525
785,5,503A0
786,8,7865AB07
787,6,657B87
788,6,280650
789,4,2566
790,6,430299
791,6,34B674
792,9,38B461578
793,8,A29016BB
794,5,49233
795,7,4018AB0
796,3,977
797,10,7AB4590688
798,7,3AB690B
799,2,BB
800,7,7965B2B
801,4,82A8
802,5,97858
803,7,24A193A
804,2,44
805,3,011
806,6,360753
807,7,207AB99
808,4,8611
809,7,0184968
810,5,32898
811,4,B838
812,6,3086A8
813,8,98427512
814,5,B2832
815,8,194632B6
816,4,AB99
817,7,23B89A3
818,3,B9B
819,8,789621AA
820,4,20BB
821,4,3A9A
822,8,832071BB
823,5,A41BB
824,10,270A8346B3
825,4,7282
826,7,3148BA4
827,5,B4855
828,6,62AB36
829,4,A373
830,3,833
831,4,8299
832,4,7636
833,7,4507311
834,8,18546B28
835,7,0185B68
836,5,7B087
837,6,6285A8
838,10,A139285767
839,9,7BA893618
840,5,93423
841,7,0B49355
842,2,44
843,5,86948
844,8,35B2A04A
845,3,323
846,8,02547A8A
847,5,30283
848,5,62A76
849,5,02860
850,4,3177
851,7,76A3207
852,3,838
853,5,9A464
854,3,959
855,4,18A8
856,4,6A96
857,9,5B0716A99
858,2,66
859,6,4781AA
860,7,285A166
861,4,9B7B
862,4,B030
863,3,ABA
864,7,74A028A
865,5,546B5
866,4,6080
867,6,65B296
868,4,A2BB
869,5,B516B
870,5,259A2
871,5,A4B0B
872,6,9B6077
873,5,76146
874,5,85141
875,8,94031583
876,4,0388
877,6,074A9A
878,6,7916BB
879,9,67825B046
880,4,B4AB
881,6,286959
882,6,832473
883,5,85313
884,6,9A4878
885,4,6377
886,8,354789B7
887,3,B33
888,5,672BB
889,5,A5645
890,5,AB585
891,7,96721A7
892,4,1677
893,6,619756
894,8,276BA83B
895,4,4929
896,4,61B6
897,2,99
898,6,849618
899,2,00
900,9,5139B7865
901,4,0383
902,5,0B787
903,3,434
904,4,A411
905,3,199
906,5,35922
907,2,55
908,3,299
909,4,6B11
910,12,6471A8359B22
911,6,5AB085
912,4,9579
913,5,106B1
914,6,630156
915,10,2A579B4184
916,2,66
917,6,54B875
918,5,396A3
919,4,4858
920,8,04B91624
921,3,525
922,8,812947A1
923,3,2BB
924,4,8020
925,5,9A68A
926,5,7B157
927,6,874A54
928,6,279484
929,4,8303
930,8,83945A00
931,6,917686
932,3,A4A
933,2,00
934,6,B04634
935,4,68B6
936,5,582A2
937,4,8BAB
938,8,A05698B6
939,4,9611
940,4,2090
941,5,612B6
942,9,9328B510B
943,8,B367A80B
944,4,08B8
945,9,31679B8A6
946,5,94566
947,3,030
948,6,A75267
949,4,B606
950,5,23600
951,3,B4B
952,5,95676
953,3,A5A
954,7,3019A50
955,6,835408
956,5,07580
957,3,811
958,5,37166
959,5,29AB2
960,4,8A11
961,2,22
962,4,9179
963,3,727
964,5,B09AA
965,4,0655
966,5,61299
967,6,06B244
968,9,807B56A3A
969,2,44
970,6,490585
971,6,74A5B5
972,6,3A1921
973,4,4311
974,7,1056838
975,6,3AB499
976,8,03894122
977,5,16271
978,6,674055
979,5,68499
980,4,0840
981,3,636
982,4,B101
983,3,3BB
984,7,97046B6
985,4,9ABB
986,4,3B1B
987,4,5688
988,5,A1951
989,4,70AA
990,5,8A27A
991,5,19061
992,8,743B8A07
993,2,66
994,4,A404
995,8,0B974636
996,4,9747
997,6,397543
998,5,28355
999,6,387B00
1000,5,A8B3A
1001,4,9BAB
1002,3,767
1003,4,B707
1004,8,A8437917
1005,8,20984159
1006,4,7837
1007,5,9A676
1008,4,3599
1009,4,8677
1010,7,7B51267
1011,6,3B1499
1012,8,52497BAA
1013,6,4B2166
1014,3,744
1015,2,77
1016,2,44
1017,7,109A389
1018,4,4577
1019,8,3297A487
1020,4,1979
1021,8,691B42A6
1022,4,8656
1023,4,28B8
1024,7,4329B73
1025,6,1745B1
1026,3,131
1027,5,61906
1028,8,B8217454
1029,4,3299
1030,7,250B64B
1031,5,17A2A
1032,5,17431
1033,4,5033
1034,5,6B5AA
1035,6,53B9A9
1036,6,15A78A
1037,2,88
1038,7,7BA1959
1039,5,65B16
1040,3,484
1041,4,3253
1042,6,A45965
1043,4,4393
1044,6,123B99
1045,6,402B55
1046,7,8631953
1047,4,32A2
1048,8,6521AB06
1049,2,11
1050,3,7A7
1051,3,855
1052,4,B34B
1053,4,1767
1054,2,55
1055,6,7AB35A
1056,3,515
1057,3,A5A
1058,6,65A011
1059,5,06726
1060,3,434
1061,9,2B6750180
1062,3,060
1063,8,4B501280
1064,2,99
1065,4,0A11
1066,3,A5A
1067,5,A8248
1068,4,5B95
1069,7,4B37567
1070,7,90A7488
1071,6,A79B27
1072,6,3A5795
1073,8,6A341822
1074,5,29B09
1075,6,245399
1076,4,3600
1077,6,46B202
1078,8,B2085A70
1079,7,65023A3
1080,8,79A61509
1081,4,8B3B
1082,5,4B717
1083,4,79BB
1084,9,817259ABA
1085,8,A1043266
1086,6,B2A488
1087,6,36A85A
1088,5,0AB10
1089,3,611
1090,3,979
1091,4,7987
1092,5,70420
1093,8,05273646
1094,7,B68A416
1095,4,5925
1096,4,0730
1097,6,074955
1098,7,981A231
1099,7,97A8537
1100,6,756B44
1101,6,6580B5
1102,3,677
1103,7,AB3064B
1104,6,32A452
1105,3,838
1106,6,6B9706
1107,6,9A2474
1108,7,4758234
1109,3,533
1110,5,1B40B
1111,7,12A6976
1112,4,7ABB
1113,7,21853B8
1114,5,A0B22
1115,8,A0917B47
1116,6,835A0A
1117,10,9874531A21
1118,2,88
1119,2,AA
1120,8,B103A27B
1121,5,2A575
1122,8,B2093870
1123,8,3794A15A
1124,4,1921
1125,2,33
1126,7,6A7B181
1127,4,6876
1128,3,949
1129,6,982538
1130,5,B6855
1131,4,1ABA
1132,6,5B6796
1133,10,47318960B0
1134,3,722
1135,2,11
1136,7,518B798
1137,3,BAA
1138,6,5B041B
1139,3,544
1140,4,81B1
1141,5,A89B9
1142,3,050
1143,2,55
1144,9,5836B9018
1145,4,52BB
1146,6,039181
1147,7,A240B8A
1148,7,AB87167
1149,4,A282
1150,5,27BA7
1151,4,46BB
1152,4,4787
1153,7,368A108
1154,4,05B5
1155,6,831751
1156,3,088
1157,6,326746
1158,3,988
1159,6,B724A4
1160,2,AA
1161,5,93566
1162,3,898
1163,6,815235
1164,5,03173
1165,2,11
1166,4,7838
1167,6,763A88
1168,5,417B7
1169,4,1434
1170,2,77
1171,6,503925
1172,5,38600
1173,6,8601B0
1174,3,B8B
1175,4,69AA
1176,7,2B53A0B
1177,6,5AB90A
1178,4,4588
1179,8,7B029647
1180,2,11
1181,7,1A753BA
1182,5,0A12A
1183,8,89A13258
1184,5,34020
1185,8,821A659A
1186,5,809A9
1187,7,5971387
1188,5,78A07
1189,7,B86A046
1190,7,8260373
1191,4,24BB
1192,4,0B2B
1193,7,2A7149A
1194,4,3515
1195,6,B8A599
1196,6,1A9B33
1197,4,19A1
1198,4,6322
1199,5,925B9
1200,4,B8AB
1201,5,37293
1202,2,66
1203,4,4704
1204,4,80A8
1205,5,32482
1206,5,AB988
1207,4,26AA
1208,6,683546
1209,3,878
1210,5,21401
1211,3,1AA
1212,7,A4961BA
1213,4,1545
1214,3,707
1215,3,272
1216,4,70BB
1217,10,A6214B8595
1218,8,5B219632
1219,9,026B85311
1220,5,69726
1221,4,B4AA
1222,3,688
1223,5,126B1
1224,5,9B1A1
1225,3,533
1226,8,45912682
1227,5,75A05
1228,5,93488
1229,6,25B095
1230,6,603793
1231,7,30A4973
1232,4,3A6A
1233,4,5A05
1234,4,9757
1235,9,65B149A2A
1236,5,65B35
1237,7,2046ABB
1238,9,B01936727
1239,6,3521B5
1240,3,B88
1241,6,28A708
1242,6,2A9369
1243,4,A252
1244,6,4B1033
1245,4,37B3
1246,6,187061
1247,7,1B624A2
1248,2,22
1249,5,14799
1250,2,99
1251,7,B410388
1252,5,B6131
1253,7,3B5821B
1254,8,429716BB
1255,5,94A34
1256,4,5925
1257,6,076434
1258,11,1075BA36283
1259,9,5921478B9
1260,4,5465
1261,7,1B90381
1262,4,4030
1263,4,6292
1264,3,919
1265,5,36A73
1266,2,33
1267,4,83B3
1268,2,44
1269,4,2535
1270,7,563B186
1271,9,503498125
1272,4,78A8
1273,8,86093156
1274,5,0A288
1275,2,00
1276,3,700
1277,7,0528B30
1278,8,730821A2
1279,5,70BAA
1280,5,12B77
1281,4,75A7
1282,7,5B743AB
1283,6,6B249B
1284,5,10761
1285,5,35A7A
1286,6,970A59
1287,9,4BA980313
1288,3,1AA
1289,4,8728
1290,9,5809361A5
1291,4,2A6A
1292,5,80464
1293,5,42B92
1294,3,525
1295,7,8973517
1296,3,A44
1297,6,3BA75B
1298,4,1733
1299,4,BA66
1300,4,A75A
1301,5,16575
1302,4,B288
1303,6,3B6A06
1304,8,59348265
1305,5,B8938
1306,3,3A3
1307,6,695136
1308,4,0838
1309,3,838
1310,3,353
1311,4,8966
1312,4,9577
1313,4,9511
1314,4,B911
1315,8,BA789239
1316,5,6A14A
1317,2,66
1318,5,17A44
1319,4,9466
1320,6,71A691
1321,3,922
1322,9,9704A82B7
1323,6,16B40B
1324,7,9A15B65
1325,6,9A082A
1326,6,65B70B
1327,6,907646
1328,4,2900
1329,4,9188
1330,7,0B6A356
1331,5,04787
1332,4,8677
1333,2,11
1334,5,347B3
1335,6,4517B5
1336,6,954B39
1337,3,577
1338,7,0A84624
1339,8,A4293B8A
1340,3,383
1341,2,33
1342,5,01B55
1343,6,A458B5
1344,10,2B5A864075
1345,2,00
1346,6,304212
1347,5,A9B00
1348,5,82792
1349,3,733
1350,5,74164
1351,2,99
1352,4,3653
1353,3,800
1354,3,2AA
1355,5,49054
1356,6,B1987B
1357,9,5486271A7
1358,6,A30763
1359,9,8A4310590
1360,5,1A577
1361,7,3A47613
1362,4,7207
1363,4,1633
1364,6,A926B2
1365,5,41764
1366,4,3B93
1367,3,646
1368,3,959
1369,10,5B78903467
1370,7,7651A87
1371,7,5986136
1372,7,315B261
1373,8,3BA72151
1374,3,9A9
1375,5,83503
1376,4,4A5A
1377,8,2403B9A4
1378,3,711
1379,5,49679
1380,6,7B8A0B
1381,5,5B877
1382,9,50492B735
1383,6,A03744
1384,9,B792451A7
1385,3,424
1386,4,2477
1387,10,A8942B5739
1388,4,1797
1389,10,21768940B1
1390,6,5241AA
1391,5,B8727
1392,7,3027640
1393,3,565
1394,3,727
1395,8,578326A6
1396,3,272
1397,9,5284A9B39
1398,5,79217
1399,4,3155
1400,2,33
1401,6,2B70A7
1402,7,90483A0
1403,3,A1A
1404,5,A645A
1405,5,52414
1406,3,1BB
1407,5,61931
1408,10,6580B4A298
1409,3,822
1410,5,27633
1411,4,0240
1412,5,61926
1413,2,00
1414,4,0939
1415,2,66
1416,5,412B4
1417,6,4583B5
1418,6,A705B5
1419,8,436B8294
1420,6,29A01A
1421,5,BA696
1422,6,B63876
1423,7,12B7080
1424,4,9089
1425,3,424
1426,3,822
1427,3,8A8
1428,5,25411
1429,4,6A22
1430,8,6B82A178
1431,7,86720A2
1432,4,6A00
1433,5,40720
1434,9,28A475094
1435,6,4358A3
1436,5,37803
1437,6,4013A1
1438,6,768437
1439,7,45268A5
1440,3,3A3
1441,5,47A2A
1442,3,373
1443,6,B5013B
1444,5,368A3
1445,3,088
1446,4,9A89
1447,5,20910
1448,6,2A106A
1449,7,48056B5
1450,9,725B419A7
1451,5,BA171
1452,2,88
1453,6,1A0787
1454,3,066
1455,2,AA
1456,4,6B22
1457,4,4274
1458,3,010
1459,4,5077
1460,4,7494
1461,3,848
1462,4,0911
1463,6,653414
1464,3,747
1465,7,B465176
1466,8,B9A6154A
1467,2,AA
1468,3,828
1469,4,4B3B
1470,5,B8616
1471,9,0873A91B3
1472,6,206737
1473,3,919
1474,8,90432B14
1475,3,499
1476,6,542765
1477,4,8933
1478,6,728192
1479,5,463B3
1480,3,4BB
1481,6,62B077
1482,3,262
1483,5,01BAA
1484,6,720633
1485,8,920183A2
1486,6,571347
1487,4,7255
1488,7,2769859
1489,6,753B95
1490,7,4B61933
1491,7,1AB640B
1492,4,8B5B
1493,8,98754138
1494,2,33
1495,7,A13826A
1496,7,01A957A
1497,5,94655
1498,4,35BB
1499,3,686
1500,9,8B901A240
1501,8,49A72384
1502,3,799
1503,3,355
1504,7,5AB317B
1505,3,313
1506,2,55
1507,8,8B169424
1508,3,311
1509,8,492536AA
1510,5,8B09B
1511,3,A6A
1512,6,837657
1513,6,8614AA
1514,2,BB
1515,6,346A14
1516,2,88
1517,3,377
1518,6,49A656
1519,3,A66
1520,6,A01878
1521,6,3B10A3
1522,7,B578497
1523,6,937B07
1524,9,81BA62434
1525,5,68133
1526,4,A266
1527,3,959
1528,9,87432A514
1529,3,944
1530,4,A955
1531,6,673B06
1532,6,948619
1533,6,0A42B2
1534,5,45303
1535,6,095319
1536,7,89B0644
1537,7,5987B18
1538,6,950369
1539,3,474
1540,6,B64514
1541,7,9275A4A
1542,4,3808
1543,7,576A488
1544,6,015875
1545,5,3B463
1546,4,7535
1547,5,38404
1548,2,BB
1549,8,42B857A5
1550,2,AA
1551,5,412B2
1552,3,499
1553,8,6291A757
1554,6,724362
1555,5,670AA
1556,7,4513285
1557,4,6576
1558,4,86B8
1559,3,878
1560,4,BA11
1561,3,377
1562,4,53B3
1563,7,2B917A1
1564,5,A49B9
1565,5,04511
1566,8,18246A52
1567,3,255
1568,7,9702BA0
1569,6,650299
1570,8,3257B805
1571,2,33
1572,5,37123
1573,7,6B95345
1574,4,7133
1575,3,B33
1576,9,02BA65383
1577,6,056B99
1578,5,87A99
1579,5,43588
1580,4,2911
1581,6,431B61
1582,6,B7942B
1583,8,1AB09539
1584,4,A979
1585,7,953B475
1586,8,92657848
1587,10,6329AB8718
1588,3,9AA
1589,4,8055
1590,3,3B3
1591,10,789154B322
1592,8,B7548A22
1593,4,2B55
1594,2,22
1595,4,7A57
1596,5,52717
1597,6,941B04
1598,8,7B916349
1599,6,018A30
1600,8,6A273B8B
1601,7,8571B9B
1602,8,23085A42
1603,4,1761
1604,10,517B80A348
1605,7,0486B54
1606,5,A5422
1607,4,9329
1608,4,5433
1609,4,0311
1610,4,12A1
1611,6,5B3925
1612,6,902544
1613,7,189AB7B
1614,4,3212
1615,4,79B7
1616,6,BA845A
1617,6,498754
1618,4,A50A
1619,3,177
1620,3,BAB
1621,6,5370A5
1622,5,30B83
1623,6,8139A8
1624,3,899
1625,5,68511
1626,3,266
1627,5,34A8A
1628,5,026A2
1629,5,6B876
1630,4,61A6
1631,6,895035
1632,6,192060
1633,6,26A482
1634,4,4022
1635,7,97A1545
1636,7,74B6517
1637,5,3A91A
1638,5,50815
1639,4,58AA
1640,4,B191
1641,4,1041
1642,4,1A01
1643,7,9B41A7A
1644,8,96453B86
1645,9,532B08A98
1646,7,9423A0A
1647,3,A66
1648,4,68AA
1649,3,422
1650,9,3104AB79A
1651,4,5425
1652,5,3B066
1653,5,31B93
1654,6,B94757
1655,4,3422
1656,5,50919
1657,5,84676
1658,5,30183
1659,6,032512
1660,6,798161
1661,4,7A17
1662,6,897628
1663,3,525
1664,2,44
1665,5,98219
1666,9,8A2379B5B
1667,5,6A286
1668,5,A5424
1669,4,A5BA
1670,6,61AB71
1671,4,82A8
1672,7,37A0563
1673,6,49B262
1674,7,46A583A
1675,8,9768A539
1676,8,2759A635
1677,5,8A67A
1678,7,6427A97
1679,4,2832
1680,3,A8A
1681,5,26472
1682,6,6A0510
1683,4,6BAB
1684,4,0340
1685,6,061B31
1686,9,7063B1943
1687,6,42B151
1688,4,46AA
1689,2,44
1690,2,55
1691,3,699
1692,10,A405B13694
1693,7,0154AB0
1694,3,1B1
1695,5,30B53
1696,4,B6A6
1697,6,219AB2
1698,6,6B9216
1699,7,3125042
1700,2,BB
1701,7,1357283
1702,5,34722
1703,7,A573485
1704,4,3797
1705,4,30AA
1706,6,A02792
1707,6,3896AA
1708,4,0B20
1709,6,735B66
1710,7,13750A3
1711,4,7030
1712,2,00
1713,9,86075BA44
1714,5,340B0
1715,5,AB855
1716,6,2B9144
1717,4,3699
1718,8,5B170484
1719,4,5399
1720,8,86B5A925
1721,6,1527B7
1722,4,8737
1723,2,11
1724,5,06433
1725,7,28B9138
1726,3,414
1727,5,B4614
1728,7,31587A7
1729,8,B5629035
1730,3,844
1731,3,1AA
1732,6,5874A5
1733,6,192482
1734,4,A2B2
1735,4,6256
1736,7,2703B88
1737,5,39744
1738,4,6414
1739,6,348728
1740,2,77
1741,6,B65105
1742,2,00
1743,7,3507989
1744,2,55
1745,9,4690B83A8
1746,2,BB
1747,6,846536
1748,2,BB
1749,6,729049
1750,5,14B51
1751,6,9B1255
1752,3,141
1753,3,655
1754,7,3928143
1755,6,201A44
1756,7,9B65186
1757,2,55
1758,5,A8548
1759,4,6956
1760,6,741A94
1761,6,3A298A
1762,4,7388
1763,2,11
1764,2,88
1765,6,896717
1766,5,1A565
1767,6,B82500
1768,5,76393
1769,7,93B7163
1770,5,45205
1771,4,0530
1772,5,79657
1773,10,7B293168AB
1774,4,94AA
1775,5,A91BB
1776,5,23655
1777,7,9036B11
1778,3,060
1779,4,6133
1780,4,B155
1781,5,7B322
1782,9,0B13A7255
1783,2,00
1784,4,9B8B
1785,6,014AB0
1786,3,0A0
1787,6,6351B3
1788,6,B1498B
1789,5,785B7
1790,8,0B893515
1791,5,07B55
1792,6,A47317
1793,4,7267
1794,2,00
1795,6,876299
1796,4,3A2A
1797,5,105A0
1798,3,411
1799,5,B0922
1800,3,B99
1801,3,1A1
1802,8,B694138B
1803,3,252
1804,4,A606
1805,2,33
1806,4,4364
1807,7,6175BAA
1808,6,0A83B0
1809,3,A1A
1810,5,93878
1811,10,5B0917A835
1812,5,61744
1813,3,515
1814,5,75345
1815,4,50A5
1816,7,8532063
1817,5,A0919
1818,6,3B8202
1819,6,5B1202
1820,7,10B8620
1821,9,8605492A8
1822,4,2939
1823,5,79A57
1824,7,A350898
1825,4,07BB
1826,8,A3187B6B
1827,8,9B764313
1828,6,8297A2
1829,6,426393
1830,5,3A288
1831,7,B2538AB
1832,7,812B57B
1833,7,1387A68
1834,3,266
1835,2,99
1836,2,AA
1837,3,899
1838,8,4A0236B2
1839,7,A285178
1840,5,891B9
1841,5,45814
1842,7,5916B09
1843,4,01B0
1844,6,278952
1845,6,B87597
1846,4,A969
1847,6,721B5B
1848,4,A97A
1849,6,457607
1850,9,2B84A7052
1851,4,1626
1852,10,243096AB89
1853,5,31751
1854,8,36A24902
1855,5,67131
1856,3,868
1857,3,181
1858,8,05427A34
1859,6,128066
1860,3,1B1
1861,3,161
1862,4,2868
1863,8,5278A19A
1864,7,19AB039
1865,8,0B354262
1866,2,AA
1867,4,90A0
1868,8,A2B13070
1869,7,5B346A6
1870,5,1B0A0
1871,3,848
1872,3,166
1873,5,65915
1874,6,A98409
1875,4,0797
1876,7,5A13B95
1877,5,92839
1878,6,7124A2
1879,7,64B3155
1880,5,5B677
1881,9,8124B5938
1882,5,58078
1883,3,9BB
1884,3,797
1885,6,B2031B
1886,3,575
1887,5,B5A75
1888,3,494
1889,10,950A174233
1890,6,759019
1891,8,123740B1
1892,7,21B4393
1893,5,A9800
1894,6,536706
1895,3,A11
1896,5,04174
1897,5,A065A
1898,4,8048
1899,9,5324967AA
1900,4,8398
1901,7,97B3655
1902,6,5A6131
1903,6,8A15BB
1904,4,A02A
1905,7,2179489
1906,3,A4A
1907,6,864054
1908,6,B630A0
1909,4,8299
1910,5,A587A
1911,2,44
1912,5,29181
1913,4,4855
1914,6,2750B7
1915,6,A47B66
1916,6,71AB67
1917,5,025B0
1918,5,B06AB
1919,5,32101
1920,10,91BA543624
1921,7,7596B07
1922,3,400
1923,6,731525
1924,5,93010
1925,7,83A5B45
1926,6,97B288
1927,5,9B639
1928,7,A48B194
1929,5,B6424
1930,3,3B3
1931,3,577
1932,2,44
1933,5,61ABB
1934,6,5A6275
1935,4,7B3B
1936,6,671929
1937,7,12B4391
1938,6,8B3193
1939,7,496B788
1940,4,2182
1941,3,565
1942,4,2788
1943,7,35641A1
1944,7,3918525
1945,5,B69A6
1946,5,B5925
1947,6,613545
1948,5,30191
1949,5,B2933
1950,5,41909
1951,7,8A01591
1952,6,2B4060
1953,2,55
1954,5,18048
1955,7,6893526
1956,5,17847
1957,3,9A9
1958,6,A40B60
1959,2,BB
1960,7,64A827A
1961,7,5120B90
1962,6,B31A8B
1963,2,11
1964,4,80A8
1965,3,272
1966,3,262
1967,4,58A5
1968,3,808
1969,2,22
1970,4,9479
1971,9,8756AB919
1972,3,711
1973,4,3922
1974,4,0141
1975,4,4B00
1976,6,BA0477
1977,3,366
1978,4,78A8
1979,4,A9BB
1980,3,616
1981,3,252
1982,6,529A09
1983,6,7962B6
1984,10,2598740AB9
1985,6,7695AA
1986,7,24BA374
1987,5,A485A
1988,4,0790
1989,4,4595
1990,11,518A6B27438
1991,9,9165238B6
1992,4,3141
1993,6,5079BB
1994,7,517BA45
1995,3,199
1996,4,A909
1997,4,9809
1998,6,B17588
1999,3,B7B
2000,2,BB
2001,8,37805493
2002,3,181
2003,4,3500
2004,2,66
2005,9,93610B821
2006,4,4374
2007,5,A1300
2008,6,582732
2009,5,74064
2010,3,7B7
2011,4,0422
2012,7,B156A41
2013,9,B41A32091
2014,3,677
2015,8,8A2173B1
2016,5,0A830
2017,4,8255
2018,4,2682
2019,5,32AB3
2020,2,99
2021,8,4531A625
2022,6,92A412
2023,6,2B0A4A
2024,9,9A6541076
2025,3,5B5
2026,5,29149
2027,4,0A88
2028,8,4A937181
2029,4,4535
2030,8,46A35292
2031,4,5A0A
2032,3,818
2033,6,4A689A
2034,4,9055
2035,7,B6218A6
2036,4,8171
2037,4,6416
2038,8,20A14681
2039,3,100
2040,4,5B22
2041,4,A411
2042,5,B2052
2043,5,1B595
2044,3,1BB
2045,6,6B1896
2046,5,87044
2047,4,B54B
2048,7,67B9838
2049,3,433
2050,7,2843A9A
2051,7,0843AB0
2052,7,2596709
2053,9,962803456
2054,3,909
2055,11,A08B7513290
2056,4,B8AB
2057,6,64B585
2058,7,21A8932
2059,2,00
2060,6,36A54A
2061,2,AA
2062,3,233
2063,4,5696
2064,4,8722
2065,5,89A18
2066,10,0A94178B22
2067,7,259BA4B
2068,8,153074B4
2069,5,16044
2070,7,71256B7
2071,4,0A30
2072,5,32515
2073,7,89A7300
2074,3,343
2075,8,4352BA0B
2076,3,500
2077,4,2588
2078,2,AA
2079,5,387B3
2080,5,21477
2081,6,639043
2082,5,469B4
2083,6,47A688
2084,3,466
2085,3,686
2086,6,A51383
2087,4,5877
2088,5,35845
2089,2,AA
2090,7,93A8619
2091,5,91A29
2092,2,BB
2093,2,88
2094,7,A941089
2095,7,1A62050
2096,4,3263
2097,2,66
2098,6,4025B5
2099,5,9B488
2100,6,053911
2101,4,4393
2102,2,44
2103,8,41672A55
2104,7,5B40277
2105,6,A2681A
2106,10,4579A082BB
2107,3,989
2108,8,3A176857
2109,5,4A5BA
2110,7,9248A19
2111,5,42808
2112,4,4814
2113,4,3713
2114,5,6B256
2115,5,964A6
2116,9,82B601377
2117,7,476A10A
2118,6,7A3292
2119,4,5485
2120,4,0B50
2121,4,8499
2122,6,20A560
2123,3,922
2124,5,9B67B
2125,5,90828
2126,3,656
2127,7,A716051
2128,7,A48935A
2129,9,18B067A51
2130,8,0A328542
2131,3,959
2132,8,16075430
2133,10,5B06732A4A
2134,3,811
2135,6,B84974
2136,6,218044
2137,4,8242
2138,3,595
2139,2,88
2140,4,1868
2141,7,40A9B54
2142,6,980A29
2143,6,940A50
2144,5,06596
2145,3,033
2146,4,B75B
2147,5,340A0
2148,5,67317
2149,11,6925B013743
2150,6,980A79
2151,3,566
2152,6,254194
2153,4,8262
2154,5,91261
2155,7,2A8B57A
2156,4,05B5
2157,3,A77
2158,5,89509
2159,5,8BA5B
2160,9,186BA4304
2161,5,8B028
2162,5,95733
2163,5,38545
2164,9,8B9A45708
2165,6,A59679
2166,8,097BA622
2167,6,158B00
2168,6,2A0611
2169,4,9500
2170,5,51232
2171,3,A4A
2172,4,98A9
2173,5,50616
2174,4,A1BB
2175,6,612752
2176,6,958A29
2177,3,B66
2178,4,3A2A
2179,4,87A7
2180,4,3188
2181,6,5796AA
2182,5,91255
2183,2,AA
2184,6,061747
2185,5,18455
2186,4,0949
2187,6,2986B8
2188,3,060
2189,5,5A7BB
2190,8,5A369276
2191,7,0B27688
2192,7,2178541
2193,2,22
2194,4,3020
2195,7,84605A6
2196,4,6959
2197,4,BA33
2198,8,75186945
2199,4,50A0
2200,5,32707
2201,2,22
2202,5,B1201
2203,5,45825
2204,2,99
2205,4,36B3
2206,5,367B6
2207,3,626
2208,2,66
2209,7,1785464
2210,7,8B60212
2211,7,9273055
2212,4,7B2B
2213,6,A05388
2214,3,6AA
2215,4,70AA
2216,5,36986
2217,4,B566
2218,4,4284
2219,6,813B44
2220,3,A3A
2221,4,85B5
2222,5,70867
2223,7,B103520
2224,3,919
2225,3,388
2226,7,3106A93
2227,2,55
2228,7,5261488
2229,4,7127
2230,8,37564B16
2231,5,9B272
2232,4,9155
2233,3,262
2234,2,77
2235,8,3487B618
2236,4,8344
2237,7,4306788
2238,5,B681B
2239,7,8796B28
2240,6,6142B1
2241,4,8252
2242,4,5465
2243,4,69B6
2244,5,834B4
2245,2,33
2246,9,69723A186
2247,6,62A977
2248,11,95A137B4262
2249,5,14033
2250,5,82050
2251,9,9B7A10641
2252,2,77
2253,6,AB9626
2254,3,288
2255,7,AB89211
2256,2,AA
2257,5,04B90
2258,7,BA72585
2259,10,5B207A1645
2260,6,1A839A
2261,7,4371060
2262,6,A1678A
2263,6,B8A090
2264,4,03A3
2265,4,3020
2266,2,00
2267,5,7B8AB
2268,3,030
2269,3,494
2270,4,5A9A
2271,6,A631BA
2272,8,072389A9
2273,3,044
2274,7,126A371
2275,5,1A60A
2276,4,01AA
2277,6,89A65A
2278,2,77
2279,11,2B74A50861A
2280,3,7AA
2281,5,35171
2282,10,A0623B759B
2283,2,11
2284,8,A857B315
2285,2,11
2286,4,3744
2287,7,B9A1289
2288,6,8034A8
2289,2,55
2290,5,42502
2291,5,30740
2292,3,101
2293,6,8A6399
2294,5,693AA
2295,8,794A3809
2296,5,B790B
2297,3,B4B
2298,10,379B025466
2299,5,AB57B
2300,7,0A43616
2301,3,545
2302,6,126896
2303,5,09759
2304,9,B8714620B
2305,7,B3765A7
2306,6,A47B5B
2307,4,28B2
2308,6,A63893
2309,4,29B9
2310,7,8615B9B
2311,3,959
2312,3,766
2313,9,94670B820
2314,4,2616
2315,7,94B6274
2316,2,88
2317,6,190525
2318,5,48606
2319,3,272
2320,9,614572BA6
2321,6,1A7957
2322,5,05848
2323,4,9109
2324,6,721A62
2325,5,95242
2326,6,168578
2327,2,44
2328,3,899
2329,6,93A244
2330,5,02652
2331,4,A303
2332,6,197B39
2333,7,92B5838
2334,3,787
2335,3,477
2336,6,7BA181
2337,6,436576
2338,3,4A4
2339,5,32ABB
2340,4,38B8
2341,7,417A566
2342,5,176B6
2343,7,7052AB5
2344,3,121
2345,6,267A46
2346,3,A6A
2347,5,5B9AB
2348,8,A136784A
2349,5,26944
2350,6,B48A0B
2351,5,798A9
2352,8,1A263B5B
2353,5,67826
2354,3,BAA
2355,4,2808
2356,5,4A28A
2357,3,355
2358,2,11
2359,6,1643A4
2360,7,60A4388
2361,6,9B65AA
2362,6,503875
2363,5,9AB09
2364,4,8066
2365,7,8361978
2366,4,2747
2367,8,056B2872
2368,5,52707
2369,9,092B4A737
2370,8,A2187633
2371,6,972A69
2372,5,301BB
2373,7,476B98B
2374,3,722
2375,9,2A14B3979
2376,6,637107
2377,4,36B3
2378,8,53908178
2379,5,B2474
2380,5,825B8
2381,6,4819AA
2382,5,23878
2383,8,A5B89625
2384,5,98B00
2385,4,21B2
2386,4,80BB
2387,6,815231
2388,4,B199
2389,4,5044
2390,5,A6B46
2391,4,6A5A
2392,5,70141
2393,5,140AA
2394,3,A66
2395,4,8799
2396,6,578395
2397,3,9A9
2398,2,00
2399,7,0B7243B
2400,5,2B363
2401,4,9202
2402,6,B59639
2403,5,20710
2404,4,4088
2405,9,4B2A67896
2406,2,AA
2407,9,B658124A6
2408,3,1A1
2409,6,5702AA
2410,3,644
2411,4,B272
2412,4,76B6
2413,8,A9B4607A
2414,4,3141
2415,3,979
2416,3,525
2417,5,84A34
2418,4,6818
2419,5,108B8
2420,4,4599
2421,4,7399
2422,2,55
2423,2,00
2424,6,605280
2425,3,544
2426,8,19286AB9
2427,5,63122
2428,4,A08A
2429,7,53A2405
2430,6,672857
2431,3,383
2432,6,154B31
2433,3,055
2434,2,22
2435,8,6A901B5B
2436,7,1A84B78
2437,3,A66
2438,3,322
2439,10,B49A830679
2440,3,989
2441,2,55
2442,3,959
2443,3,191
2444,4,A422
2445,2,00
2446,9,91647B839
2447,4,4030
2448,7,4196BA1
2449,5,6B288
2450,6,B26912
2451,6,09A670
2452,3,B4B
2453,7,0273910
2454,3,1A1
2455,4,1751
2456,4,84BB
2457,4,2B02
2458,3,244
2459,4,B40B
2460,4,B68B
2461,5,35B8B
2462,5,3A51A
2463,10,29814530A4
2464,3,699
2465,5,08790
2466,4,9039
2467,7,31A298A
2468,8,1B230490
2469,4,4054
2470,3,477
2471,5,34AB3
2472,4,7955
2473,5,58033
2474,6,7806A7
2475,4,4934
2476,3,A11
2477,9,0972413A0
2478,5,94619
2479,5,486AA
2480,8,1B53276B
2481,9,B68521432
2482,2,33
2483,5,863B8
2484,8,09A86B1B
2485,4,B808
2486,3,959
2487,8,B8645095
2488,4,7511
2489,6,1B546B
2490,2,00
2491,3,5A5
2492,10,328A947B67
2493,5,74537
2494,6,351745
2495,10,82BA439757
2496,6,B9A262
2497,6,B243AB
2498,5,65B85
2499,4,2060
2500,6,09A277
2501,8,69B351A3
2502,3,B88
2503,9,B64379814
2504,2,88
2505,7,B20463B
2506,5,01760
2507,6,345605
2508,3,B7B
2509,6,159232
2510,8,210B3A72
2511,3,033
2512,5,46393
2513,4,B929
2514,9,90B421A39
2515,7,15AB877
2516,3,800
2517,6,386B96
2518,4,7B67
2519,2,44
2520,3,020
2521,2,11
2522,6,4A8233
2523,5,84018
2524,3,787
2525,6,943252
2526,4,0250
2527,2,AA
2528,5,37161
2529,5,604B6
2530,6,5874A7
2531,9,472689359
2532,4,9767
2533,6,4195B1
2534,3,252
2535,5,73044
2536,3,353
2537,5,49619
2538,6,72B9AB
2539,6,A2B833
2540,3,922
2541,9,5A792106A
2542,8,2A317482
2543,6,B93519
2544,6,5B2909
2545,5,35625
2546,4,4933
2547,5,BA011
2548,6,823A53
2549,6,A51B21
2550,6,0B6196
2551,5,43911
2552,4,15B1
2553,5,5B088
2554,3,747
2555,4,B322
2556,6,952389
2557,3,161
2558,5,9B159
2559,5,81656
2560,10,A85403B163
2561,4,4700
2562,5,58478
2563,5,689B6
2564,3,868
2565,3,121
2566,6,62A757
2567,6,4086B6
2568,9,80B296373
2569,5,834B3
2570,4,8578
2571,5,AB23B
2572,6,4352B5
2573,5,64BA6
2574,6,804B24
2575,7,A430B24
2576,6,84A5B4
2577,5,98A39
2578,3,747
2579,3,188
2580,8,04872312
2581,7,01832BB
2582,4,93BB
2583,3,100
2584,3,989
2585,4,8177
2586,4,0B20
2587,9,341806526
2588,4,2588
2589,6,685909
2590,2,77
2591,5,14533
2592,7,1965A75
2593,11,8912B536471
2594,4,6344
2595,5,93573
2596,6,A43973
2597,5,BA24B
2598,6,27A484
2599,6,A52B11
2600,3,383
2601,2,11
2602,5,76858
2603,5,15731
2604,3,A7A
2605,4,6595
2606,2,77
2607,2,55
2608,8,169B58AB
2609,5,1AB33
2610,9,9513AB461
2611,5,2B544
2612,6,645A77
2613,4,8758
2614,3,191
2615,5,73B53
2616,6,5A9739
2617,6,80BA38
2618,7,A865211
2619,5,80455
2620,6,863211
2621,6,2896B9
2622,3,303
2623,4,A600
2624,3,133
2625,8,98B257AA
2626,3,377
2627,4,5066
2628,7,B316477
2629,7,A34B173
2630,5,7A16A
2631,2,11
2632,6,73A893
2633,3,500
2634,5,5B4AA
2635,2,77
2636,4,B744
2637,5,25475
2638,3,303
2639,3,611
2640,6,158B75
2641,3,1AA
2642,7,47A02B0
2643,2,66
2644,2,88
2645,2,44
2646,7,0298544
2647,2,BB
2648,3,400
2649,4,0B10
2650,7,8136292
2651,8,4B653294
2652,2,11
2653,5,27BA2
2654,2,33
2655,2,88
2656,7,7530893
2657,2,00
2658,5,35A2A
2659,5,019A9
2660,3,505
2661,5,74134
2662,2,55
2663,8,5016A28A
2664,5,94524
2665,7,51BA32A
2666,4,A242
2667,5,819A9
2668,2,99
2669,6,418BA4
2670,5,72B07
2671,8,5AB4372A
2672,6,B03473
2673,3,898
2674,3,7B7
2675,6,81A6B1
2676,5,742B7
2677,2,55
2678,6,9456B6
2679,6,270847
2680,4,9B49
2681,4,3A88
2682,4,38B3
2683,5,A9B0B
2684,2,66
2685,6,2438AA
2686,5,12979
2687,3,511
2688,6,062436
2689,5,128A1
2690,5,B934B
2691,4,7454
2692,2,00
2693,6,A52672
2694,7,A71B323
2695,5,47363
2696,3,599
2697,4,A38A
2698,5,98622
2699,3,011
2700,5,25696
2701,6,A17927
2702,5,15B75
2703,7,B019722
2704,6,423152
2705,4,3595
2706,5,98518
2707,3,656
2708,6,1B0760
2709,5,43893
2710,7,A163400
2711,5,60799
2712,8,7B0629A7
2713,4,3B8B
2714,6,30A929
2715,6,435077
2716,5,038B3
2717,3,414
2718,4,48BB
2719,3,B5B
2720,5,76922
2721,3,A99
2722,5,39B55
2723,5,80A30
2724,4,6596
2725,8,528A3944
2726,5,26373
2727,5,647A7
2728,5,B2404
2729,3,577
2730,6,037292
2731,6,B2783B
2732,8,936B0246
2733,2,66
2734,7,50A3413
2735,7,B835060
2736,3,020
2737,8,9B265744
2738,5,20942
2739,7,B926386
2740,4,4784
2741,3,988
2742,2,44
2743,3,303
2744,3,8AA
2745,2,44
2746,5,13053
2747,10,1304257B81
2748,5,85175
2749,4,5B11
2750,8,17458691
2751,7,5A17933
2752,4,4522
2753,3,B4B
2754,5,5A90A
2755,5,29052
2756,3,911
2757,3,544
2758,3,233
2759,5,34893
2760,8,21B6A50B
2761,2,BB
2762,8,436517A6
2763,3,B0B
2764,5,85205
2765,5,69346
2766,5,02910
2767,7,031AB22
2768,6,427919
2769,3,070
2770,2,BB
2771,3,0AA
2772,6,384963
2773,5,39A8A
2774,7,3078163
2775,6,6B30AA
2776,5,24064
2777,5,81677
2778,2,22
2779,3,977
2780,3,B00
2781,3,363
2782,6,A40711
2783,2,55
2784,6,A4928A
2785,10,A368051246
2786,4,6136
2787,4,1A99
2788,7,74026B2
2789,6,218AB1
2790,4,8758
2791,5,58A25
2792,3,2B2
2793,5,928B2
2794,6,913059
2795,4,8B6B
2796,3,A2A
2797,3,686
2798,2,AA
2799,8,289B1A32
2800,4,B171
2801,4,3973
2802,7,935B676
2803,3,188
2804,5,B0711
2805,4,A19A
2806,3,949
2807,4,4A34
2808,9,406985215
2809,6,A52133
2810,2,55
2811,6,B75288
2812,3,B77
2813,3,373
2814,3,488
2815,6,367416
2816,7,397B688
2817,4,76B6
2818,9,59A041365
2819,5,A9149
2820,4,3600
2821,2,00
2822,2,22
2823,3,282
2824,6,049769
2825,6,128678
2826,4,0545
2827,7,A67B307
2828,5,498B4
2829,3,858
2830,7,490AB1A
2831,9,264139077
2832,5,47133
2833,5,02B44
2834,4,3099
2835,4,3963
2836,9,B1270A587
2837,7,6531943
2838,7,4279B1B
2839,5,34A14
2840,6,018421
2841,7,2801799
2842,5,92044
2843,5,78398
2844,3,7A7
2845,5,82B58
2846,5,1A848
2847,7,82B4674
2848,7,9560A45
2849,4,7A22
2850,4,7B27
2851,5,65988
2852,6,6A2912
2853,3,811
2854,2,66
2855,5,B2544
2856,5,B8077
2857,6,78BA44
2858,4,3700
2859,2,11
2860,3,100
2861,3,688
2862,5,67311
2863,6,3960B3
2864,4,27A2
2865,7,70A8560
2866,6,014281
2867,7,69473B9
2868,3,A00
2869,3,373
2870,7,4A86958
2871,4,8575
2872,8,0793B469
2873,6,3A9489
2874,6,569A49
2875,6,568211
2876,3,6AA
2877,6,753282
2878,8,0751A421
2879,6,3B8A18
2880,3,ABA
2881,5,B3977
2882,4,A133
2883,4,9400
2884,5,75212
2885,7,1A82492
2886,4,3613
2887,2,77
2888,5,850AA
2889,3,8A8
2890,7,B02A492
2891,3,B0B
2892,5,3A0B3
2893,8,B3528193
2894,4,B202
2895,7,301AB4A
2896,7,3A58600
2897,4,09A9
2898,4,0272
2899,3,191
2900,9,4BA106836
2901,4,9088
2902,5,59A00
2903,5,78028
2904,2,77
2905,6,0A526A
2906,3,411
2907,6,413B21
2908,6,438018
2909,5,54B2B
2910,3,9B9
2911,5,20A62
2912,7,0B62A10
2913,4,0747
2914,6,286718
2915,6,3B2042
2916,4,9829
2917,6,4726B2
2918,8,A3B27492
2919,6,A749BA
2920,4,A212
2921,9,598A03767
2922,3,833
2923,3,688
2924,9,27A45B86B
2925,8,0173A9B1
2926,3,311
2927,6,8AB933
2928,4,87A8
2929,8,BA65287A
2930,5,7B037
2931,5,7B45B
2932,6,415B95
2933,5,72899
2934,7,7149807
2935,3,A3A
2936,6,519A44
2937,3,404
2938,6,A10981
2939,5,A7B22
2940,6,839040
2941,11,941758B0A20
2942,3,A1A
2943,7,401A939
2944,7,A839218
2945,4,47BB
2946,4,B989
2947,3,388
2948,7,A629849
2949,3,988
2950,3,747
2951,5,B7922
2952,4,B57B
2953,5,721A7
2954,5,76121
2955,6,A7B060
2956,4,5676
2957,8,53607490
2958,8,561A4725
2959,4,5B75
2960,6,30A244
2961,4,4304
2962,4,3828
2963,3,900
2964,3,141
2965,4,2A02
2966,3,3A3
2967,5,B6106
2968,9,B970A462A
2969,3,655
2970,9,6534821A1
2971,3,511
2972,5,864B6
2973,6,178067
2974,7,8B20A33
2975,4,A28A
2976,6,302A72
2977,6,893148
2978,4,2393
2979,7,9605177
2980,9,7A983B153
2981,4,1494
2982,7,8021B71
2983,3,A9A
2984,7,9A40B5B
2985,4,2188
2986,6,4962A2
2987,9,95B4681AB
2988,4,1020
2989,4,0966
2990,4,1977
2991,3,9A9
2992,3,676
2993,4,A949
2994,6,451A64
2995,5,20A55
2996,6,A08130
2997,7,5B9301B
2998,4,3272
2999,5,56785
3000,3,B55
3001,3,1BB
3002,7,6B7214B
3003,5,83143
3004,6,394513
3005,3,100
3006,3,800
3007,10,468B320A70
3008,4,6373
3009,6,946181
3010,3,933
3011,6,B8A13B
3012,4,63B3
3013,5,629A6
3014,8,0A254898
3015,6,7B3919
3016,8,90B371A9
3017,8,29175B69
3018,8,58204AB5
3019,8,58A349B4
3020,5,4B133
3021,3,929
3022,5,B6A55
3023,11,13248B07955
3024,7,06A8433
3025,4,4020
3026,6,76BA56
3027,3,A77
3028,5,3A7B3
3029,3,A6A
3030,8,1723A452
3031,3,066
3032,2,AA
3033,5,3B877
3034,3,022
3035,2,11
3036,6,612876
3037,8,1A358748
3038,5,53922
3039,2,22
3040,5,2A454
3041,8,B840A598
3042,5,B1901
3043,4,A08A
3044,4,97AA
3045,4,5A95
3046,6,240962
3047,5,804B0
3048,2,99
3049,6,9A8639
3050,3,A44
3051,5,87353
3052,4,7657
3053,2,11
3054,4,6ABB
3055,6,A2B533
3056,5,B6746
3057,4,2055
3058,6,785B9B
3059,3,8BB
3060,6,3482A4
3061,3,434
3062,3,988
3063,5,76B55
3064,4,3B6B
3065,5,20155
3066,8,46098A74
3067,9,298BA1062
3068,4,A7BA
3069,5,9A474
3070,5,A0414
3071,5,58425
3072,8,B80A5465
3073,3,050
3074,7,7B9A56A
3075,5,74B67
3076,5,45195
3077,7,389A463
3078,4,0280
3079,4,1699
3080,6,B65785
3081,5,06929
3082,5,31043
3083,7,B953065
3084,9,5102B9375
3085,6,7A2B47
3086,4,A400
3087,2,55
3088,4,17BB
3089,9,9260A5480
3090,6,B021AB
3091,4,3969
3092,2,33
3093,3,7A7
3094,2,11
3095,3,131
3096,7,A815646
3097,3,488
3098,6,6937B3
3099,7,1A38255
3100,3,211
3101,6,8AB538
3102,3,2BB
3103,6,478B57
3104,5,231A3
3105,6,341284
3106,8,56B03876
3107,4,7827
3108,7,A68B515
3109,4,4383
3110,4,A90A
3111,5,45272
3112,4,6505
3113,3,611
3114,4,A595
3115,7,60A3277
3116,7,4A91855
3117,3,898
3118,3,252
3119,7,2913083
3120,7,70A9B2A
3121,7,6391282
3122,5,64594
3123,8,7B301587
3124,7,8935049
3125,4,3B03
3126,7,184A371
3127,3,4BB
3128,7,361B2A2
3129,3,616
3130,2,66
3131,6,0924B2
3132,4,0399
3133,6,245A62
3134,6,71A521
3135,5,8A3B8
3136,3,733
3137,9,A87315B68
3138,7,7A63593
3139,6,081B55
3140,3,858
3141,11,17428360AB1
3142,6,259769
3143,6,3AB78A
3144,2,77
3145,8,0A958140
3146,8,641830B3
3147,5,A1041
3148,3,588
3149,8,5281A675
3150,4,6406
3151,5,523A5
3152,5,04898
3153,5,241AA
3154,5,49252
3155,4,0B90
3156,3,5AA
3157,7,6914084
3158,5,714A1
3159,4,1A55
3160,6,324A74
3161,4,0644
3162,5,13202
3163,6,5064A6
3164,4,A494
3165,6,680B20
3166,6,4758A8
3167,2,44
3168,5,9B233
3169,3,4A4
3170,3,966
3171,7,2456A32
3172,3,788
3173,5,42A62
3174,6,7061B7
3175,8,50A61275
3176,5,576BB
3177,3,A99
3178,4,6292
3179,7,1024534
3180,6,782B37
3181,7,A592712
3182,6,B52909
3183,8,B613289B
3184,11,91840A652B8
3185,4,B373
3186,5,37ABA
3187,4,57B5
3188,4,90B9
3189,5,8A737
3190,5,50B4B
3191,3,B2B
3192,7,3598269
3193,6,196B86
3194,5,7A655
3195,8,A108B278
3196,5,71363
3197,6,7B2A88
3198,6,318473
3199,6,130744
3200,3,565
3201,5,81B71
3202,6,912433
3203,7,48A692A
3204,6,6A541A
3205,3,077
3206,2,99
3207,9,650489A38
3208,6,9B0244
3209,3,6B6
3210,6,528B33
3211,4,4A11
3212,3,121
3213,6,694282
3214,2,99
3215,4,7127
3216,2,88
3217,6,B74050
3218,4,5B8B
3219,4,60B0
3220,5,9A78A
3221,5,03A8A
3222,5,23717
3223,4,47B4
3224,7,A790383
3225,5,31522
3226,5,018B1
3227,5,3A292
3228,6,B80510
3229,5,04630
3230,7,91AB50A
3231,3,533
3232,7,5816B33
3233,4,BA11
3234,5,81421
3235,4,1080
3236,5,80348
3237,4,2972
3238,6,648A1A
3239,5,6A433
3240,5,18B55
3241,6,059272
3242,6,015A2A
3243,4,3454
3244,4,72BB
3245,6,152962
3246,4,4974
3247,5,46383
3248,8,463985AA
3249,7,A931566
3250,6,903454
3251,9,473589B04
3252,5,31563
3253,4,3060
3254,5,09282
3255,8,46A21752
3256,3,686
3257,7,A430B66
3258,5,46874
3259,5,42A55
3260,3,988
3261,3,988
3262,2,BB
3263,6,950A11
3264,4,B848
3265,5,A975A
3266,4,0855
3267,4,48B4
3268,6,7913B3
3269,4,1737
3270,9,738516A47
3271,11,67498201356
3272,4,1861
3273,6,0A9B44
3274,7,AB41922
3275,4,6436
3276,5,B7545
3277,3,696
3278,5,B0766
3279,4,5B66
3280,5,93022
3281,4,84B8
3282,4,7434
3283,3,515
3284,3,ABA
3285,7,B692787
3286,4,0AB0
3287,5,A9252
3288,5,24814
3289,4,5818
3290,6,3756A5
3291,3,400
3292,4,8244
3293,6,B47354
3294,6,0BA23B
3295,3,9AA
3296,3,133
3297,4,A04A
3298,3,155
3299,5,83515
3300,3,822
3301,7,59463A5
3302,3,A33
3303,4,A313
3304,5,A5121
3305,8,6A0B213A
3306,3,B11
3307,3,575
3308,4,14A1
3309,4,2782
3310,2,22
3311,7,B3A8143
3312,8,75813047
3313,4,7292
3314,4,4654
3315,5,05385
3316,7,4928058
3317,3,A55
3318,6,0B8515
3319,4,4511
3320,4,A01A
3321,6,210757
3322,7,3AB5283
3323,7,3741A87
3324,5,A651A
3325,9,546B287A6
3326,5,61A56
3327,5,13941
3328,7,B48632B
3329,5,65020
3330,4,98A9
3331,6,956A26
3332,5,A6B46
3333,6,093A70
3334,8,204B9630
3335,5,63121
3336,3,BAA
3337,5,58465
3338,6,138545
3339,6,15A421
3340,7,8940377
3341,2,44
3342,5,49515
3343,5,81676
3344,6,321BA3
3345,5,A195A
3346,7,32189A3
3347,7,41AB361
3348,2,00
3349,5,4A85A
3350,6,459269
3351,4,6B5B
3352,4,2A00
3353,5,A0870
3354,7,0B49759
3355,5,03255
3356,3,A0A
3357,4,B577
3358,5,97A0A
3359,4,5475
3360,5,B91A1
3361,6,0A6136
3362,2,99
3363,5,B4914
3364,9,9380251A8
3365,4,08BB
3366,5,50B25
3367,6,254070
3368,2,44
3369,6,5AB066
3370,7,6B75A4B
3371,2,77
3372,5,A2732
3373,9,039A25B15
3374,4,B969
3375,2,22
3376,4,B29B
3377,3,181
3378,6,30A760
3379,4,5805
3380,4,BA4A
3381,5,05727
3382,3,033
3383,10,A735914022
3384,4,B373
3385,7,3970626
3386,5,412AA
3387,4,8B9B
3388,5,25042
3389,5,62B06
3390,7,3041B60
3391,7,12587AA
3392,5,A3963
3393,10,76A4532B83
3394,4,A878
3395,6,A76B9A
3396,7,2468373
3397,5,67546
3398,9,4219B7864
3399,8,90835725
3400,5,38AB8
3401,5,34894
3402,4,2585
3403,4,0B80
3404,4,70B7
3405,5,93213
3406,5,1B787
3407,4,7487
3408,3,3B3
3409,3,355
3410,3,878
3411,3,838
3412,6,40B154
3413,6,0715AA
3414,4,2858
3415,8,56932416
3416,6,5194B1
3417,3,979
3418,4,0866
3419,7,05A982A
3420,5,1B35B
3421,4,9577
3422,5,17544
3423,9,90A452385
3424,3,969
3425,3,636
3426,5,93629
3427,7,3928578
3428,6,042352
3429,6,5407A5
3430,6,942084
3431,5,074A0
3432,6,A75424
3433,4,7B00
3434,6,8A0450
3435,4,6303
3436,6,A51491
3437,2,99
3438,4,7303
3439,7,3BA8068
3440,8,16357299
3441,9,5B61A9747
3442,7,4950A20
3443,11,A8792501B4A
3444,4,0488
3445,7,B2854A5
3446,4,BA8A
3447,7,75AB167
3448,5,386B6
3449,2,77
3450,3,141
3451,9,24A9806B4
3452,8,34A51904
3453,7,2103853
3454,9,376045B25
3455,4,3A73
3456,6,512045
3457,5,A03B0
3458,4,5745
3459,6,413A51
3460,4,1799
3461,5,B9077
3462,6,1435B4
3463,6,A31050
3464,5,25B11
3465,7,548A9BB
3466,3,433
3467,9,B18259762
3468,5,26156
3469,3,989
3470,6,2863BB
3471,4,3923
3472,7,5210831
3473,7,4B67313
3474,2,AA
3475,4,4084
3476,5,A6100
3477,7,1A64274
3478,5,06870
3479,2,22
3480,4,B050
3481,3,B77
3482,4,6056
3483,8,B63A8916
3484,5,A384A
3485,5,945AA
3486,6,0A5385
3487,7,A7B4919
3488,5,348A3
3489,4,4988
3490,6,39A7BB
3491,4,5385
3492,6,8172A7
3493,3,944
3494,2,88
3495,5,26877
3496,8,2680B39B
3497,7,3B295AA
3498,8,369420A4
3499,6,675292
3500,4,2466
3501,8,A4731595
3502,6,5A6B2B
3503,2,AA
3504,3,B1B
3505,3,9A9
3506,7,AB59025
3507,7,0819344
3508,2,33
3509,3,599
3510,3,544
3511,6,B93579
3512,5,84208
3513,2,33
3514,4,4704
3515,8,7AB51322
3516,4,3A8A
3517,3,233
3518,6,41A688
3519,7,9B37A53
3520,5,68400
3521,2,88
3522,5,28138
3523,3,B7B
3524,7,30948B8
3525,4,2A82
3526,3,233
3527,5,A7157
3528,7,624B83B
3529,4,1900
3530,6,352765
3531,7,923A0BB
3532,4,29BB
3533,5,68505
3534,6,6159A9
3535,3,A00
3536,5,893A8
3537,4,6191
3538,6,7A0848
3539,5,2B797
3540,6,5190AA
3541,5,B4199
3542,6,1B280B
3543,5,17537
3544,3,343
3545,3,535
3546,4,6026
3547,3,299
3548,3,BAB
3549,2,44
3550,5,86355
3551,6,170626
3552,5,45025
3553,4,A64A
3554,9,618097A49
3555,7,4B76909
3556,8,7A013B51
3557,7,73B6959
3558,6,B7264B
3559,3,020
3560,2,BB
3561,5,04A22
3562,4,A088
3563,6,957327
3564,3,787
3565,8,9387AB27
3566,5,34613
3567,7,81432A4
3568,4,8600
3569,4,9A2A
3570,5,6B818
3571,9,5B13279A5
3572,3,166
3573,4,9200
3574,5,B4694
3575,4,6B44
3576,6,075360
3577,9,61AB83299
3578,5,051A0
3579,4,0757
3580,6,0382A8
3581,5,703AA
3582,7,3B706A6
3583,7,684BA5B
3584,3,733
3585,4,9219
3586,3,1B1
3587,6,431B63
3588,4,02BB
3589,4,7131
3590,4,16AA
3591,5,49B5B
3592,6,958138
3593,3,202
3594,2,66
3595,3,8B8
3596,4,6400
3597,5,05646
3598,5,87900
3599,2,88
3600,4,0838
3601,7,7016437
3602,8,874632B2
3603,4,5866
3604,3,066
3605,2,44
3606,5,35600
3607,7,9B75865
3608,6,518495
3609,4,9B00
3610,3,939
3611,3,633
3612,6,726417
3613,6,7216AA
3614,4,3700
3615,7,9B76A57
3616,8,682A91B8
3617,5,4A166
3618,4,3511
3619,6,149761
3620,5,39413
3621,2,11
3622,8,203864B0
3623,3,B99
3624,9,68539AB11
3625,5,40133
3626,6,367247
3627,6,793457
3628,4,8B1B
3629,6,620B80
3630,4,4B8B
3631,6,965B35
3632,3,899
3633,3,0B0
3634,8,73A05410
3635,4,3493
3636,2,AA
3637,6,296839
3638,5,93151
3639,2,66
3640,6,6319B3
3641,7,4371599
3642,3,388
3643,4,3500
3644,3,A7A
3645,5,83199
3646,3,177
3647,6,7160BB
3648,6,38BA43
3649,3,020
3650,5,85299
3651,3,484
3652,3,877
3653,5,54A75
3654,7,38A2B92
3655,8,3A9408B8
3656,6,61B797
3657,3,B22
3658,5,25102
3659,3,676
3660,9,14A0B269A
3661,3,808
3662,5,26383
3663,9,3BA864213
3664,5,63543
3665,3,499
3666,10,1396A72B55
3667,8,691A2586
3668,5,94584
3669,3,BAA
3670,4,7A67
3671,5,315A5
3672,8,78905323
3673,5,3AB6B
3674,3,303
3675,4,4122
3676,3,232
3677,6,32AB0A
3678,5,79B89
3679,3,099
3680,9,3B9841757
3681,5,51377
3682,3,033
3683,4,87A7
3684,4,9A00
3685,4,5262
3686,4,2090
3687,3,0A0
3688,6,1952B2
3689,7,4723084
3690,3,090
3691,6,328678
3692,2,BB
3693,4,0710
3694,2,77
3695,6,B1057B
3696,7,8B734A4
3697,5,10521
3698,7,0962189
3699,8,0A3781B8
3700,8,1B4A8200
3701,8,635942AA
3702,7,8516A41
3703,6,1964B1
3704,7,371A966
3705,5,B0676
3706,2,55
3707,6,91B389
3708,2,11
3709,3,B0B
3710,6,934522
3711,2,66
3712,5,14566
3713,7,A4028B8
3714,6,861A22
3715,5,B4199
3716,4,8121
3717,5,26898
3718,4,5A65
3719,5,3B703
3720,9,694107850
3721,3,656
3722,5,90A89
3723,8,01B8A299
3724,3,383
3725,6,A67136
3726,4,B989
3727,5,45674
3728,5,31522
3729,6,9614A4
3730,4,A898
3731,7,9016539
3732,3,B8B
3733,5,039A3
3734,4,9B0B
3735,8,153260B0
3736,9,04356A898
3737,5,970AA
3738,4,BA4A
3739,4,7A3A
3740,4,1541
3741,3,2A2
3742,7,1B049AA
3743,4,0A20
3744,8,BA673898
3745,8,42198568
3746,7,1AB2484
3747,3,211
3748,4,B7AA
3749,2,88
3750,5,3B919
3751,6,14A955
3752,9,95A0B3122
3753,5,85718
3754,6,01A2BA
3755,7,A431255
3756,8,824B397B
3757,4,6500
3758,4,65BB
3759,8,0873A21A
3760,4,82B2
3761,5,B8718
3762,7,29370B0
3763,5,95844
3764,3,505
3765,7,6219841
3766,7,4510230
3767,4,91A9
3768,8,84B57198
3769,7,72B6858
3770,4,4024
3771,7,61249B2
3772,6,306976
3773,3,484
3774,3,727
3775,2,33
3776,5,12A9A
3777,7,A7906BA
3778,4,97A9
3779,4,B877
3780,5,B6A16
3781,5,58A15
3782,6,049169
3783,5,B5011
3784,5,9A109
3785,11,73B291A8451
3786,7,43B1723
3787,7,A3957BB
3788,7,1705A9A
3789,5,84014
3790,4,A030
3791,8,2514A300
3792,4,0910
3793,4,2482
3794,7,4916084
3795,5,97866
3796,9,23B9A415A
3797,5,02180
3798,5,A673A
3799,6,B85606
3800,3,272
3801,3,977
3802,7,BA45015
3803,7,7348013
3804,7,6B79526
3805,5,1A97A
3806,5,AB43B
3807,7,84B7204
3808,2,44
3809,6,2A785A
3810,3,A3A
3811,6,9B32A2
3812,5,04250
3813,8,42650980
3814,4,8919
3815,3,A11
3816,5,8B969
3817,2,77
3818,4,32A2
3819,3,8BB
3820,7,B496A24
3821,5,07B9B
3822,5,17867
3823,8,A4078364
3824,9,62940B830
3825,9,498256131
3826,9,61974BA3B
3827,5,16941
3828,6,384677
3829,6,9564B6
3830,2,99
3831,6,549B75
3832,4,5135
3833,3,155
3834,6,A58377
3835,4,2152
3836,2,11
3837,4,7527
3838,5,B8322
3839,3,545
3840,5,58A9A
3841,8,715B6022
3842,7,72698B7
3843,5,8A525
3844,4,B100
3845,2,11
3846,5,42B04
3847,3,393
3848,2,00
3849,3,933
3850,4,5464
3851,10,7B40A35929
3852,6,051275
3853,7,1A6907A
3854,10,A1B024793B
3855,7,A39B109
3856,8,B81437A1
3857,7,6B17A07
3858,4,7166
3859,4,0355
3860,3,242
3861,4,8978
3862,5,042A0
3863,3,727
3864,5,08939
3865,4,4364
3866,2,66
3867,6,235BAA
3868,6,4BA383
3869,4,8151
3870,5,27010
3871,6,A68212
3872,6,6315A5
3873,7,8250737
3874,4,2033
3875,2,33
3876,3,A8A
3877,5,B31AB
3878,7,0129B52
3879,9,52A840730
3880,8,3807B65B
3881,3,466
3882,6,2375AA
3883,6,457185
3884,5,92879
3885,6,261706
3886,4,3977
3887,8,95B2834B
3888,6,9524B4
3889,7,71436AA
3890,8,31B40874
3891,6,B248A8
3892,5,71699
3893,2,55
3894,9,974086329
3895,7,20A3742
3896,8,8265B0AA
3897,3,B55
3898,3,388
3899,6,1389A3
3900,3,696
3901,4,9388
3902,3,282
3903,4,86B8
3904,8,20147B55
3905,3,757
3906,3,1B1
3907,5,962B2
3908,7,5769145
3909,5,739A3
3910,7,3768193
3911,7,0652919
3912,7,1B67251
3913,7,30258AA
3914,5,92544
3915,6,250B9B
3916,3,9AA
3917,4,5A33
3918,3,144
3919,4,3B77
3920,2,66
3921,4,8022
3922,5,0A260
3923,2,99
3924,2,22
3925,2,11
3926,5,45B65
3927,7,304A828
3928,4,9400
3929,6,27B832
3930,5,25133
3931,3,1AA
3932,8,6A1B3701
3933,5,761B6
3934,5,31A0A
3935,5,84574
3936,6,2A983A
3937,4,B877
3938,7,52094A4
3939,9,059812373
3940,3,455
3941,2,44
3942,3,344
3943,7,9247B66
3944,4,5212
3945,5,B3211
3946,4,6577
3947,8,13679546
3948,3,B88
3949,3,2A2
3950,4,8535
3951,7,0257315
3952,7,B056415
3953,4,1533
3954,8,845160AA
3955,5,A6255
3956,7,0B83120
3957,7,5A31600
3958,4,1A33
3959,6,4BA694
3960,3,A1A
3961,4,4594
3962,6,390A79
3963,5,06A70
3964,6,014A60
3965,7,17683A6
3966,4,7181
3967,10,5189603470
3968,4,1800
3969,5,8A53A
3970,9,8A49B351B
3971,3,322
3972,6,587B18
3973,7,B9167AB
3974,7,A592B09
3975,2,55
3976,4,7257
3977,5,91A81
3978,5,96B89
3979,6,459611
3980,5,B5101
3981,4,6454
3982,5,46B0B
3983,2,22
3984,2,22
3985,8,A7963B07
3986,6,567986
3987,8,8416B02B
3988,6,4520AA
3989,3,199
3990,2,77
3991,4,0515
3992,6,2A18BB
3993,3,A77
3994,5,14574
3995,7,2B98052
3996,2,33
3997,4,6726
3998,4,0A55
3999,5,051B5
4000,2,77
4001,7,34AB191
4002,3,088
4003,5,527A2
4004,4,7597
4005,4,0411
4006,6,248B77
4007,3,464
4008,5,82747
4009,3,133
4010,7,4690316
4011,4,B588
4012,3,A1A
4013,3,A88
4014,6,051744
4015,5,8A577
4016,4,76AA
4017,6,0684B8
4018,4,B626
4019,2,33
4020,5,523B2
4021,4,08A8
4022,5,87397
4023,7,8A5B268
4024,3,288
4025,6,873454
4026,5,36806
4027,5,23055
4028,5,2B64B
4029,5,B056B
4030,9,46A892B7B
4031,6,03A273
4032,4,A87A
4033,5,9A24A
4034,2,44
4035,2,00
4036,4,B65B
4037,7,92B6030
4038,4,3B73
4039,5,B0A5A
4040,5,57167
4041,4,60B0
4042,9,85A693406
4043,5,206AA
4044,4,5733
4045,2,88
4046,7,3A41020
4047,2,66
4048,6,B35613
4049,3,040
4050,3,966
4051,5,697A9
4052,3,424
4053,5,728B8
4054,3,0A0
4055,8,902A17B2
4056,4,6121
4057,4,38A3
4058,4,4154
4059,5,64936
4060,2,88
4061,3,4AA
4062,4,6736
4063,3,4BB
4064,7,1470933
4065,5,49282
4066,3,575
4067,5,98464
4068,4,45B4
4069,7,A5B7645
4070,4,3144
4071,5,B3593
4072,5,42674
4073,7,9312073
4074,4,70B0
4075,2,33
4076,3,B7B
4077,3,B11
4078,3,BAB
4079,5,14707
4080,4,6146
4081,9,84B6759AA
4082,2,99
4083,4,9489
4084,2,55
4085,4,2585
4086,4,9855
4087,5,63276
4088,5,09B20
4089,7,B85A62B
4090,7,6A80B9B
4091,8,5A729649
4092,3,422
4093,6,3A9479
4094,4,0363
4095,5,3B423
4096,6,96A282
4097,3,515
4098,2,55
4099,7,3561288
4100,7,3258078
4101,5,40890
4102,9,85A2614BA
4103,5,83753
4104,6,496214
4105,4,2600
4106,7,36B8122
4107,7,A821561
4108,4,A96A
4109,3,B4B
4110,3,575
4111,5,83202
4112,2,22
4113,6,730B40
4114,7,81637A8
4115,4,7969
4116,3,0B0
4117,6,4B1255
4118,4,2A92
4119,4,B966
4120,8,91427066
4121,4,A38A
4122,3,585
4123,3,188
4124,2,22
4125,4,A211
4126,7,5786121
4127,2,00
4128,8,9A130848
4129,3,622
4130,6,54B313
4131,5,35783
4132,2,33
4133,5,2A49A
4134,6,982BAB
4135,6,4B1A5B
4136,6,138577
4137,6,B14A64
4138,8,7A8690B6
4139,3,020
4140,6,2078B8
4141,3,688
4142,2,11
4143,7,96A40BA
4144,6,25B635
4145,3,A0A
4146,3,299
4147,5,63202
4148,3,313
4149,4,A433
4150,3,566
4151,3,7BB
4152,6,37A503
4153,4,74B7
4154,4,A84A
4155,7,7186358
4156,3,755
4157,3,3B3
4158,6,69A186
4159,5,65ABB
4160,3,9A9
4161,3,191
4162,4,5B77
4163,3,944
4164,4,5688
4165,6,107690
4166,4,8699
4167,3,B11
4168,7,9136B09
4169,5,31423
4170,4,B12B
4171,8,179605B1
4172,3,B00
4173,2,55
4174,3,722
4175,3,899
4176,4,0120
4177,5,67A99
4178,7,1236051
4179,2,88
4180,2,33
4181,4,9877
4182,3,022
4183,10,79153B4623
4184,8,520973B3
4185,3,565
4186,8,27834A11
4187,4,1301
4188,3,3BB
4189,4,8404
4190,6,86B19B
4191,4,3B93
4192,6,B83A68
4193,5,1B591
4194,10,39078A4164
4195,9,5B346271B
4196,3,727
4197,4,6BAB
4198,6,6A3B9B
4199,3,616
4200,8,724103A7
4201,8,0B739122
4202,5,80340
4203,2,66
4204,5,35425
4205,2,BB
4206,4,7187
4207,6,B16233
4208,7,6830949
4209,2,66
4210,7,0BA6876
4211,7,3972411
4212,5,0A410
4213,8,0A735823
4214,4,7818
4215,3,B11
4216,5,0A7BA
4217,5,87464
4218,5,6A356
4219,4,2692
4220,5,38678
4221,6,042A30
4222,4,2909
4223,6,750247
4224,7,7861343
4225,4,3293
4226,8,8B643294
4227,5,013A1
4228,7,15B4366
4229,4,83B8
4230,2,99
4231,2,33
4232,6,4076B0
4233,3,2A2
4234,3,303
4235,5,41A94
4236,8,1A485B77
4237,8,960572A5
4238,4,3188
4239,6,B03626
4240,7,6512808
4241,6,92B177
4242,4,6151
4243,3,343
4244,5,2B93B
4245,5,46B99
4246,4,9566
4247,6,083710
4248,8,341782A1
4249,2,55
4250,4,8148
4251,5,A428A
4252,7,603B156
4253,7,83B1722
4254,5,6B141
4255,4,6876
4256,5,A2101
4257,8,1054B270
4258,2,99
4259,5,48378
4260,4,2633
4261,4,0240
4262,9,38A956744
4263,2,99
4264,5,A6136
4265,4,4266
4266,5,93A77
4267,6,3A0843
4268,5,2A500
4269,5,BA73A
4270,8,825AB79A
4271,6,764282
4272,4,42B2
4273,6,438214
4274,7,9730BA3
4275,6,526302
4276,5,89608
4277,7,A04B274
4278,8,175820B2
4279,6,976AB7
4280,5,49686
4281,2,77
4282,4,2752
4283,2,33
4284,7,6B714AA
4285,3,500
4286,2,AA
4287,6,720912
4288,6,738698
4289,5,A3699
4290,7,B960750
4291,4,5070
4292,5,59625
4293,8,397406A0
4294,6,A8B565
4295,5,B39AB
4296,3,122
4297,3,393
4298,6,7829B8
4299,9,84175A6BB
4300,4,8528
4301,7,A786033
4302,4,3643
4303,3,622
4304,6,65A09A
4305,3,355
4306,4,B96B
4307,4,B84B
4308,3,788
4309,5,2A36A
4310,4,9859
4311,4,1B8B
4312,3,411
4313,3,060
4314,4,AB0B
4315,3,A77
4316,7,4BA8604
4317,7,3504913
4318,4,3473
4319,3,484
4320,3,A22
4321,6,016757
4322,4,4969
4323,4,A97A
4324,8,91027A87
4325,6,A3B16A
4326,3,343
4327,4,2A11
4328,4,B81B
4329,4,4688
4330,6,439B59
4331,3,B5B
4332,4,3543
4333,3,121
4334,5,239B3
4335,4,9269
4336,4,3656
4337,4,9500
4338,8,8A7352BB
4339,6,37A022
4340,6,493654
4341,7,83BA42B
4342,3,211
4343,8,413B29A2
4344,5,27612
4345,10,6147092A31
4346,5,04850
4347,6,8B9A78
4348,7,A182B7B
4349,4,7527
4350,6,826353
4351,8,15B94639
4352,2,AA
4353,7,A87421A
4354,2,AA
4355,3,6BB
4356,3,5B5
4357,6,2591AA
4358,5,96252
4359,5,43714
4360,3,B4B
4361,5,6A87A
4362,5,067A7
4363,5,31626
4364,5,29030
4365,8,920167B1
4366,4,1022
4367,4,9373
4368,5,96159
4369,11,A9018B46326
4370,9,85679B04B
4371,7,B017397
4372,8,A4759B67
4373,5,821B2
4374,4,6232
4375,7,A26B732
4376,5,29A79
4377,3,B5B
4378,4,6878
4379,3,060
4380,5,9B011
4381,2,00
4382,4,5909
4383,4,06A0
4384,6,614934
4385,3,4A4
4386,3,977
4387,6,5B620B
4388,4,1505
4389,2,11
4390,5,504B4
4391,4,61AA
4392,4,16BB
4393,9,40B839268
4394,7,07A1B57
4395,6,A7B422
4396,6,801966
4397,3,A11
4398,3,7AA
4399,2,99
4400,8,07923B5B
4401,6,64A516
4402,4,8248
4403,5,0B422
4404,5,28962
4405,3,3B3
4406,5,98277
4407,3,B7B
4408,4,14B1
4409,4,7844
4410,2,55
4411,5,A8B4A
4412,4,A27A
4413,5,61500
4414,2,00
4415,3,866
4416,3,A77
4417,4,1909
4418,7,57B2802
4419,4,B89B
4420,4,5033
4421,5,19329
4422,4,9639
4423,9,136097A49
4424,6,A735BA
4425,6,912371
4426,2,66
4427,5,4A8B4
4428,4,2582
4429,2,99
4430,3,272
4431,8,56798A46
4432,4,B211
4433,4,5A44
4434,4,14A1
4435,3,BAB
4436,4,6916
4437,5,A3043
4438,3,600
4439,4,4808
4440,2,22
4441,3,933
4442,5,8B311
4443,6,8A9249
4444,2,33
4445,3,707
4446,5,B34A4
4447,3,161
4448,8,89AB615A
4449,5,02959
4450,2,88
4451,4,8078
4452,4,A575
4453,7,7193057
4454,4,92A9
4455,6,2B37AB
4456,7,A918B3B
4457,6,143200
4458,7,4026952
4459,6,A5410A
4460,2,33
4461,6,425974
4462,3,455
4463,4,B788
4464,8,BA36812A
4465,5,B1898
4466,2,00
4467,6,4B9184
4468,4,A727
4469,3,2B2
4470,3,566
4471,8,6230B893
4472,4,8238
4473,3,133
4474,2,44
4475,8,97803A60
4476,2,66
4477,5,7A455
4478,6,21AB42
4479,6,8A3B1A
4480,6,756086
4481,5,48633
4482,4,6100
4483,6,857966
4484,4,4814
4485,7,095A479
4486,7,B62419B
4487,5,10A71
4488,5,17637
4489,4,2688
4490,3,292
4491,6,1BA422
4492,7,B143A7B
4493,6,8B902B
4494,4,2799
4495,10,286154AB76
4496,5,360A3
4497,3,070
4498,4,BA8B
4499,6,219742
4500,6,504611
4501,2,22
4502,3,955
4503,5,7B202
4504,3,929
4505,7,4925877
4506,4,9B8B
4507,3,A66
4508,2,22
4509,7,462A784
4510,6,40A373
4511,7,0213740
4512,6,421383
4513,2,55
4514,3,A9A
4515,5,A2454
4516,7,B7461A7
4517,8,1B0562A1
4518,5,09A4A
4519,4,B747
4520,4,B626
4521,8,2573AB6A
4522,4,1828
4523,5,34A04
4524,5,40353
4525,6,149B3B
4526,7,5382413
4527,3,A33
4528,4,7367
4529,4,8727
4530,8,B02A7488
4531,5,36944
4532,5,26316
4533,5,04864
4534,2,44
4535,3,A8A
4536,5,275A7
4537,2,33
4538,3,2BB
4539,8,4927A584
4540,4,36B6
4541,7,8236A73
4542,3,0B0
4543,5,764A4
4544,7,32A90BB
4545,3,122
4546,2,AA
4547,3,844
4548,5,B0252
4549,5,389B9
4550,6,6A2B1B
4551,4,3500
4552,4,B822
4553,7,1B6A496
4554,5,AB585
4555,7,52B4811
4556,3,909
4557,3,355
4558,6,5A6396
4559,8,869A217A
4560,4,6316
4561,6,9481B4
4562,4,4074
4563,5,68A78
4564,6,7A8322
4565,3,233
4566,4,B844
4567,7,03BA67B
4568,2,33
4569,6,845211
4570,8,15938B44
4571,5,65011
4572,7,B9603A6
4573,5,48969
4574,6,843767
4575,5,305B5
4576,4,3911
4577,6,2071A1
4578,5,95B4B
4579,3,A7A
4580,9,B68734926
4581,3,141
4582,5,A9149
4583,5,29B32
4584,5,3A565
4585,7,6B05195
4586,3,4BB
4587,5,A5B85
4588,9,168BA347A
4589,7,6420970
4590,4,71A1
4591,7,B0591AB
4592,8,903B481B
4593,5,16A46
4594,4,3B5B
4595,5,65845
4596,5,7B397
4597,4,9B22
4598,5,91A79
4599,3,A0A
4600,3,050
4601,6,43B022
4602,6,B92109
4603,3,B4B
4604,5,0B8AA
4605,5,A6022
4606,3,161
4607,7,1A2B959
4608,4,4B00
4609,2,99
4610,3,050
4611,3,299
4612,4,7636
4613,3,141
4614,4,2191
4615,9,75BA46014
4616,5,60716
4617,2,66
4618,6,5196A5
4619,2,44
4620,4,27B2
4621,6,BA5699
4622,3,909
4623,5,40151
4624,6,789429
4625,5,71959
4626,8,B617A500
4627,4,76AA
4628,6,504363
4629,3,232
4630,9,5B9203412
4631,2,66
4632,4,2611
4633,4,B48B
4634,7,493B266
4635,7,0137544
4636,5,16252
4637,6,859278
4638,3,767
4639,7,5B8A71B
4640,8,98653A48
4641,4,4388
4642,3,212
4643,8,0829A566
4644,5,36B56
4645,7,1759B37
4646,7,6537896
4647,3,353
4648,5,352B5
4649,6,1238AA
4650,2,88
4651,6,751AB7
4652,7,903A65A
4653,4,7437
4654,4,71B1
4655,3,383
4656,4,2676
4657,8,89460134
4658,5,A28BA
4659,5,18949
4660,6,72A362
4661,5,87909
4662,9,16BA08428
4663,4,2646
4664,3,010
4665,7,2A35085
4666,8,A492370A
4667,3,4AA
4668,8,6AB2759B
4669,4,4204
4670,3,979
4671,6,914809
4672,5,68406
4673,5,48292
4674,3,6BB
4675,3,A55
4676,2,BB
4677,5,A528A
4678,2,BB
4679,2,11
4680,4,3B0B
4681,6,912402
4682,2,55
4683,4,23B3
4684,4,B656
4685,3,155
4686,6,695106
4687,5,64525
4688,2,33
4689,2,33
4690,8,89203510
4691,6,B42304
4692,6,349623
4693,7,B086311
4694,6,6029B6
4695,3,B4B
4696,4,5B9B
4697,3,828
4698,7,67B3494
4699,4,2B9B
4700,2,22
4701,7,537B040
4702,4,B244
4703,4,7A55
4704,3,434
4705,5,72BA2
4706,5,04737
4707,6,B0127B
4708,6,3A7B5A
4709,4,63B3
4710,4,35B3
4711,8,46B01250
4712,2,77
4713,6,482718
4714,8,9B6307A0
4715,5,57B15
4716,7,9714A84
4717,4,A52A
4718,6,861355
4719,8,6A3B5121
4720,6,205B99
4721,6,614234
4722,4,2131
4723,6,9B6139
4724,5,A086A
4725,2,11
4726,5,26A02
4727,5,B3822
4728,5,45904
4729,3,2BB
4730,3,500
4731,9,4A2376817
4732,6,415761
4733,6,904734
4734,2,33
4735,3,533
4736,3,B8B
4737,2,66
4738,4,20A0
4739,4,52A5
4740,6,B35141
4741,8,512378B1
4742,3,099
4743,5,10591
4744,4,7494
4745,4,7527
4746,5,46322
4747,2,99
4748,5,32A99
4749,5,27393
4750,4,A54A
4751,7,5B04828
4752,5,B497B
4753,8,86314206
4754,3,822
4755,4,06B0
4756,4,1322
4757,3,066
4758,4,1251
4759,7,564A717
4760,6,269539
4761,6,078B47
4762,10,53AB784060
4763,3,866
4764,3,535
4765,6,B61786
4766,7,3405B63
4767,6,784B55
4768,8,B8602511
4769,6,9B6515
4770,7,32A965A
4771,4,A57A
4772,5,4B393
4773,2,99
4774,4,1989
4775,3,5AA
4776,4,62BB
4777,7,B108A60
4778,7,569B246
4779,3,B66
4780,4,9A4A
4781,6,596B49
4782,4,81B1
4783,2,33
4784,6,B04787
4785,6,324793
4786,5,54895
4787,3,1AA
4788,4,3A4A
4789,5,A9579
4790,3,202
4791,8,72563B83
4792,8,20163858
4793,3,4BB
4794,4,7100
4795,2,00
4796,7,1569A09
4797,5,19231
4798,4,2472
4799,5,90519
4800,6,045934
4801,5,67400
4802,2,22
4803,7,A324707
4804,4,7527
4805,7,59A04B9
4806,4,0233
4807,3,B5B
4808,5,12737
4809,5,89B39
4810,5,8B71B
4811,7,6B13A0B
4812,10,6270B95A4A
4813,7,8430153
4814,8,8571B601
4815,8,4206A31A
4816,4,4323
4817,6,581735
4818,5,89040
4819,6,B34656
4820,5,92572
4821,7,906AB1A
4822,6,683242
4823,6,732BA3
4824,4,4787
4825,4,12AA
4826,6,A12972
4827,7,1024654
4828,3,434
4829,8,B329547B
4830,5,46010
4831,5,01391
4832,5,28B4B
4833,11,435B012A695
4834,2,55
4835,3,8B8
4836,6,750340
4837,7,6234502
4838,4,4177
4839,3,050
4840,2,88
4841,8,093B7616
4842,5,57161
4843,4,2342
4844,3,656
4845,9,B5A436191
4846,2,AA
4847,2,55
4848,8,78091B20
4849,6,5340A3
4850,8,B0694A7A
4851,6,187433
4852,8,1B069288
4853,7,601B39B
4854,3,B5B
4855,5,81061
4856,7,65AB244
4857,4,1299
4858,3,044
4859,11,A3978104525
4860,3,B55
4861,6,8A16B1
4862,5,01A8A
4863,4,6322
4864,4,2955
4865,5,65BAB
4866,5,B870B
4867,5,47907
4868,2,00
4869,5,36013
4870,4,09B0
4871,5,B3213
4872,5,A9544
4873,6,25A3BB
4874,3,A3A
4875,3,B1B
4876,3,699
4877,3,080
4878,4,4924
4879,8,603B7455
4880,2,99
4881,7,91370B9
4882,3,313
4883,5,0A717
4884,4,03A0
4885,4,3B93
4886,7,0A38543
4887,5,61B7B
4888,5,B9539
4889,8,54067A30
4890,7,9780644
4891,2,22
4892,4,51A5
4893,2,33
4894,4,9656
4895,5,405A4
4896,8,732AB407
4897,3,0AA
4898,8,172A80BA
4899,6,7A6B5B
4900,3,B00
4901,3,966
4902,3,828
4903,6,B80950
4904,7,8501620
4905,5,21696
4906,6,A1246A
4907,7,A123741
4908,6,7A8957
4909,6,1937A3
4910,5,0B3A3
4911,5,20742
4912,2,88
4913,6,789B07
4914,7,BA04320
4915,4,B31B
4916,3,522
4917,7,40895A5
4918,4,3173
4919,5,8B05B
4920,5,6B800
4921,2,BB
4922,5,02939
4923,5,605B0
4924,7,5A9B765
4925,3,633
4926,3,2AA
4927,9,603287B52
4928,5,15BAA
4929,7,7B28937
4930,3,A55
4931,6,4159A4
4932,6,316B88
4933,5,93855
4934,8,A201738A
4935,6,279B62
4936,4,8358
4937,4,3577
4938,4,0899
4939,5,965A5
4940,5,14504
4941,8,0A9B8519
4942,2,33
4943,8,2B819362
4944,4,1321
4945,6,4B63AA
4946,6,693A19
4947,5,79317
4948,4,A96A
4949,6,B90343
4950,5,03959
4951,4,26AA
4952,7,79A6349
4953,2,22
4954,3,799
4955,4,9059
4956,3,622
4957,3,766
4958,4,A84A
4959,3,858
4960,2,11
4961,6,042B70
4962,4,7844
4963,7,2B9A38A
4964,3,181
4965,6,698736
4966,4,6242
4967,3,499
4968,3,644
4969,3,828
4970,2,AA
4971,3,6A6
4972,2,55
4973,5,97BAB
4974,5,59415
4975,4,1322
4976,2,55
4977,3,6A6
4978,2,AA
4979,5,2B050
4980,5,90289
4981,4,A696
4982,4,6717
4983,6,241696
4984,4,0B22
4985,2,55
4986,8,5189B07B
4987,6,926186
4988,8,297A614A
4989,4,16A1
4990,4,3BA3
4991,5,5A76A
4992,7,6745122
4993,4,B755
4994,5,56796
4995,3,B33
4996,5,84514
4997,7,35897A3
4998,3,707
4999,2,66
5000,7,34821BB
5001,4,6505
5002,9,5293B470B
5003,4,B18B
5004,2,00
5005,7,548B277
5006,7,2781454
5007,7,51690B1
5008,4,0577
5009,5,19759
5010,2,22
5011,6,748134
5012,5,81BA1
5013,4,1B55
5014,4,B60B
5015,3,077
5016,5,B4824
5017,2,66
5018,3,7B7
5019,7,7495B05
5020,4,58A5
5021,10,AB0218356B
5022,7,1086A26
5023,8,4896B756
5024,3,011
5025,6,A6385A
5026,5,A1565
5027,3,B4B
5028,7,867B45B
5029,4,5145
5030,5,53973
5031,6,8A14B8
5032,7,BA0264A
5033,4,8278
5034,5,561A1
5035,4,4374
5036,6,3B2500
5037,3,488
5038,3,411
5039,4,3899
5040,2,77
5041,4,9A19
5042,6,640959
5043,6,512902
5044,8,439A70B4
5045,7,62A4702
5046,4,72A2
5047,2,77
5048,5,17291
5049,4,4911
5050,3,533
5051,5,B9515
5052,7,3AB240B
5053,6,621A0A
5054,2,44
5055,4,A166
5056,4,B41B
5057,4,8565
5058,7,BA97029
5059,4,6488
5060,11,184023B9A5A
5061,6,A16391
5062,5,AB78B
5063,4,A088
5064,6,A51424
5065,2,99
5066,6,B12688
5067,7,3592849
5068,6,15AB4A
5069,3,411
5070,5,956A6
5071,5,431A1
5072,9,179B26A33
5073,8,79648239
5074,8,047638A0
5075,3,1BB
5076,8,52174BA1
5077,8,27850166
5078,5,14696
5079,4,5838
5080,6,459363
5081,4,69A6
5082,3,A66
5083,6,3B1466
5084,9,8B6204792
5085,8,A83014B4
5086,6,438678
5087,4,1949
5088,7,6A80B16
5089,8,97B084A0
5090,5,63588
5091,7,3126071
5092,5,50870
5093,9,B3108256B
5094,6,125343
5095,6,B5309B
5096,3,717
5097,7,64B12AB
5098,3,066
5099,5,76416
5100,10,19A5302464
5101,3,2B2
5102,5,A3141
5103,4,9249
5104,4,3B99
5105,3,4BB
5106,5,42B33
5107,6,5874A5
5108,2,66
5109,4,1949
5110,5,07633
5111,2,11
5112,8,3492B062
5113,5,527A2
5114,5,31255
5115,6,BA3855
5116,6,364A16
5117,10,792150B86B
5118,6,607340
5119,3,858
5120,9,4AB69103A
5121,5,03488
5122,8,4B026833
5123,8,93850613
5124,7,6398256
5125,5,B2677
5126,6,723988
5127,6,968505
5128,5,52966
5129,4,4565
5130,3,9AA
5131,6,806AB0
5132,7,6470AB6
5133,3,6BB
5134,2,88
5135,5,36808
5136,5,45A95
5137,6,425684
5138,6,4091B9
5139,6,364A2A
5140,5,0A6BB
5141,5,045AA
5142,3,8B8
5143,3,040
5144,7,316A909
5145,4,6546
5146,7,61B4026
5147,6,31A848
5148,4,19B1
5149,7,481B678
5150,7,A15679A
5151,6,A5B345
5152,8,419263B2
5153,4,0939
5154,3,700
5155,3,494
5156,3,232
5157,5,8A599
5158,2,BB
5159,5,B8198
5160,6,524B82
5161,4,3755
5162,6,B95688
5163,5,23A77
5164,3,766
5165,4,8700
5166,3,055
5167,6,BA547B
5168,5,06A1A
5169,6,043B14
5170,4,9818
5171,6,658A98
5172,4,0210
5173,5,9A677
5174,4,4A04
5175,6,4A3094
5176,3,099
5177,3,044
5178,4,7597
5179,6,A34193
5180,6,A85025
5181,3,303
5182,2,99
5183,6,2568BB
5184,4,4700
5185,4,B2A2
5186,4,4766
5187,3,2AA
5188,8,2B96A355
5189,6,B5A181
5190,4,9818
5191,2,44
5192,3,311
5193,7,0A63870
5194,4,B74B
5195,4,8244
5196,6,647955
5197,4,24A4
5198,5,91242
5199,7,2A9B011
5200,5,81021
5201,7,04B1320
5202,6,5792B5
5203,5,B4299
5204,4,3262
5205,7,0185626
5206,4,B040
5207,2,77
5208,10,4736209BA6
5209,3,232
5210,3,066
5211,4,A47A
5212,3,494
5213,4,6311
5214,5,362B3
5215,5,A7257
5216,6,A76131
5217,4,62AA
5218,4,42AA
5219,3,411
5220,3,212
5221,9,952874300
5222,3,2BB
5223,4,7355
5224,7,09A1731
5225,4,BA55
5226,4,7B1B
5227,9,4653BA806
5228,3,434
5229,3,544
5230,4,3055
5231,6,B1A488
5232,4,2B32
5233,3,949
5234,2,00
5235,7,3125975
5236,8,4B12563B
5237,5,89633
5238,4,1A3A
5239,5,34673
5240,8,04A89366
5241,2,22
5242,2,AA
5243,4,2900
5244,7,6A03523
5245,6,A517BA
5246,3,505
5247,4,8033
5248,5,42866
5249,6,12A76A
5250,4,9B69
5251,7,A6483B8
5252,8,96742A52
5253,9,751BA689A
5254,3,A0A
5255,9,A641B2701
5256,3,0BB
5257,8,64582092
5258,3,1BB
5259,8,1B952A32
5260,4,9866
5261,4,6836
5262,6,053A65
5263,3,3B3
5264,4,93A9
5265,8,89273459
5266,3,B44
5267,6,92A37A
5268,2,55
5269,5,96146
5270,2,77
5271,2,55
5272,3,944
5273,8,89354B2B
5274,5,25095
5275,2,44
5276,3,828
5277,6,7018AA
5278,5,A7B0B
5279,6,309171
5280,10,42159AB369
5281,3,8AA
5282,4,B0AA
5283,7,B9A1737
5284,8,257B1866
5285,3,077
5286,3,989
5287,5,16040
5288,3,030
5289,6,98B31B
5290,4,1707
5291,3,877
5292,3,211
5293,3,822
5294,6,9308A8
5295,7,AB6529A
5296,6,62B102
5297,3,434
5298,4,9404
5299,7,7A54364
5300,3,066
5301,7,639B473
5302,4,0292
5303,4,4011
5304,10,0935264A75
5305,3,799
5306,6,207517
5307,6,50A484
5308,6,48B314
5309,3,484
5310,5,08578
5311,3,8B8
5312,5,43A54
5313,2,00
5314,7,B42A932
5315,2,44
5316,5,B81AA
5317,3,B77
5318,3,040
5319,3,433
5320,4,5737
5321,7,07984A8
5322,6,6B2911
5323,7,328B944
5324,7,392B5A5
5325,9,20BA43560
5326,7,B943109
5327,5,60146
5328,4,4323
5329,8,01594329
5330,9,658A09B4B
5331,3,B22
5332,7,96173B3
5333,3,484
5334,3,060
5335,2,AA
5336,6,274A0A
5337,4,4364
5338,5,540BB
5339,6,B9356B
5340,7,5A82312
5341,3,533
5342,5,673B3
5343,5,A1575
5344,7,976A122
5345,4,3783
5346,2,99
5347,4,A575
5348,4,3743
5349,6,B217A2
5350,7,B041894
5351,3,733
5352,5,01BAA
5353,4,3A63
5354,6,069155
5355,8,1B854075
5356,6,603493
5357,3,011
5358,4,5635
5359,4,1822
5360,4,6080
5361,6,BA375A
5362,5,48199
5363,4,4511
5364,5,42502
5365,6,B1679B
5366,6,A59305
5367,6,25B393
5368,7,32164B6
5369,4,1606
5370,7,29471A7
5371,4,8348
5372,7,05A9745
5373,3,686
5374,6,93A50A
5375,6,A4967A
5376,2,77
5377,4,65A5
5378,2,BB
5379,7,A928079
5380,4,2942
5381,3,616
5382,5,41252
5383,7,395A789
5384,2,AA
5385,6,2B974B
5386,9,4B7263A14
5387,8,908A6545
5388,6,A2B07B
5389,6,8A6928
5390,5,835B8
5391,4,9539
5392,5,9BA8A
5393,5,30177
5394,9,B75180238
5395,4,9424
5396,3,303
5397,8,719B520B
5398,5,804B0
5399,6,971027
5400,6,B8210B
5401,3,422
5402,3,959
5403,4,5B85
5404,8,2A47185A
5405,3,433
5406,3,7B7
5407,8,16A47B57
5408,5,14755
5409,6,620545
5410,5,25B99
5411,5,19707
5412,8,152A0393
5413,4,4255
5414,6,159785
5415,5,2A400
5416,7,704B899
5417,6,329853
5418,2,99
5419,6,39B82B
5420,5,4B5A5
5421,3,2B2
5422,6,149309
5423,6,812933
5424,4,3400
5425,6,912B71
5426,2,00
5427,3,B77
5428,10,B456301821
5429,3,868
5430,4,6B00
5431,5,74857
5432,5,072BB
5433,4,1A71
5434,8,546B9A15
5435,3,B77
5436,8,3584B929
5437,9,864327909
5438,5,B681B
5439,6,61B57B
5440,4,B727
5441,3,944
5442,6,386926
5443,5,58268
5444,4,1751
5445,4,0390
5446,6,287909
5447,8,12695809
5448,7,B8275A7
5449,6,197539
5450,4,8408
5451,7,5A76947
5452,4,7696
5453,6,B59715
5454,4,0181
5455,6,A2016A
5456,2,11
5457,3,424
5458,7,A1368B6
5459,6,0945BB
5460,3,636
5461,9,067B493A0
5462,3,A0A
5463,4,B30B
5464,3,A77
5465,2,11
5466,4,B383
5467,2,BB
5468,3,6B6
5469,7,8763493
5470,5,19878
5471,4,6454
5472,6,B21691
5473,2,99
5474,3,199
5475,5,30A40
5476,5,A2372
5477,7,20835AA
5478,3,4B4
5479,6,4B06AA
5480,4,4534
5481,3,404
5482,4,1636
5483,4,3123
5484,3,4BB
5485,5,4B8AA
5486,4,A232
5487,3,A5A
5488,2,33
5489,6,A6275A
5490,6,743B27
5491,7,A7B436A
5492,6,031A90
5493,6,027868
5494,4,5404
5495,3,141
5496,3,A6A
5497,2,88
5498,4,B699
5499,4,3699
5500,10,85042A7130
5501,3,313
5502,6,1B7969
5503,4,6244
5504,7,A86B42B
5505,3,252
5506,7,6873A07
5507,6,754B66
5508,4,7907
5509,5,2A100
5510,4,6373
5511,4,3983
5512,5,BA655
5513,9,7018926AA
5514,9,149A583B9
5515,6,8B4234
5516,5,25675
5517,8,05387427
5518,6,6A827A
5519,4,4696
5520,6,8560A6
5521,8,9AB71255
5522,6,2A6744
5523,6,792019
5524,9,6132490B1
5525,6,8136A6
5526,2,55
5527,6,A13B00
5528,6,079480
5529,2,00
5530,5,12B01
5531,6,A85325
5532,3,766
5533,6,958B19
5534,7,4506AB5
5535,5,5B722
5536,4,8313
5537,5,62A3A
5538,5,39A19
5539,6,714696
5540,3,366
5541,3,A3A
5542,4,9719
5543,7,2B35080
5544,4,9869
5545,9,210783969
5546,6,918737
5547,6,B86455
5548,8,2056A91A
5549,5,174B7
5550,5,650B6
5551,5,62316
5552,6,246909
5553,6,36A106
5554,6,839428
5555,2,11
5556,5,AB171
5557,5,B1781
5558,3,898
5559,6,23A646
5560,10,635029A7BB
5561,7,3789523
5562,4,8944
5563,6,50A670
5564,7,5B837A3
5565,4,A355
5566,5,85235
5567,2,AA
5568,5,3AB23
5569,3,588
5570,5,08B99
5571,4,3494
5572,6,1A740A
5573,8,3420A854
5574,5,A3822
5575,3,344
5576,3,266
5577,3,BAB
5578,3,454
5579,4,7B4B
5580,2,88
5581,6,489A69
5582,7,2BA3477
5583,9,6A529B17A
5584,3,B22
5585,2,AA
5586,7,A72605A
5587,8,1B736292
5588,3,288
5589,2,33
5590,4,1626
5591,5,841B8
5592,4,01AA
5593,3,A99
5594,2,99
5595,5,34011
5596,2,11
5597,5,64794
5598,7,9263818
5599,5,492BB
5600,5,58B2B
5601,7,10B5A60
5602,5,B71A7
5603,9,59B184A35
5604,5,28792
5605,3,6B6
5606,4,0140
5607,4,69A6
5608,6,405A10
5609,4,7252
5610,5,583B3
5611,5,83676
5612,2,11
5613,2,88
5614,4,2192
5615,3,747
5616,4,8161
5617,2,77
5618,6,170626
5619,3,262
5620,4,5875
5621,4,8077
5622,6,2A5942
5623,2,00
5624,3,1BB
5625,7,10983A1
5626,4,6A33
5627,4,42B2
5628,2,88
5629,7,A619541
5630,7,7892042
5631,6,40A69A
5632,2,55
5633,7,927AB88
5634,4,BA88
5635,3,911
5636,7,038B944
5637,6,021393
5638,3,B5B
5639,6,805499
5640,3,848
5641,6,8A3011
5642,6,56B133
5643,7,63840B3
5644,10,84A3956204
5645,6,4B1255
5646,6,0873A8
5647,8,71A98261
5648,6,A75B35
5649,8,43250B73
5650,4,5767
5651,3,B44
5652,4,37B7
5653,2,55
5654,5,23812
5655,6,B73A1A
5656,5,16451
5657,5,630A6
5658,7,2A74362
5659,4,4ABB
5660,5,4B090
5661,4,0161
5662,6,24B172
5663,6,532842
5664,4,97B7
5665,8,A491B674
5666,8,408539A0
5667,6,5A0680
5668,8,879A23B9
5669,7,905A288
5670,7,09A85B0
5671,5,36955
5672,3,434
5673,4,0373
5674,6,8723B2
5675,6,031B80
5676,4,A272
5677,5,61736
5678,5,27937
5679,5,08450
5680,8,81A09241
5681,4,0262
5682,7,6047834
5683,2,BB
5684,6,A91500
5685,5,835B3
5686,4,34B3
5687,3,272
5688,4,9070
5689,6,618933
5690,3,011
5691,4,A51A
5692,6,9628BB
5693,6,019646
5694,4,A797
5695,5,86016
5696,5,04989
5697,3,B7B
5698,4,4584
5699,7,9315077
5700,5,84060
5701,3,7AA
5702,6,934525
5703,4,4377
5704,4,3455
5705,4,23A3
5706,4,2152
5707,3,633
5708,3,7AA
5709,5,A5626
5710,3,066
5711,7,56A8177
5712,3,232
5713,7,0695A88
5714,4,0644
5715,5,89479
5716,7,76540A0
5717,5,7B917
5718,3,727
5719,8,98765138
5720,6,143A83
5721,3,050
5722,4,79BB
5723,6,7A8454
5724,4,7622
5725,4,A67A
5726,4,A515
5727,6,468A74
5728,5,489A8
5729,7,53986BB
5730,2,22
5731,6,29A639
5732,4,7515
5733,4,32B2
5734,6,59A24A
5735,4,9188
5736,3,575
5737,4,0787
5738,7,6B542A4
5739,5,A0390
5740,3,099
5741,4,A141
5742,3,5B5
5743,8,86731201
5744,6,13AB8B
5745,4,4604
5746,2,00
5747,4,32B3
5748,6,AB0616
5749,3,077
5750,4,0A55
5751,4,3B66
5752,6,06A211
5753,4,64A4
5754,4,3B93
5755,5,38478
5756,3,A11
5757,4,2402
5758,4,0599
5759,5,97649
5760,8,19B4A80B
5761,6,963B06
5762,9,905381728
5763,5,87466
5764,8,104B5394
5765,5,82758
5766,4,14AA
5767,7,0A31753
5768,4,B494
5769,8,A4B31074
5770,9,719354080
5771,4,96A6
5772,5,89B68
5773,2,88
5774,2,33
5775,6,786546
5776,4,1241
5777,3,A3A
5778,8,47362097
5779,5,31080
5780,3,B0B
5781,6,980B6B
5782,6,54A3B3
5783,7,2069181
5784,5,492B4
5785,11,48A190B5378
5786,5,0B656
5787,9,B570A6346
5788,5,854AA
5789,3,101
5790,7,214A301
5791,10,B4026A7599
5792,3,0BB
5793,2,22
5794,4,3977
5795,3,B44
5796,4,6292
5797,3,414
5798,7,1748264
5799,7,8B05328
5800,6,873948
5801,8,0BA59165
5802,4,57BB
5803,3,3A3
5804,3,414
5805,5,61B31
5806,3,303
5807,2,55
5808,3,5AA
5809,8,50389766
5810,7,8259319
5811,7,8A62506
5812,7,0549AB5
5813,3,A4A
5814,3,B99
5815,5,B1838
5816,5,67A07
5817,7,9081730
5818,4,A36A
5819,5,43614
5820,5,73BA7
5821,6,534295
5822,7,2591475
5823,4,A022
5824,2,11
5825,7,09A5878
5826,6,965311
5827,2,44
5828,4,B811
5829,4,A08A
5830,5,A3083
5831,6,28A01A
5832,5,50311
5833,5,B3493
5834,4,0A22
5835,6,496522
5836,4,05AA
5837,7,46B7A17
5838,3,A44
5839,4,2404
5840,6,3704B3
5841,2,66
5842,9,70352B460
5843,6,859677
5844,3,9AA
5845,6,5603AA
5846,5,15696
5847,3,099
5848,5,543A4
5849,6,45B26B
5850,6,041931
5851,4,4922
5852,3,323
5853,4,8757
5854,4,6939
5855,5,B1451
5856,9,07382B644
5857,6,2A9585
5858,3,151
5859,3,8A8
5860,6,916533
5861,4,6733
5862,4,4633
5863,4,6044
5864,4,B322
5865,5,6AB26
5866,4,0737
5867,5,50620
5868,6,7238B8
5869,4,5676
5870,8,B5032A40
5871,7,5B8A939
5872,8,259B71AB
5873,6,754211
5874,9,75218A645
5875,2,BB
5876,4,B033
5877,5,472B2
5878,3,848
5879,4,2B42
5880,8,2714BA00
5881,4,7949
5882,2,88
5883,7,62B9050
5884,6,2B3199
5885,4,71AA
5886,2,11
5887,6,A8536A
5888,2,44
5889,9,9AB17846A
5890,5,5B717
5891,7,B982070
5892,8,20A7153A
5893,5,504A5
5894,10,B732965015
5895,10,21079856A5
5896,3,9A9
5897,7,68147BB
5898,3,500
5899,4,A40A
5900,6,456A00
5901,2,77
5902,8,524B1088
5903,5,5B2A5
5904,2,22
5905,5,A8B7A
5906,5,46B1B
5907,3,B0B
5908,5,87166
5909,8,946AB314
5910,6,2A4504
5911,4,04A4
5912,6,B31929
5913,6,486078
5914,6,093B73
5915,2,44
5916,4,2040
5917,3,A1A
5918,8,452180A5
5919,5,25365
5920,4,2502
5921,7,613B022
5922,6,A0598A
5923,6,B96488
5924,2,00
5925,7,712A497
5926,7,8459066
5927,4,3144
5928,3,322
5929,3,010
5930,3,1BB
5931,2,77
5932,8,936B7216
5933,4,1393
5934,6,731627
5935,5,8B3A8
5936,3,244
5937,7,8631B01
5938,6,5B4A77
5939,3,411
5940,7,653B483
5941,6,389B78
5942,3,757
5943,6,98B656
5944,4,4599
5945,6,8B5A00
5946,4,8377
5947,4,B35B
5948,9,0659B4814
5949,7,B065177
5950,4,8678
5951,6,A14034
5952,6,783900
5953,4,43B3
5954,9,A75B81393
5955,7,28946BB
5956,6,195A35
5957,4,0840
5958,3,939
5959,2,66
5960,4,9080
5961,4,2712
5962,4,39B3
5963,9,3170A4855
5964,2,AA
5965,4,98AA
5966,7,B0567A5
5967,6,87B467
5968,8,9A6503B6
5969,4,83B8
5970,11,AB097461587
5971,3,A55
5972,9,07183A6B1
5973,3,166
5974,4,4324
5975,8,6491A301
5976,10,67801A4537
5977,6,7031AA
5978,4,B878
5979,8,2748BA3A
5980,6,A7B933
5981,6,364B1B
5982,2,00
5983,8,13864923
5984,5,AB252
5985,7,6019340
5986,4,0240
5987,8,3B094864
5988,8,654B1291
5989,4,B90B
5990,4,3919
5991,4,9B3B
5992,4,57A7
5993,6,B25692
5994,4,94BB
5995,4,4818
5996,4,8138
5997,4,75A5
5998,2,44
5999,4,0488
6000,3,A6A
6001,3,686
6002,9,5B6028398
6003,3,733
6004,7,062A711
6005,6,B07250
6006,3,353
6007,3,077
6008,7,B067818
6009,7,0B32868
6010,3,022
6011,3,311
6012,3,7A7
6013,7,B630153
6014,5,47383
6015,5,31500
6016,10,60385A91B9
6017,7,A41607A
6018,8,A37B694A
6019,5,901A1
6020,2,55
6021,6,1A8648
6022,7,B0723A7
6023,3,A22
6024,5,579B7
6025,2,66
6026,3,B88
6027,7,7650B44
6028,8,94560A24
6029,4,2302
6030,11,B6A58324978
6031,4,67BB
6032,3,499
6033,3,404
6034,3,966
6035,4,3166
6036,6,584078
6037,6,297049
6038,6,684738
6039,7,A614858
6040,3,688
6041,7,3754911
6042,7,0B86A2A
6043,4,5925
6044,4,2082
6045,4,8508
6046,5,748AA
6047,5,64808
6048,5,90319
6049,8,328A4500
6050,5,A7656
6051,2,99
6052,6,1438A3
6053,5,56414
6054,3,707
6055,5,41901
6056,6,28B616
6057,3,788
6058,4,3255
6059,5,16B0B
6060,3,010
6061,2,11
6062,5,43104
6063,4,6131
6064,2,BB
6065,2,44
6066,4,6040
6067,6,587025
6068,7,02743BB
6069,8,A3269852
6070,9,067425B97
6071,2,66
6072,6,0A572A
6073,5,89464
6074,5,BA18B
6075,3,2BB
6076,7,658A138
6077,6,280B78
6078,5,06737
6079,7,7942604
6080,7,A8B9619
6081,8,A2016599
6082,4,A62A
6083,6,431A2A
6084,7,4B03750
6085,5,17A3A
6086,8,562A8101
6087,5,A8B22
6088,4,68B6
6089,5,34A8A
6090,4,47B7
6091,5,01430
6092,6,B09620
6093,6,21A672
6094,6,905B30
6095,7,0847611
6096,8,159A8464
6097,6,0B7630
6098,2,22
6099,2,88
6100,2,55
6101,5,B921B
6102,7,3618B44
6103,4,4166
6104,6,A01790
6105,9,61975AB27
6106,8,29A64016
6107,3,101
6108,6,A59633
6109,7,4853B64
6110,4,10A1
6111,4,5495
6112,2,99
6113,7,0AB769B
6114,5,52433
6115,6,927102
6116,5,34020
6117,2,22
6118,4,7257
6119,6,B2401B
6120,5,5B84B
6121,4,1931
6122,2,99
6123,7,1A64956
6124,6,431823
6125,6,B09858
6126,8,B534A185
6127,6,859235
6128,8,3A019729
6129,3,622
6130,9,6508A3498
6131,2,11
6132,7,0721A62
6133,5,503A0
6134,2,77
6135,4,A455
6136,6,8BA303
6137,3,077
6138,3,988
6139,4,A566
6140,5,425AA
6141,6,578B3B
6142,5,04565
6143,5,10290
6144,5,B4A9A
6145,4,B828
6146,6,180A44
6147,4,13BB
6148,6,683121
6149,5,6B585
6150,2,BB
6151,3,BAB
6152,5,9A722
6153,3,722
6154,3,044
6155,4,9519
6156,6,82B47B
6157,6,B59325
6158,5,02840
6159,5,23515
6160,4,4784
6161,4,6744
6162,5,13868
6163,3,A0A
6164,2,00
6165,8,79A653BA
6166,5,12631
6167,4,39BB
6168,5,B596B
6169,2,22
6170,3,599
6171,6,967343
6172,5,47807
6173,4,71AA
6174,2,22
6175,6,782155
6176,3,737
6177,7,827B34B
6178,3,484
6179,2,44
6180,5,A093A
6181,4,4377
6182,7,9605370
6183,3,233
6184,5,76327
6185,10,B579041631
6186,4,9689
6187,2,33
6188,4,2A8A
6189,7,9340A74
6190,4,8676
6191,6,765122
6192,4,4322
6193,6,517947
6194,6,3AB686
6195,6,0B24AA
6196,2,11
6197,5,74A24
6198,6,6B4050
6199,9,A54927313
6200,8,28A093B8
6201,8,31B84563
6202,6,360753
6203,3,5B5
6204,7,6985075
6205,2,11
6206,3,B4B
6207,4,24B4
6208,3,212
6209,5,28944
6210,6,456299
6211,5,8A218
6212,7,7A3501A
6213,4,2A52
6214,3,766
6215,5,23702
6216,3,766
6217,7,139B271
6218,4,7388
6219,4,9A33
6220,4,40BB
6221,3,B22
6222,3,494
6223,4,7ABB
6224,3,033
6225,3,4BB
6226,8,80673127
6227,8,84679A16
6228,4,AB22
6229,3,A6A
6230,6,A82732
6231,6,634070
6232,3,161
6233,2,55
6234,3,6BB
6235,4,9388
6236,5,23462
6237,7,21A869A
6238,6,028530
6239,6,A67B5B
6240,5,48202
6241,2,88
6242,7,3B2A15B
6243,4,6711
6244,7,150A365
6245,5,96044
6246,2,88
6247,8,32809649
6248,3,9A9
6249,6,12B040
6250,2,00
6251,4,4373
6252,2,11
6253,4,8948
6254,2,66
6255,3,599
6256,4,3616
6257,4,2792
6258,7,2654016
6259,3,488
6260,3,ABA
6261,3,699
6262,4,2B72
6263,3,899
6264,3,1A1
6265,6,6A3193
6266,4,0161
6267,7,3608B78
6268,4,6B76
6269,5,2A399
6270,6,025677
6271,5,9B101
6272,4,1828
6273,3,3BB
6274,5,BA34A
6275,8,23B56893
6276,2,AA
6277,4,49AA
6278,8,02A149B2
6279,5,70466
6280,6,5B2787
6281,3,3B3
6282,3,711
6283,4,9489
6284,4,9474
6285,3,828
6286,3,244
6287,8,64932102
6288,6,365A88
6289,3,644
6290,5,31091
6291,4,5696
6292,7,135AB99
6293,6,B98252
6294,8,496B1031
6295,4,A144
6296,5,6B722
6297,6,429084
6298,2,00
6299,4,5474
6300,2,44
6301,4,53B3
6302,3,388
6303,4,B484
6304,6,4A6806
6305,4,5815
6306,4,6077
6307,6,A413B3
6308,2,77
6309,4,8738
6310,6,605A80
6311,7,26041BB
6312,7,AB5910B
6313,3,050
6314,3,494
6315,7,2A6B488
6316,4,7617
6317,5,375AA
6318,6,051985
6319,3,711
6320,4,2577
6321,2,77
6322,3,288
6323,5,61B26
6324,5,46936
6325,3,099
6326,3,B88
6327,8,4812B764
6328,5,728B2
6329,8,45219766
6330,4,0966
6331,10,B8A3609516
6332,6,A53193
6333,3,B77
6334,3,344
6335,5,791A1
6336,6,5143A1
6337,2,99
6338,4,9289
6339,6,613575
6340,7,98204A4
6341,7,A39B454
6342,3,0A0
6343,6,A85922
6344,7,6758126
6345,5,29677
6346,2,AA
6347,3,533
6348,7,0A536B5
6349,6,306490
6350,4,3A1A
6351,5,50292
6352,6,67A3B7
6353,9,259A36475
6354,7,9A5237A
6355,3,515
6356,3,588
6357,6,0392A3
6358,2,33
6359,9,36A849518
6360,3,788
6361,8,4601A856
6362,5,764A4
6363,7,685B315
6364,3,755
6365,3,388
6366,7,14B9676
6367,6,2A7167
6368,5,74588
6369,6,2895B5
6370,7,6839B53
6371,7,7B62956
6372,4,9219
6373,8,619A30B0
6374,3,020
6375,7,A637122
6376,6,9A8478
6377,5,02BAB
6378,4,2832
6379,10,08B5163A99
6380,4,9166
6381,5,B2636
6382,3,B22
6383,4,8B38
6384,4,6356
6385,5,09323
6386,9,64581B9AA
6387,5,65895
6388,6,A1B53A
6389,2,55
6390,5,25A8A
6391,3,4B4
6392,4,5805
6393,7,53B8966
6394,3,A44
6395,7,29A7609
6396,4,1343
6397,5,32717
6398,3,585
6399,2,AA
6400,6,789422
6401,9,02B871697
6402,5,63707
6403,5,254A4
6404,6,4B5A7A
6405,5,31655
6406,4,4084
6407,6,523675
6408,4,0790
6409,5,1B989
6410,6,6A0B96
6411,3,A0A
6412,8,54A81734
6413,6,58B212
6414,5,2B1A2
6415,3,232
6416,2,11
6417,7,B207818
6418,5,95636
6419,5,06939
6420,5,A3523
6421,8,90584161
6422,5,0A690
6423,5,90A19
6424,7,439B703
6425,5,50B15
6426,6,3A1721
6427,3,6B6
6428,5,2B90B
6429,2,44
6430,8,B38452A3
6431,5,BA833
6432,3,A7A
6433,2,77
6434,4,9311
6435,8,210487BB
6436,6,47A957
6437,4,B600
6438,5,50490
6439,5,A895A
6440,7,B35A293
6441,2,99
6442,8,7B498069
6443,4,93A3
6444,6,89A279
6445,2,66
6446,5,20B88
6447,9,591042A60
6448,2,00
6449,5,0A24A
6450,5,382A8
6451,6,30A960
6452,7,38B9565
6453,7,4206788
6454,7,7381AB7
6455,5,72362
6456,3,677
6457,6,63B404
6458,6,B07537
6459,4,6080
6460,12,43A7586B0124
6461,7,5240182
6462,4,50B5
6463,5,8B707
6464,5,52848
6465,2,99
6466,4,4383
6467,5,51404
6468,3,455
6469,5,06988
6470,5,90411
6471,4,5100
6472,2,00
6473,5,05727
6474,3,686
6475,2,BB
6476,5,52B85
6477,6,81B601
6478,2,BB
6479,3,141
6480,3,4A4
6481,8,26475AB4
6482,2,99
6483,7,A43B20A
6484,5,6A24A
6485,9,847601255
6486,8,7B923609
6487,2,00
6488,3,626
6489,6,916056
6490,9,9B2758408
6491,9,435170BA1
6492,5,0B7A7
6493,6,07A646
6494,2,88
6495,3,A88
6496,6,42A652
6497,3,977
6498,9,A65910747
6499,4,3585
6500,8,164B9733
6501,2,11
6502,5,0A433
6503,6,710494
6504,7,9A64303
6505,5,A896A
6506,6,5B23A2
6507,10,32A715B485
6508,9,20416A9B9
6509,4,A122
6510,2,66
6511,2,77
6512,5,4B87B
6513,6,486704
6514,4,7181
6515,5,07313
6516,5,45014
6517,2,66
6518,4,1422
6519,9,7648A5216
6520,4,5B25
6521,5,5A40A
6522,2,AA
6523,2,77
6524,5,34898
6525,7,163AB9A
6526,5,02955
6527,5,2B878
6528,4,45B4
6529,8,639A1522
6530,6,2A9389
6531,5,A71B7
6532,5,A329A
6533,8,A0415291
6534,9,B2830A952
6535,5,A560A
6536,5,3A868
6537,6,5B0165
6538,4,50AA
6539,5,27517
6540,3,900
6541,3,959
6542,5,67237
6543,3,848
6544,5,01399
6545,6,831961
6546,6,05A985
6547,3,272
6548,7,AB45377
6549,6,8A7544
6550,10,4738061A54
6551,3,717
6552,5,AB31B
6553,3,300
6554,4,1585
6555,3,244
6556,4,0A80
6557,8,439B7563
6558,9,5084169A4
6559,4,4288
6560,5,B4191
6561,2,77
6562,6,274808
6563,7,57B2042
6564,4,A69A
6565,4,5A0A
6566,8,25387BA5
6567,7,B71A427
6568,6,783647
6569,3,244
6570,9,8410A76B6
6571,3,303
6572,6,064585
6573,4,5323
6574,4,3292
6575,5,51878
6576,7,B628048
6577,4,1844
6578,5,5AB4B
6579,8,751A0B4A
6580,5,142B2
6581,7,B70A98A
6582,6,617846
6583,4,A644
6584,5,24909
6585,5,62976
6586,3,277
6587,4,72B2
6588,5,0BA33
6589,4,3613
6590,5,7B262
6591,7,A632898
6592,2,AA
6593,2,33
6594,6,627BA6
6595,6,934819
6596,9,B41205974
6597,6,638B46
6598,2,88
6599,8,84521ABA
6600,5,47606
6601,5,48958
6602,5,250AA
6603,4,2646
6604,6,AB1461
6605,8,804B7164
6606,6,38BA78
6607,4,1878
6608,2,88
6609,10,601824AB58
6610,5,09B6B
6611,2,AA
6612,4,3753
6613,5,B2711
6614,2,55
6615,6,607826
6616,6,214632
6617,7,1342851
6618,4,71A1
6619,6,654A11
6620,7,71A9B57
6621,7,4A69727
6622,6,347A63
6623,5,185B1
6624,8,290638A3
6625,8,A75612B6
6626,3,544
6627,5,84252
6628,8,725960B5
6629,4,0833
6630,7,2485AB5
6631,2,33
6632,5,9A84A
6633,3,A66
6634,4,2A8A
6635,5,0B411
6636,4,5B8B
6637,6,64B131
6638,6,B826A2
6639,8,64350210
6640,6,075199
6641,5,B5435
6642,6,3867A8
6643,5,0A7BA
6644,3,585
6645,5,03B10
6646,9,894315A65
6647,8,28705BAB
6648,4,54BB
6649,4,4A6A
6650,6,403525
6651,3,929
6652,6,7319B7
6653,5,716B7
6654,3,577
6655,6,673522
6656,5,9A055
6657,9,7314A8955
6658,4,AB11
6659,9,274501B9B
6660,3,373
6661,6,536B85
6662,2,88
6663,2,BB
6664,5,78919
6665,2,11
6666,5,A0B30
6667,7,7482394
6668,4,3503
6669,4,7499
6670,4,9377
6671,4,B98B
6672,5,9A47A
6673,6,754B66
6674,5,89100
6675,3,B6B
6676,5,1B421
6677,4,3959
6678,4,A13A
6679,5,64276
6680,5,28B77
6681,7,268B939
6682,4,6A2A
6683,5,842A4
6684,5,82A33
6685,3,464
6686,9,87396B545
6687,6,0845AA
6688,6,189069
6689,7,76A3050
6690,5,8B4A8
6691,6,062311
6692,5,86B7B
6693,2,44
6694,4,39BB
6695,4,2131
6696,6,479B57
6697,9,B54713A8A
6698,3,838
6699,5,95A65
6700,3,383
6701,2,88
6702,2,88
6703,3,737
6704,3,B7B
6705,9,72B019655
6706,3,989
6707,7,9270A57
6708,10,105A4B2373
6709,5,08393
6710,4,5BAA
6711,4,A14A
6712,6,961404
6713,3,4AA
6714,6,913544
6715,5,AB96B
6716,5,610A1
6717,5,7A93A
6718,9,38A5421B3
6719,4,0420
6720,3,727
6721,6,9A2070
6722,2,AA
6723,7,A4053BA
6724,11,A5306821796
6725,7,8A69458
6726,5,13761
6727,3,A55
6728,3,388
6729,3,922
6730,6,637046
6731,4,AB44
6732,3,599
6733,4,A544
6734,6,BA7010
6735,3,808
6736,3,899
6737,5,78353
6738,2,22
6739,4,1969
6740,4,5625
6741,2,55
6742,9,645103282
6743,6,946818
6744,5,5A4B5
6745,3,488
6746,6,690430
6747,7,2568131
6748,6,7B0633
6749,8,3B541975
6750,6,32B842
6751,7,4029780
6752,3,0BB
6753,7,1A64891
6754,7,5208692
6755,7,302A452
6756,5,208B8
6757,6,B956A5
6758,3,477
6759,5,19373
6760,5,2A19A
6761,5,5A02A
6762,7,3675415
6763,7,1659345
6764,8,A315B023
6765,6,19B288
6766,4,A45A
6767,4,4B04
6768,3,010
6769,9,25431B901
6770,4,9B59
6771,4,3A9A
6772,3,9AA
6773,9,31642A783
6774,3,727
6775,6,15A371
6776,5,35423
6777,6,82A372
6778,3,288
6779,4,BA55
6780,5,2A911
6781,7,8503A93
6782,9,965387149
6783,6,940A64
6784,4,2181
6785,4,6706
6786,4,0565
6787,9,B57143808
6788,2,99
6789,2,22
6790,3,202
6791,6,B29A66
6792,4,65AA
6793,4,4B33
6794,6,709363
6795,7,64A5383
6796,6,B5364B
6797,4,4800
6798,3,242
6799,4,A355
6800,2,66
6801,7,46B2712
6802,5,59161
6803,4,2787
6804,6,142581
6805,3,311
6806,4,4684
6807,11,4368B217908
6808,3,800
6809,4,2767
6810,8,3709B283
6811,3,1BB
6812,5,4A797
6813,2,11
6814,4,7616
6815,6,647124
6816,2,AA
6817,4,5266
6818,5,34822
6819,3,535
6820,5,56288
6821,3,727
6822,6,60A949
6823,7,42B98A2
6824,3,464
6825,6,B24166
6826,5,83277
6827,4,8028
6828,4,B010
6829,4,6808
6830,4,6484
6831,6,A75B9B
6832,2,44
6833,5,25044
6834,9,A291573B7
6835,6,9B2152
6836,4,1855
6837,4,49B9
6838,5,A6B4A
6839,5,48378
6840,6,075347
6841,2,BB
6842,4,6156
6843,4,32B2
6844,6,2567AA
6845,4,7A2A
6846,5,93603
6847,4,3600
6848,5,03727
6849,4,A066
6850,2,33
6851,10,A4B0687918
6852,7,6279852
6853,7,9B76457
6854,3,010
6855,5,08460
6856,6,849100
6857,2,55
6858,4,4655
6859,11,8A147350260
6860,6,BA456A
6861,2,66
6862,5,3B044
6863,8,728A6199
6864,3,323
6865,4,9727
6866,2,BB
6867,4,1481
6868,4,28B2
6869,5,12949
6870,3,3A3
6871,5,A5B4B
6872,6,9A8733
6873,6,20B142
6874,6,4A2353
6875,3,311
6876,2,11
6877,5,13B66
6878,2,77
6879,5,58909
6880,2,88
6881,9,1469835B6
6882,4,7537
6883,2,33
6884,8,4A8905B5
6885,2,44
6886,2,11
6887,5,47A6A
6888,6,93BA2A
6889,7,70A4B27
6890,7,A839711
6891,4,8633
6892,4,B166
6893,6,9B5049
6894,5,A932A
6895,6,AB3070
6896,5,42914
6897,3,0AA
6898,5,38758
6899,5,76252
6900,5,02A1A
6901,4,B747
6902,6,B16031
6903,6,BA523A
6904,6,B0A755
6905,4,2575
6906,4,12B2
6907,4,6535
6908,9,548AB269A
6909,2,33
6910,6,B20352
6911,3,161
6912,6,0B1430
6913,5,53212
6914,7,35B0243
6915,8,5879A4B7
6916,6,296542
6917,5,6B52B
6918,6,7A6187
6919,2,66
6920,4,9519
6921,8,089B3273
6922,5,68522
6923,3,866
6924,6,4A3B64
6925,5,19464
6926,5,56B7B
6927,7,24387A3
6928,3,B2B
6929,8,278564B6
6930,5,08399
6931,4,2A88
6932,6,378101
6933,6,5B904B
6934,3,525
6935,5,29A44
6936,4,8600
6937,4,7959
6938,6,724919
6939,4,2A88
6940,4,5AB5
6941,4,7155
6942,3,9B9
6943,4,8255
6944,3,800
6945,2,88
6946,4,0450
6947,2,00
6948,5,B6A3A
6949,4,B4A4
6950,6,142581
6951,4,7947
6952,7,0871B38
6953,6,713A44
6954,2,00
6955,5,74959
6956,6,0A7437
6957,4,0A99
6958,2,AA
6959,4,54B4
6960,6,BA845B
6961,3,B5B
6962,8,986A4106
6963,7,5418A71
6964,4,3262
6965,3,606
6966,7,B715397
6967,3,A9A
6968,3,343
6969,7,54A8717
6970,7,7901688
6971,3,344
6972,4,9A59
6973,7,9A84313
6974,9,572816437
6975,3,155
6976,7,340B26B
6977,2,88
6978,8,A0178322
6979,4,0577
6980,4,0A9A
6981,3,818
6982,8,642A1056
6983,2,22
6984,5,24A14
6985,6,2A5944
6986,5,5A767
6987,6,913571
6988,5,168B8
6989,4,5877
6990,7,93142AA
6991,8,87BA250B
6992,4,7626
6993,5,20A8A
6994,3,933
6995,7,AB78255
6996,5,32808
6997,6,768047
6998,3,866
6999,5,871AA
7000,4,5825
7001,9,9865A4020
7002,3,233
7003,3,383
7004,6,615399
7005,11,B914352A782
7006,6,821348
7007,7,2608747
7008,3,BAA
7009,4,0A99
7010,5,05395
7011,8,AB781565
7012,7,6571925
7013,3,737
7014,2,88
7015,4,7167
7016,7,52B1A91
7017,7,85B9022
7018,6,529433
7019,2,66
7020,9,A5286471A
7021,4,3020
7022,4,6077
7023,2,11
7024,9,946821372
7025,7,0B42151
7026,4,28BB
7027,4,3454
7028,5,B1575
7029,7,3A6B72A
7030,2,33
7031,4,35B3
7032,6,683202
7033,6,147900
7034,2,55
7035,9,28B607430
7036,3,6A6
7037,3,100
7038,6,523912
7039,7,7A9B30A
7040,7,A590363
7041,5,9B62B
7042,4,7A27
7043,4,2832
7044,5,95289
7045,4,9019
7046,4,A343
7047,2,22
7048,7,8160531
7049,4,8B00
7050,2,55
7051,8,A30457B4
7052,6,65A136
7053,3,9B9
7054,2,BB
7055,6,B75969
7056,6,905B11
7057,2,44
7058,5,7B627
7059,2,00
7060,8,82406374
7061,7,8935400
7062,6,412797
7063,3,151
7064,5,57945
7065,5,A032A
7066,4,B6AA
7067,3,955
7068,5,970B0
7069,3,988
7070,3,922
7071,8,A2496877
7072,5,02388
7073,4,34A4
7074,7,A1B028A
7075,7,57A38B3
7076,4,76AA
7077,7,270B957
7078,5,56B95
7079,7,5A014B1
7080,6,6B39A9
7081,8,B9843A68
7082,4,58A8
7083,9,079823A5A
7084,5,B5A0A
7085,5,89A28
7086,6,23B51B
7087,9,4A387B65A
7088,6,B02940
7089,6,2B3655
7090,6,5B0675
7091,2,44
7092,4,0585
7093,7,8165395
7094,8,68572406
7095,7,7659486
7096,6,4125A4
7097,5,214A1
7098,4,7122
7099,3,A22
7100,4,1656
7101,3,5A5
7102,5,45212
7103,6,5B9A8B
7104,4,3B7B
7105,3,6AA
7106,4,9BAA
7107,6,A2B10A
7108,3,388
7109,3,322
7110,4,7424
7111,3,2AA
7112,8,AB01849B
7113,4,B90B
7114,6,85B3A3
7115,6,390B43
7116,2,55
7117,4,8458
7118,6,56A700
7119,4,98B8
7120,6,A208B2
7121,6,829B48
7122,5,54A05
7123,5,29313
7124,5,2AB8A
7125,5,17B33
7126,9,A41076252
7127,7,AB08166
7128,6,B560AA
7129,5,04B14
7130,3,414
7131,5,02860
7132,5,97687
7133,6,B95109
7134,7,0783457
7135,7,296A188
7136,3,577
7137,7,2B61744
7138,3,1BB
7139,4,7BA7
7140,6,806A5A
7141,3,600
7142,3,B5B
7143,5,09838
7144,3,466
7145,9,A21537087
7146,3,A5A
7147,4,3676
7148,5,650B6
7149,6,216796
7150,3,3B3
7151,4,2472
7152,4,45B5
7153,5,B7457
7154,6,BA9369
7155,2,66
7156,6,185201
7157,5,23455
7158,7,3B7485B
7159,3,A00
7160,6,A45202
7161,6,A3461A
7162,2,33
7163,4,2686
7164,9,914768536
7165,3,988
7166,3,B33
7167,5,35B66
7168,6,613A77
7169,4,9844
7170,7,A253808
7171,6,140521
7172,4,A717
7173,6,A97217
7174,5,41751
7175,5,273A2
7176,7,3815699
7177,2,88
7178,7,3521891
7179,2,BB
7180,6,109B40
7181,5,654A4
7182,4,2ABB
7183,4,9877
7184,6,021A72
7185,6,8072A8
7186,6,4B2A14
7187,7,1BA6071
7188,5,B6500
7189,4,9029
7190,6,7A3247
7191,2,66
7192,4,7599
7193,2,00
7194,3,4B4
7195,6,240A54
7196,4,0B30
7197,7,A2B4792
7198,6,5942B5
7199,6,B645A6
7200,4,B08B
7201,8,3089B519
7202,5,026B2
7203,5,7A20A
7204,3,A77
7205,3,262
7206,7,80A2478
7207,2,55
7208,7,2095818
7209,6,8A2932
7210,4,3565
7211,6,369A73
7212,5,504A5
7213,6,51B787
7214,3,414
7215,4,86B8
7216,3,411
7217,5,9B379
7218,4,3606
7219,5,862BB
7220,3,466
7221,4,6396
7222,7,4B6A98A
7223,3,4AA
7224,6,624A99
7225,8,B5201962
7226,7,6234B1B
7227,4,8B0B
7228,7,3521972
7229,4,1484
7230,6,1620AA
7231,6,81A298
7232,4,1B7B
7233,7,04A3177
7234,5,06810
7235,3,404
7236,8,056B97A5
7237,4,2055
7238,6,A04594
7239,8,48320B72
7240,6,2B0A30
7241,7,4B036A4
7242,3,B6B
7243,8,35201B77
7244,6,3754A4
7245,4,B47B
7246,5,01676
7247,3,030
7248,8,243108B8
7249,4,BA8A
7250,3,866
7251,4,3713
7252,4,A595
7253,4,81BB
7254,3,855
7255,7,809BA39
7256,3,848
7257,8,70529818
7258,2,66
7259,5,A0323
7260,2,22
7261,3,979
7262,6,0316B6
7263,7,280B340
7264,5,A7B9B
7265,5,92B77
7266,5,56845
7267,7,A397022
7268,3,B99
7269,6,A8B078
7270,3,622
7271,4,5945
7272,6,56A89A
7273,5,19A8A
7274,6,3B9606
7275,5,A82BA
7276,3,757
7277,5,5A388
7278,7,3865293
7279,5,59A75
7280,6,463ABA
7281,7,429A155
7282,7,71A8921
7283,6,681571
7284,5,562A6
7285,7,59B2412
7286,6,018250
7287,4,3464
7288,3,4A4
7289,6,3712A2
7290,7,827B542
7291,3,A4A
7292,6,941764
7293,4,0577
7294,3,747
7295,5,B0282
7296,6,7B35AB
7297,3,ABA
7298,6,B39109
7299,6,907B47
7300,4,9529
7301,4,15BB
7302,7,3480923
7303,7,A4B2352
7304,5,05211
7305,5,920AA
7306,5,6B836
7307,5,52692
7308,7,6239A8A
7309,5,B6206
7310,4,98B9
7311,6,029A49
7312,4,4294
7313,3,494
7314,3,855
7315,4,4A0A
7316,5,67BAA
7317,4,6726
7318,3,A4A
7319,8,92631B7B
7320,9,9472301B3
7321,5,32787
7322,8,58937125
7323,3,9BB
7324,3,858
7325,6,B0793B
7326,5,6A818
7327,4,BA5B
7328,3,055
7329,3,311
7330,6,761399
7331,7,B613A91
7332,7,A3B158B
7333,6,415095
7334,7,A521707
7335,4,4766
7336,4,3153
7337,3,A99
7338,6,9508B0
7339,7,57B6929
7340,5,9A16A
7341,2,77
7342,2,44
7343,5,15070
7344,7,A780565
7345,5,23455
7346,5,B7597
7347,8,3A926516
7348,5,047AA
7349,7,6BA9726
7350,7,0A64190
7351,5,26A88
7352,7,6582939
7353,6,74B607
7354,7,7A81031
7355,5,B40AB
7356,6,2B714B
7357,3,5AA
7358,4,A373
7359,5,A7B9B
7360,8,251A8342
7361,4,3B77
7362,9,5637840B5
7363,4,2404
7364,3,355
7365,4,A15A
7366,4,A454
7367,5,398B9
7368,3,B22
7369,3,911
7370,7,2894518
7371,6,902544
7372,6,A52485
7373,6,B04780
7374,3,313
7375,2,00
7376,7,98AB419
7377,8,52A076B5
7378,4,6A44
7379,8,3A182752
7380,9,439752A13
7381,8,6A5094B5
7382,6,1042B4
7383,3,050
7384,2,11
7385,5,B17AA
7386,2,22
7387,5,B1A4A
7388,3,7A7
7389,4,2188
7390,4,A090
7391,5,07127
7392,3,A3A
7393,4,0760
7394,3,161
7395,5,768A7
7396,3,100
7397,6,465077
7398,5,85495
7399,7,207B85B
7400,9,867209459
7401,2,99
7402,3,433
7403,4,3700
7404,4,A18A
7405,8,B9857437
7406,3,494
7407,4,96B9
7408,4,6144
7409,5,A29B9
7410,8,4AB39013
7411,6,092A52
7412,8,A26591B2
7413,3,2B2
7414,6,75AB33
7415,4,9349
7416,4,5605
7417,3,455
7418,4,1252
7419,6,237181
7420,4,5262
7421,5,759BB
7422,4,03BB
7423,3,595
7424,5,410A4
7425,7,2931542
7426,5,748A8
7427,3,B22
7428,6,9B1585
7429,8,B1396729
7430,5,0B2A2
7431,5,A86BB
7432,4,6376
7433,3,344
7434,5,43094
7435,4,4277
7436,3,B0B
7437,4,6900
7438,6,03A949
7439,3,A11
7440,5,A9B55
7441,4,7212
7442,5,63A00
7443,5,65200
7444,3,2BB
7445,4,4292
7446,7,260A186
7447,5,34764
7448,4,03B3
7449,5,34B7B
7450,3,282
7451,3,5AA
7452,5,5B020
7453,3,2B2
7454,5,54911
7455,6,7B9589
7456,4,0363
7457,6,B39A73
7458,4,0520
7459,7,AB6315A
7460,5,60136
7461,6,394789
7462,3,202
7463,4,57A7
7464,3,272
7465,6,271602
7466,5,B0464
7467,5,A03B0
7468,6,7B9257
7469,6,523742
7470,6,694216
7471,6,621342
7472,3,344
7473,6,437022
7474,5,40634
7475,5,03840
7476,9,51A86B726
7477,8,6523B842
7478,3,B2B
7479,6,530787
7480,6,067B27
7481,4,7B22
7482,5,26377
7483,5,386BB
7484,9,A90586415
7485,4,59BB
7486,4,9477
7487,4,36A3
7488,4,2362
7489,5,35080
7490,3,1A1
7491,9,13B40A277
7492,3,5BB
7493,6,782B02
7494,4,4A04
7495,4,B300
7496,4,2512
7497,5,941A4
7498,6,432599
7499,6,B53693
7500,6,893A53
7501,6,54A911
7502,3,822
7503,6,B40754
7504,2,66
7505,10,A50214B633
7506,7,05B8944
7507,6,7038AA
7508,4,98BB
7509,7,3481A94
7510,6,5B8022
7511,4,7ABA
7512,6,503493
7513,6,B9A373
7514,4,8B11
7515,6,36A818
7516,3,3B3
7517,3,747
7518,4,7191
7519,5,83979
7520,5,051A0
7521,8,54B63283
7522,6,16BA81
7523,7,0172858
7524,4,2868
7525,5,BA86A
7526,6,520ABA
7527,8,64182378
7528,2,AA
7529,4,4564
7530,8,438A176A
7531,5,80177
7532,3,566
7533,5,28101
7534,3,595
7535,6,903B70
7536,5,A816A
7537,2,22
7538,2,11
7539,7,B456787
7540,3,828
7541,8,8A1952BB
7542,8,09618356
7543,4,7244
7544,4,7687
7545,6,B7034B
7546,7,01B8393
7547,3,622
7548,6,1092A9
7549,7,540A1B0
7550,4,AB66
7551,2,11
7552,5,97044
7553,2,33
7554,6,0A7487
7555,4,0744
7556,2,AA
7557,5,3B6A3
7558,4,7344
7559,6,1536BB
7560,10,5BA1074922
7561,5,62377
7562,4,3A73
7563,5,2A488
7564,5,81466
7565,8,97A456B7
7566,6,4A8078
7567,4,A655
7568,5,52305
7569,7,7348207
7570,4,6188
7571,8,96520377
7572,4,5A2A
7573,4,4694
7574,3,525
7575,6,982B1B
7576,2,00
7577,8,78162455
7578,6,B69737
7579,2,77
7580,5,A3263
7581,6,41A585
7582,2,44
7583,4,6200
7584,7,7609456
7585,2,22
7586,3,030
7587,5,74A88
7588,5,27544
7589,4,4966
7590,5,32892
7591,3,ABA
7592,6,7608B6
7593,4,A699
7594,10,23104987A2
7595,2,BB
7596,4,BA0A
7597,7,5237943
7598,7,2B40911
7599,9,124B36593
7600,7,19A8451
7601,5,14A3A
7602,3,090
7603,4,92A9
7604,3,011
7605,7,741A291
7606,7,0376A13
7607,6,302191
7608,6,409864
7609,8,53B70215
7610,5,5A265
7611,6,27A8BB
7612,7,A46B954
7613,7,6218731
7614,5,94089
7615,3,6B6
7616,4,8B44
7617,5,A1B21
7618,6,180399
7619,5,962BB
7620,8,A1249752
7621,4,98AA
7622,7,16480AA
7623,5,76855
7624,4,7B66
7625,5,04194
7626,6,6B7343
7627,3,B8B
7628,9,3B9A8154B
7629,6,3429A2
7630,6,9B8479
7631,3,266
7632,5,842B2
7633,9,94A362102
7634,6,640B1B
7635,3,626
7636,7,4052AB4
7637,3,255
7638,4,1B6B
7639,3,797
7640,6,568B06
7641,5,7B644
7642,6,157367
7643,5,62877
7644,3,377
7645,4,9B00
7646,5,527B7
7647,9,076A239B0
7648,8,18234051
7649,3,622
7650,5,01921
7651,5,70860
7652,5,AB344
7653,2,66
7654,2,88
7655,7,1675325
7656,4,2955
7657,7,7281B97
7658,6,302B82
7659,4,27AA
7660,3,011
7661,3,988
7662,4,6726
7663,5,43600
7664,6,198272
7665,6,6948A9
7666,3,955
7667,2,66
7668,4,B121
7669,8,94B65105
7670,3,626
7671,7,0238593
7672,4,4606
7673,5,90B8B
7674,8,35781621
7675,5,24B04
7676,4,A811
7677,5,35797
7678,3,188
7679,3,311
7680,4,B94B
7681,8,107A3484
7682,6,26B182
7683,5,A235A
7684,6,943711
7685,6,0624B4
7686,5,72182
7687,9,96A250B88
7688,4,0585
7689,3,B55
7690,3,B88
7691,6,32A052
7692,7,654B177
7693,6,B60846
7694,8,46185A06
7695,4,1488
7696,3,646
7697,5,71841
7698,7,B895166
7699,8,41A97501
7700,7,208B4A0
7701,4,0699
7702,5,09747
7703,6,749B11
7704,2,AA
7705,4,5030
7706,5,15722
7707,4,9739
7708,8,5294BA00
7709,4,1377
7710,4,63A3
7711,3,646
7712,4,43A4
7713,7,1A64786
7714,6,701A41
7715,7,19BA464
7716,8,98317409
7717,6,286A11
7718,4,2592
7719,5,92383
7720,3,121
7721,9,92B0A486B
7722,6,B62982
7723,8,9B540388
7724,8,79218545
7725,6,6B0422
7726,5,971A7
7727,5,42500
7728,5,36B5B
7729,6,380711
7730,6,9A54B9
7731,8,09B4A255
7732,7,AB9372B
7733,7,A471934
7734,2,33
7735,5,460AA
7736,5,26838
7737,4,74BB
7738,3,828
7739,7,467A187
7740,4,8A4A
7741,3,744
7742,4,6B9B
7743,7,1257BA2
7744,6,425366
7745,5,15477
7746,6,48B51B
7747,5,86202
7748,4,6788
7749,4,BA55
7750,5,04755
7751,3,5B5
7752,5,731A3
7753,3,747
7754,6,5B6145
7755,6,096A76
7756,3,099
7757,2,77
7758,5,075AA
7759,7,5912049
7760,6,0B2890
7761,8,18B039A3
7762,4,8A1A
7763,4,4B84
7764,7,6891036
7765,4,0455
7766,6,6381A1
7767,8,83567A26
7768,3,044
7769,5,10A9A
7770,8,21635901
7771,7,69A071A
7772,6,8A0B58
7773,6,085949
7774,6,B49674
7775,3,755
7776,7,05179AA
7777,7,0746B9B
7778,5,46755
7779,4,5935
7780,8,38A65216
7781,5,91689
7782,5,74311
7783,2,88
7784,3,088
7785,6,162040
7786,2,AA
7787,5,B78A7
7788,4,0650
7789,8,72198A6A
7790,4,B466
7791,4,6323
7792,4,23A2
7793,6,693A09
7794,8,927318B7
7795,3,A77
7796,5,A9767
7797,5,B7507
7798,4,A949
7799,4,A7BB
7800,7,7652046
7801,5,A3473
7802,5,16891
7803,7,5380A78
7804,5,07411
7805,6,8BA211
7806,9,203641B54
7807,6,862976
7808,5,A937A
7809,2,33
7810,3,838
7811,7,547A989
7812,4,2602
7813,4,61A1
7814,4,6477
7815,6,739049
7816,4,9B88
7817,5,59010
7818,3,9A9
7819,4,8758
7820,7,4A507B7
7821,7,B149838
7822,5,93B1B
7823,5,60586
7824,5,29B0B
7825,2,55
7826,8,4086A5B0
7827,6,85B248
7828,6,52B875
7829,3,822
7830,7,2158A00
7831,8,A5129363
7832,4,6211
7833,4,03A3
7834,3,6B6
7835,4,7686
7836,5,17B47
7837,6,A20B88
7838,7,7384A18
7839,5,8B050
7840,7,9641A22
7841,6,62A171
7842,3,535
7843,5,74034
7844,4,2711
7845,7,928A46A
7846,6,02A797
7847,3,2B2
7848,8,68427358
7849,4,5315
7850,4,4959
7851,3,616
7852,5,1AB33
7853,5,68B08
7854,4,1401
7855,7,873B212
7856,7,B431588
7857,2,88
7858,4,B2A2
7859,5,43A7A
7860,9,6A9312401
7861,5,B6577
7862,5,63525
7863,7,3058B66
7864,2,AA
7865,6,239B72
7866,5,78438
7867,2,AA
7868,7,B7A2090
7869,4,9059
7870,8,67214399
7871,4,9B11
7872,3,898
7873,6,0B5435
7874,4,4212
7875,6,723BA2
7876,4,1A55
7877,7,5942B09
7878,3,4B4
7879,6,AB0244
7880,6,1A8626
7881,7,64A7914
7882,7,9B05233
7883,3,262
7884,6,7920AA
7885,3,466
7886,9,49673B282
7887,4,2133
7888,2,44
7889,5,23B66
7890,5,3A983
7891,5,90868
7892,5,03B93
7893,3,868
7894,5,213BB
7895,3,277
7896,4,6144
7897,7,6B25415
7898,3,525
7899,2,22
7900,7,285A372
7901,6,847B55
7902,5,34799
7903,3,373
7904,2,00
7905,7,42AB704
7906,4,3543
7907,4,B272
7908,4,BA8B
7909,6,720494
7910,8,13B82062
7911,6,56BA25
7912,3,288
7913,3,858
7914,6,713827
7915,5,1BA55
7916,5,45104
7917,3,399
7918,2,88
7919,5,A4833
7920,7,B694088
7921,3,565
7922,4,2752
7923,8,8A567907
7924,4,5425
7925,6,527B32
7926,4,A7B7
7927,7,A923813
7928,3,737
7929,7,9032789
7930,4,6046
7931,4,1066
7932,6,963023
7933,6,167B44
7934,5,09131
7935,3,566
7936,6,58B0AB
7937,7,1034676
7938,3,9AA
7939,5,93868
7940,4,B35B
7941,7,835B4A8
7942,7,2A60B86
7943,5,BA828
7944,7,680AB22
7945,3,080
7946,3,688
7947,5,3B14B
7948,6,354299
7949,3,828
7950,4,B411
7951,4,2B5B
7952,5,5B015
7953,7,5249033
7954,2,88
7955,2,22
7956,5,A9159
7957,5,64255
7958,2,AA
7959,5,68276
7960,6,4537A3
7961,3,696
7962,3,202
7963,4,1A4A
7964,5,92459
7965,5,74B27
7966,4,4595
7967,3,A0A
7968,3,366
7969,3,080
7970,7,3895A00
7971,3,711
7972,4,7525
7973,4,2955
7974,5,69877
7975,7,34057AA
7976,3,688
7977,3,131
7978,3,858
7979,5,B9A19
7980,3,989
7981,7,9706A10
7982,2,66
7983,7,9A06383
7984,3,010
7985,2,55
7986,3,525
7987,6,31B69B
7988,5,17927
7989,3,9A9
7990,2,55
7991,2,33
7992,3,5AA
7993,2,00
7994,3,799
7995,7,B2581AA
7996,5,03515
7997,5,3A21A
7998,5,AB199
7999,4,A81A
8000,6,6B2044
8001,9,9136547A9
8002,8,952B8319
8003,5,45704
8004,7,5236A4A
8005,5,74B34
8006,4,2B88
8007,4,8918
8008,4,0822
8009,6,94A264
8010,6,531743
8011,7,24B05A2
8012,2,77
8013,5,32141
8014,2,66
8015,4,0470
8016,8,0B489758
8017,3,161
8018,7,862B376
8019,4,8A08
8020,5,52099
8021,2,88
8022,3,400
8023,3,050
8024,7,746A184
8025,4,B42B
8026,6,5174A7
8027,5,97011
8028,7,B071921
8029,3,B11
8030,8,76543216
8031,8,23067A56
8032,5,564A4
8033,3,949
8034,4,6155
8035,5,638B3
8036,6,2704B4
8037,10,3206785B96
8038,6,902562
8039,2,11
8040,5,67A88
8041,2,11
8042,5,70A9A
8043,7,5896B28
8044,7,17B52A2
8045,3,686
8046,8,13B487A7
8047,6,965AB5
8048,8,0753BA9A
8049,6,8A43BB
8050,4,1377
8051,7,3597B2B
8052,6,637523
8053,3,377
8054,5,60A9A
8055,4,5A0A
8056,4,7A57
8057,5,43070
8058,10,A06842B532
8059,5,A4B66
8060,4,58A8
8061,5,A8B11
8062,7,0348214
8063,2,BB
8064,7,134B59B
8065,3,121
8066,5,8B59B
8067,5,841B4
8068,3,844
8069,4,5A45
8070,6,849B68
8071,2,88
8072,8,35A90125
8073,7,3867156
8074,5,8B161
8075,5,74A5A
8076,4,4B74
8077,2,BB
8078,5,324A3
8079,4,8BA8
8080,5,58700
8081,6,2A45BB
8082,3,484
8083,3,131
8084,6,A84636
8085,7,B139505
8086,5,92109
8087,6,260132
8088,5,70122
8089,9,90A26B455
8090,5,A781A
8091,9,0489B6121
8092,2,44
8093,6,4BA151
8094,2,BB
8095,3,212
8096,4,B800
8097,4,1B4B
8098,3,B88
8099,8,70389B28
8100,8,83590177
8101,3,799
8102,7,28B3A6A
8103,3,977
8104,4,B606
8105,4,2592
8106,2,33
8107,4,7197
8108,6,947866
8109,6,507680
8110,4,61B6
8111,7,3165B46
8112,3,ABA
8113,4,9609
8114,6,642B16
8115,5,56A86
8116,5,016A1
8117,2,99
8118,6,173A2A
8119,7,0375A8A
8120,5,63726
8121,5,96416
8122,5,B8628
8123,7,3670587
8124,6,5426B5
8125,9,849A5B325
8126,8,87259646
8127,4,3A03
8128,7,5287B68
8129,3,6AA
8130,2,22
8131,6,2A06BA
8132,5,A6878
8133,3,166
8134,6,856300
8135,2,AA
8136,5,9A079
8137,3,4B4
8138,5,3B404
8139,6,3285B8
8140,7,7016B44
8141,3,ABA
8142,9,A7954613A
8143,8,508A63B8
8144,7,B7A1454
8145,5,985A5
8146,8,85342A66
8147,4,A288
8148,8,23486151
8149,2,AA
8150,8,65140784
8151,5,9A100
8152,6,9B2A82
8153,5,47AB7
8154,5,B7696
8155,5,48505
8156,5,42010
8157,6,0AB260
8158,3,900
8159,7,9783B23
8160,2,99
8161,7,4256171
8162,7,06249AA
8163,2,66
8164,3,ABB
8165,3,199
8166,6,B4839B
8167,6,3AB455
8168,7,5BA2474
8169,3,355
8170,3,544
8171,5,06426
8172,7,2765B17
8173,10,3521B967A1
8174,6,0792B7
8175,5,35205
8176,7,018B231
8177,7,A4659B9
8178,4,0232
8179,6,428B02
8180,4,A533
8181,3,727
8182,3,B66
8183,7,8516945
8184,4,4818
8185,3,737
8186,3,400
8187,3,377
8188,6,598A09
8189,9,12986AB39
8190,7,3812544
8191,4,28A8
8192,4,0240
8193,5,84727
8194,7,A513077
8195,6,307282
8196,8,948A7304
8197,3,144
8198,6,7154BB
8199,7,0247892
8200,6,26A13A
8201,2,44
8202,2,99
8203,5,A0939
8204,5,1A422
8205,4,3A43
8206,5,79A44
8207,5,65845
8208,6,7613B7
8209,4,0161
8210,4,1699
8211,6,983255
8212,3,A3A
8213,8,1A784B3B
8214,3,411
8215,4,8758
8216,7,21BA49A
8217,2,AA
8218,4,0310
8219,5,74939
8220,8,9245AB8B
8221,6,845B11
8222,6,8A9018
8223,2,99
8224,6,362747
8225,4,A166
8226,6,183628
8227,2,00
8228,5,57107
8229,5,B3A99
8230,6,451AB4
8231,2,88
8232,5,67388
8233,3,033
8234,4,9733
8235,9,713956026
8236,6,376426
8237,3,655
8238,9,6471A9034
8239,7,B70685B
8240,6,673288
8241,4,8A6A
8242,6,2A60B6
8243,3,166
8244,5,25612
8245,5,6A424
8246,4,15A5
8247,5,851A8
8248,8,A8620133
8249,7,09234A9
8250,5,7BA55
8251,3,595
8252,4,9818
8253,6,4156A6
8254,8,B0792644
8255,3,899
8256,3,9B9
8257,7,6403A20
8258,6,6A0196
8259,7,5A6B17A
8260,2,99
8261,5,85398
8262,7,7208948
8263,6,836919
8264,8,46127507
8265,4,7A66
8266,4,B25B
8267,4,8622
8268,6,A70232
8269,2,66
8270,6,B86711
8271,5,B908B
8272,7,4756AB7
8273,7,9163AB6
8274,10,763B958245
8275,8,21B95466
8276,4,1800
8277,5,478A7
8278,7,9657233
8279,3,477
8280,2,00
8281,4,78B8
8282,6,372955
8283,5,5A605
8284,5,7A257
8285,2,BB
8286,4,93AA
8287,6,85B1A1
8288,6,B715A7
8289,5,50830
8290,6,9238B2
8291,8,293A6511
8292,2,88
8293,8,84A71B58
8294,3,B99
8295,2,77
8296,3,A99
8297,6,8604B4
8298,3,949
8299,4,0858
8300,4,9B0B
8301,2,22
8302,6,123481
8303,6,409A7A
8304,4,5282
8305,4,3463
8306,9,031A856B3
8307,6,295686
8308,6,41B321
8309,3,A0A
8310,8,92360B7B
8311,8,14526372
8312,6,6271A6
8313,6,42A672
8314,2,99
8315,7,7A8B95B
8316,4,0677
8317,7,21B3868
8318,3,BAB
8319,2,44
8320,2,00
8321,4,A93A
8322,6,57A48A
8323,7,40BA69A
8324,3,688
8325,7,B8940A4
8326,6,2A1355
8327,5,63484
8328,6,9A23BA
8329,4,2832
8330,5,38028
8331,3,A66
8332,3,044
8333,4,3599
8334,6,4A7604
8335,4,B141
8336,3,060
8337,3,434
8338,5,43084
8339,6,1972B2
8340,5,15066
8341,8,708241AA
8342,7,3279A0A
8343,8,AB297144
8344,4,75A7
8345,7,83B465B
8346,5,50A65
8347,6,5873A8
8348,3,A99
8349,4,5A85
8350,6,B10922
8351,4,3787
8352,5,82A38
8353,5,548BB
8354,5,B27AB
8355,3,737
8356,8,457B0A27
8357,5,1B371
8358,8,38742966
8359,4,5975
8360,3,0AA
8361,3,8BB
8362,5,A3013
8363,3,133
8364,8,06249B79
8365,8,1B407255
8366,4,4A3A
8367,2,BB
8368,6,956836
8369,3,7AA
8370,8,987410B8
8371,6,56B126
8372,8,B6257896
8373,6,3621A3
8374,5,15285
8375,6,364903
8376,6,3A4914
8377,3,855
8378,3,388
8379,4,4A34
8380,3,A33
8381,3,A4A
8382,6,5049B9
8383,4,4733
8384,2,BB
8385,4,2672
8386,2,99
8387,6,71A89A
8388,3,878
8389,4,5188
8390,4,1399
8391,2,44
8392,7,A978327
8393,8,09173480
8394,6,849109
8395,5,7A343
8396,8,156A7B21
8397,2,44
8398,4,0B22
8399,8,5B694239
8400,8,64587A04
8401,2,66
8402,3,133
8403,9,9285713B7
8404,5,87247
8405,7,AB0521B
8406,7,3467153
8407,2,BB
8408,3,633
8409,3,A4A
8410,5,0B828
8411,2,AA
8412,4,6511
8413,8,49182071
8414,5,13B63
8415,6,685398
8416,6,628598
8417,4,15A1
8418,6,A3607A
8419,9,0765B4988
8420,4,9B00
8421,5,68411
8422,6,153898
8423,7,7B34922
8424,6,AB4574
8425,7,64B190B
8426,8,93608B18
8427,5,07310
8428,3,277
8429,6,86A211
8430,2,99
8431,4,5B25
8432,6,803958
8433,4,5A1A
8434,8,53809248
8435,6,7039AA
8436,5,5B020
8437,5,0A3BA
8438,10,35B6A78108
8439,4,3989
8440,7,23658B6
8441,6,A73909
8442,7,2705A30
8443,5,79047
8444,9,79A01B420
8445,4,64BB
8446,3,595
8447,2,11
8448,7,A879657
8449,3,055
8450,5,91B41
8451,6,410560
8452,6,6701BB
8453,2,55
8454,8,290865A9
8455,4,A977
8456,6,802433
8457,4,3699
8458,9,0AB586720
8459,7,04A2B62
8460,2,99
8461,3,ABB
8462,5,B029B
8463,7,2B91060
8464,6,705866
8465,5,48794
8466,3,B9B
8467,7,B91A20B
8468,4,0450
8469,11,4975A6B2188
8470,4,70AA
8471,6,B0916B
8472,4,A313
8473,2,AA
8474,2,88
8475,5,4B033
8476,5,AB499
8477,7,32759A7
8478,3,272
8479,4,A67A
8480,7,91782BB
8481,5,14B31
8482,5,40B1B
8483,4,7838
8484,2,66
8485,8,B82A719A
8486,3,4AA
8487,4,5A0A
8488,3,737
8489,3,070
8490,5,31955
8491,6,BA0929
8492,6,963416
8493,4,1A66
8494,4,6099
8495,9,7492B0860
8496,6,540630
8497,7,1475B37
8498,2,22
8499,4,1721
8500,3,177
8501,4,34A3
8502,4,3693
8503,6,420A70
8504,4,1571
8505,5,B573B
8506,6,382B58
8507,2,66
8508,4,69B9
8509,5,706A0
8510,4,37B7
8511,2,99
8512,3,055
8513,8,065713A7
8514,6,0A3413
8515,4,8B99
8516,2,99
8517,9,4509A7360
8518,2,66
8519,3,B7B
8520,5,19861
8521,2,77
8522,5,64373
8523,5,B3083
8524,3,B66
8525,3,655
8526,3,B99
8527,7,A52B191
8528,6,064A16
8529,5,3A85A
8530,6,680256
8531,2,33
8532,3,383
8533,4,2466
8534,5,702B7
8535,7,3251AB3
8536,2,BB
8537,7,4B8A767
8538,6,451B31
8539,2,88
8540,4,2733
8541,5,45877
8542,7,9A42584
8543,8,08472BA8
8544,3,422
8545,6,8132A1
8546,7,6130843
8547,7,A30B750
8548,4,2362
8549,8,31904BA3
8550,2,77
8551,2,99
8552,4,A488
8553,3,B0B
8554,4,7527
8555,7,A715091
8556,6,374153
8557,5,BA05B
8558,5,49A0A
8559,5,B7017
8560,5,0B390
8561,3,101
8562,6,834AB4
8563,5,2A7B2
8564,4,3166
8565,5,61921
8566,7,A596319
8567,9,051A93741
8568,3,7BB
8569,7,1278B5B
8570,7,A26B01A
8571,6,27A632
8572,7,3057811
8573,3,5B5
8574,3,B22
8575,2,00
8576,8,68140590
8577,7,8B45128
8578,12,6A5B10239471
8579,6,4B1321
8580,3,595
8581,5,579B5
8582,4,0533
8583,5,80242
8584,7,28470A8
8585,2,55
8586,8,A5362797
8587,5,38262
8588,5,45388
8589,7,768A318
8590,4,0470
8591,7,B4A9030
8592,4,7898
8593,7,9A34789
8594,8,A8035696
8595,9,9738A62BA
8596,5,3B7AA
8597,3,577
8598,8,5A439784
8599,3,636
8600,4,6355
8601,3,787
8602,3,181
8603,10,3812A74B63
8604,4,14A1
8605,6,B81948
8606,5,B50AB
8607,5,7B407
8608,4,3988
8609,4,5422
8610,5,38644
8611,2,55
8612,3,727
8613,2,44
8614,7,9571405
8615,6,864026
8616,5,96355
8617,6,714933
8618,6,970B30
8619,7,85BA325
8620,4,B0AA
8621,6,A624B2
8622,3,171
8623,3,969
8624,2,00
8625,5,83A78
8626,6,06B84B
8627,6,561B88
8628,8,A5B21040
8629,7,9152431
8630,4,7939
8631,4,8030
8632,7,36B8A77
8633,8,3A270949
8634,4,10B0
8635,7,13609A1
8636,4,3693
8637,6,8043A0
8638,9,74B2A8508
8639,5,749AA
8640,2,AA
8641,4,5088
8642,8,48957A09
8643,5,45737
8644,4,5343
8645,6,132872
8646,5,B985B
8647,8,4A382611
8648,5,08A1A
8649,4,6406
8650,3,300
8651,2,33
8652,5,25895
8653,3,144
8654,4,B1A1
8655,5,8B122
8656,6,159322
8657,6,132A81
8658,4,A717
8659,5,A0677
8660,10,6308A4B17B
8661,5,A9269
8662,3,166
8663,2,44
8664,7,A319851
8665,4,03B0
8666,5,42B74
8667,6,6A1906
8668,5,69236
8669,5,B9319
8670,6,63A49A
8671,2,55
8672,3,8AA
8673,4,A17A
8674,6,524011
8675,4,40BB
8676,2,00
8677,4,2511
8678,3,818
8679,6,9B36A6
8680,3,A66
8681,5,46314
8682,9,A92473B83
8683,5,B240B
8684,6,120582
8685,3,200
8686,7,9267BA7
8687,7,83106A3
8688,4,18B8
8689,6,B4537B
8690,9,0674385B0
8691,4,8353
8692,9,B314690A4
8693,4,4211
8694,7,6504926
8695,5,83646
8696,4,8628
8697,3,4A4
8698,3,3B3
8699,4,6454
8700,4,A909
8701,7,4A20755
8702,8,2A135905
8703,6,4187A8
8704,6,A4B674
8705,2,11
8706,2,66
8707,4,B266
8708,6,805468
8709,4,3040
8710,8,91273565
8711,5,91401
8712,7,3807BAB
8713,6,2A3944
8714,8,4B716A37
8715,4,7322
8716,3,787
8717,5,48717
8718,2,99
8719,4,3A2A
8720,6,947107
8721,9,176982347
8722,9,8A49025B9
8723,4,3155
8724,6,913A21
8725,3,599
8726,4,2477
8727,7,982A477
8728,5,5A0BB
8729,3,090
8730,7,7312B02
8731,4,0B5B
8732,5,15A65
8733,7,35067A6
8734,6,4B21AB
8735,7,6A7B303
8736,6,685313
8737,3,522
8738,6,01B79B
8739,2,BB
8740,6,602979
8741,3,B11
8742,9,789AB6216
8743,4,9757
8744,3,4BB
8745,4,7544
8746,4,49B9
8747,6,817961
8748,4,6020
8749,4,B866
8750,5,690A6
8751,3,911
8752,8,4153A2BB
8753,2,77
8754,10,6280A34512
8755,6,973813
8756,6,150A88
8757,6,015745
8758,6,039120
8759,5,A5611
8760,6,3546A4
8761,8,39045B60
8762,8,5B9087A9
8763,3,B2B
8764,2,AA
8765,7,98A6429
8766,6,961AB6
8767,5,5B133
8768,6,4B5202
8769,4,0121
8770,4,3B77
8771,4,B722
8772,5,B0858
8773,4,AB2A
8774,6,6430BB
8775,2,88
8776,5,B0969
8777,7,78403A8
8778,3,171
8779,7,A605385
8780,5,24131
8781,2,77
8782,4,A244
8783,3,755
8784,5,579B9
8785,7,3865AB5
8786,6,035212
8787,6,3A09B9
8788,7,54186A5
8789,2,00
8790,3,1A1
8791,3,566
8792,4,39A3
8793,9,085A69733
8794,6,B54374
8795,4,B8A8
8796,3,646
8797,5,15B8B
8798,8,A1635981
8799,3,B9B
8800,5,17567
8801,3,4AA
8802,4,2858
8803,3,919
8804,9,A9B250469
8805,7,B512971
8806,3,515
8807,4,20B2
8808,4,0420
8809,6,142854
8810,4,B0AB
8811,5,B014B
8812,4,6986
8813,4,1A01
8814,4,2080
8815,9,21A9B6706
8816,3,B8B
8817,3,848
8818,6,1326A6
8819,3,A5A
8820,3,944
8821,3,616
8822,6,B79855
8823,4,2011
8824,5,86436
8825,5,17201
8826,3,9BB
8827,7,6854322
8828,4,3B13
8829,8,836A4077
8830,6,307523
8831,4,43BB
8832,8,82B79142
8833,4,6211
8834,4,AB0B
8835,4,6176
8836,3,522
8837,4,3211
8838,3,898
8839,7,0623595
8840,7,2A3109A
8841,6,134564
8842,10,362497B5AA
8843,7,A6B582A
8844,5,03870
8845,8,4016A575
8846,6,654A1A
8847,8,AB350242
8848,3,ABB
8849,8,064827A0
8850,4,0141
8851,6,97B16B
8852,4,1981
8853,4,4B2B
8854,5,74B24
8855,3,300
8856,4,46B4
8857,3,7AA
8858,5,38B22
8859,8,03175965
8860,3,B7B
8861,6,A1870A
8862,6,026816
8863,2,88
8864,4,1676
8865,3,577
8866,5,71655
8867,5,08910
8868,3,A55
8869,4,7637
8870,6,36A843
8871,2,22
8872,7,3976A87
8873,6,B49574
8874,5,49534
8875,6,981B58
8876,5,42A1A
8877,7,7135A91
8878,4,9B09
8879,9,5B0291630
8880,2,77
8881,6,27B957
8882,4,3A99
8883,5,65080
8884,4,1242
8885,5,24033
8886,4,9040
8887,4,1B9B
8888,3,747
8889,4,5385
8890,5,205AA
8891,6,317299
8892,3,595
8893,4,8626
8894,7,83A1B2B
8895,8,26A54B9B
8896,5,69433
8897,5,A7900
8898,6,514724
8899,5,79A3A
8900,4,5633
8901,3,2A2
8902,9,1203B6796
8903,7,790A655
8904,4,0A9A
8905,3,055
8906,5,4A6BA
8907,6,769237
8908,7,7B15035
8909,5,57646
8910,5,93272
8911,8,05374265
8912,6,73A21A
8913,7,B409A5B
8914,5,24500
8915,7,67B9100
8916,3,A2A
8917,3,566
8918,5,56236
8919,4,50A0
8920,4,96AA
8921,6,2A318A
8922,3,699
8923,6,6213A2
8924,7,318A5B8
8925,6,0475A4
8926,7,425B632
8927,4,3155
8928,6,915B39
8929,2,11
8930,8,82306A76
8931,8,B7254697
8932,5,40277
8933,5,81066
8934,3,677
8935,6,7B8508
8936,3,505
8937,9,A58901271
8938,8,A63941BA
8939,7,B803A6A
8940,3,313
8941,5,50232
8942,4,9769
8943,6,530215
8944,7,4B68A33
8945,2,BB
8946,6,0B5A2A
8947,7,9563475
8948,3,388
8949,4,1353
8950,3,811
8951,5,28646
8952,2,88
8953,6,708460
8954,6,A9B566
8955,4,A633
8956,4,9544
8957,6,A48353
8958,2,BB
8959,2,00
8960,3,544
8961,3,844
8962,7,53B6A22
8963,6,398400
8964,6,A3709A
8965,6,75A060
8966,6,167246
8967,5,95424
8968,5,2B070
8969,2,BB
8970,10,6B915A3083
8971,4,4696
8972,10,1A52673B46
8973,3,022
8974,2,22
8975,4,4094
8976,4,A60A
8977,6,6A9289
8978,8,A4573B99
8979,3,0B0
8980,7,96B23AB
8981,4,0730
8982,4,2B77
8983,6,514969
8984,5,BA79B
8985,8,179B8057
8986,3,8A8
8987,3,4A4
8988,5,52363
8989,3,A66
8990,5,B07A0
8991,5,85404
8992,3,272
8993,4,8363
8994,9,627B84030
8995,5,09270
8996,6,67A246
8997,4,B929
8998,3,400
8999,5,5B303
9000,7,A278B6B
9001,5,59B19
9002,4,4B14
9003,2,99
9004,6,089711
9005,3,9A9
9006,3,A11
9007,4,3181
9008,4,5688
9009,5,2A900
9010,3,808
9011,5,760B7
9012,6,632090
9013,8,38A54278
9014,4,0822
9015,5,81468
9016,6,A75414
9017,4,0626
9018,10,0B36984179
9019,6,087397
9020,7,0AB6230
9021,7,B51738B
9022,4,5383
9023,8,9012AB6B
9024,3,599
9025,5,47587
9026,3,077
9027,5,09360
9028,3,717
9029,4,1535
9030,6,5837BB
9031,5,A7B4A
9032,3,979
9033,5,07355
9034,5,81454
9035,5,45735
9036,5,7B989
9037,3,929
9038,5,02344
9039,2,66
9040,2,AA
9041,5,B4611
9042,5,A5878
9043,7,72B9040
9044,4,4688
9045,2,44
9046,3,755
9047,6,371243
9048,7,5190ABB
9049,4,4050
9050,3,ABB
9051,6,6A2B42
9052,2,99
9053,5,608B0
9054,5,B539B
9055,4,81B1
9056,5,B906B
9057,6,931679
9058,9,B40A35283
9059,7,109B721
9060,9,276B590A2
9061,8,73B41A9A
9062,3,191
9063,8,B4A30210
9064,3,373
9065,6,3B0140
9066,3,A7A
9067,2,77
9068,4,8500
9069,3,433
9070,5,5A877
9071,6,376252
9072,3,696
9073,5,3A623
9074,2,00
9075,4,A699
9076,6,356BA6
9077,6,31A471
9078,5,39544
9079,2,77
9080,5,68919
9081,8,6B82794B
9082,4,B626
9083,3,040
9084,5,74B87
9085,4,A744
9086,5,90149
9087,5,45979
9088,8,3B0687A7
9089,4,2A3A
9090,7,4719BA4
9091,5,9A8B8
9092,5,B157B
9093,3,033
9094,5,48B04
9095,3,787
9096,8,08327454
9097,8,B3A14521
9098,5,97B22
9099,3,A33
9100,4,9859
9101,2,BB
9102,4,2672
9103,3,232
9104,3,B4B
9105,7,A102431
9106,8,7B614834
9107,2,44
9108,7,2894AB9
9109,7,4135B88
9110,8,265A0315
9111,2,88
9112,8,19A52861
9113,2,99
9114,9,13870B451
9115,5,9B4A9
9116,3,A9A
9117,5,31656
9118,4,A02A
9119,6,014251
9120,3,266
9121,5,79319
9122,8,769850A0
9123,3,3AA
9124,6,714807
9125,3,646
9126,5,B5385
9127,5,359BB
9128,8,43109262
9129,4,1055
9130,4,3A77
9131,7,675B29B
9132,2,11
9133,7,0418B55
9134,6,4B78A8
9135,3,737
9136,4,9744
9137,9,28596B7A9
9138,5,54B66
9139,7,A56B71B
9140,5,96216
9141,5,105AA
9142,5,82900
9143,6,6A5B1B
9144,5,7A41A
9145,8,49A712BA
9146,4,8900
9147,3,A8A
9148,7,463B155
9149,3,566
9150,4,A688
9151,3,2AA
9152,5,BA96B
9153,6,045794
9154,5,90670
9155,9,71230B688
9156,7,9852032
9157,6,9B1844
9158,4,B622
9159,6,B54705
9160,5,50141
9161,4,7855
9162,7,308A693
9163,7,9632ABA
9164,3,311
9165,4,4934
9166,2,44
9167,8,530B2942
9168,5,028B2
9169,3,0A0
9170,6,127A81
9171,3,BAA
9172,4,9434
9173,5,A326A
9174,7,8A0215A
9175,5,B7927
9176,4,2872
9177,6,89A101
9178,8,9A528B00
9179,6,5412AA
9180,6,458696
9181,7,8A06155
9182,6,951464
9183,5,80718
9184,4,6B7B
9185,5,A3266
9186,6,0231BB
9187,4,73B3
9188,5,037AA
9189,2,88
9190,2,33
9191,2,11
9192,6,0B9344
9193,3,566
9194,5,49369
9195,2,55
9196,3,377
9197,5,32B93
9198,6,9B5809
9199,5,45795
9200,2,44
9201,4,7B37
9202,5,71434
9203,4,4A94
9204,5,A034A
9205,5,49858
9206,9,542081732
9207,4,5A3A
9208,7,6183401
9209,6,784368
9210,5,A3511
9211,7,5086130
9212,4,3646
9213,5,6B43B
9214,5,34564
9215,5,64877
9216,3,799
9217,2,BB
9218,7,B5A9075
9219,4,83AA
9220,6,178366
9221,3,066
9222,7,6417286
9223,2,44
9224,5,5A400
9225,7,3689758
9226,5,198A1
9227,5,14088
9228,5,76927
9229,4,A181
9230,8,095BA425
9231,2,77
9232,2,99
9233,4,58B5
9234,7,725B962
9235,6,BA802B
9236,3,977
9237,5,A9B1A
9238,7,0346727
9239,6,34A828
9240,6,186353
9241,9,536924100
9242,6,40B787
9243,9,1B693A707
9244,8,2AB9617A
9245,7,427B855
9246,3,766
9247,5,53645
9248,4,7AB7
9249,6,71B601
9250,8,04A71651
9251,3,626
9252,4,8455
9253,5,05166
9254,2,55
9255,4,7B67
9256,3,424
9257,3,414
9258,6,65B846
9259,5,51845
9260,8,54A0763A
9261,5,63077
9262,2,44
9263,6,826B38
9264,6,639100
9265,3,414
9266,3,9AA
9267,7,0481391
9268,5,26182
9269,8,021B659B
9270,4,45B4
9271,3,A11
9272,6,3A9B55
9273,6,4732BB
9274,4,5B88
9275,6,BA748A
9276,6,536B2B
9277,6,7239B9
9278,5,95711
9279,3,B5B
9280,5,47037
9281,9,05A97B260
9282,7,6B48958
9283,3,200
9284,7,83BA656
9285,6,2B8172
9286,5,A5833
9287,5,96576
9288,2,33
9289,6,1A2842
9290,3,611
9291,4,5A9A
9292,9,43B5A928B
9293,3,A22
9294,3,454
9295,6,512461
9296,6,A71B61
9297,9,3517840AA
9298,6,047184
9299,3,676
9300,5,A6388
9301,7,5942311
9302,6,0615A6
9303,8,821A9353
9304,4,4766
9305,2,BB
9306,2,66
9307,6,649304
9308,7,B958075
9309,5,104B0
9310,7,21A6852
9311,2,77
9312,7,96271A7
9313,5,A9755
9314,2,22
9315,5,59465
9316,3,363
9317,4,0688
9318,7,B943083
9319,4,3606
9320,4,2353
9321,9,2869705B0
9322,2,99
9323,9,63072B141
9324,7,7A98255
9325,6,915475
9326,7,0459784
9327,8,64059811
9328,4,1090
9329,6,281A4A
9330,7,0B65818
9331,4,3757
9332,5,95365
9333,2,BB
9334,8,2913B8A2
9335,4,9474
9336,5,9AB44
9337,5,04188
9338,2,11
9339,8,A2B01360
9340,9,90716B820
9341,6,610780
9342,5,29500
9343,6,38B7A7
9344,7,B82413B
9345,4,8322
9346,4,A099
9347,5,36BAA
9348,2,99
9349,3,404
9350,8,83295403
9351,5,34808
9352,4,54A4
9353,4,4174
9354,4,B27B
9355,9,3A4570960
9356,7,1729366
9357,7,73A0253
9358,8,8AB51646
9359,7,3A89B77
9360,5,0B530
9361,4,2A72
9362,4,5375
9363,9,5A2086342
9364,7,7516A37
9365,6,258975
9366,3,909
9367,4,0288
9368,7,31A2090
9369,2,44
9370,5,B8363
9371,3,262
9372,5,14299
9373,2,BB
9374,5,30520
9375,5,B4184
9376,4,6577
9377,9,8A56017B0
9378,6,20B960
9379,4,9109
9380,5,80363
9381,9,976A3B209
9382,3,744
9383,5,52615
9384,5,05490
9385,2,66
9386,9,A513792B9
9387,5,BA477
9388,4,1A31
9389,6,30BA83
9390,4,3A9A
9391,2,11
9392,6,90A144
9393,5,32A0A
9394,4,1588
9395,5,453A5
9396,3,700
9397,2,AA
9398,3,828
9399,6,297689
9400,7,2039744
9401,5,9A349
9402,7,3B405A5
9403,6,B08370
9404,6,8B0616
9405,7,54A6177
9406,6,407194
9407,4,13AA
9408,4,21B1
9409,4,72BB
9410,3,A0A
9411,5,35B6B
9412,4,2515
9413,6,763BAA
9414,2,66
9415,5,40211
9416,5,65405
9417,5,59369
9418,8,B0597A1B
9419,7,03247AA
9420,4,B78B
9421,6,62B912
9422,2,44
9423,5,26042
9424,4,BA2A
9425,3,A11
9426,5,B160B
9427,3,3A3
9428,8,B5093615
9429,7,0472390
9430,5,B043B
9431,6,B2817B
9432,2,55
9433,4,1033
9434,2,66
9435,7,7549616
9436,6,2B95A5
9437,8,16B70587
9438,8,84B59131
9439,3,055
9440,5,7B347
9441,4,0898
9442,3,266
9443,7,6028496
9444,2,00
9445,6,562300
9446,3,488
9447,4,8711
9448,4,2799
9449,9,7985A3628
9450,6,540788
9451,6,264B86
9452,4,9122
9453,5,45105
9454,2,00
9455,4,2544
9456,7,3049A66
9457,5,65288
9458,2,33
9459,7,4309A60
9460,5,53040
9461,5,70367
9462,7,3607A44
9463,2,66
9464,4,60A6
9465,6,3B2717
9466,5,8A25A
9467,4,5325
9468,8,9A673216
9469,9,69758B316
9470,8,A291B359
9471,5,174A7
9472,5,8A677
9473,8,03825618
9474,8,23564193
9475,10,5729064B12
9476,6,284634
9477,8,62183958
9478,4,7122
9479,6,568B44
9480,3,696
9481,6,91A202
9482,4,48AA
9483,6,81B545
9484,4,B494
9485,6,298A78
9486,8,2093AB4A
9487,5,B4394
9488,6,406711
9489,5,8A1B8
9490,4,2B8B
9491,7,2016B91
9492,6,06B188
9493,6,0A7627
9494,5,81343
9495,9,A7634B19B
9496,8,2308A15A
9497,5,86077
9498,6,415989
9499,5,12766
9500,4,A6BA
9501,3,900
9502,6,567216
9503,5,B61AB
9504,4,4599
9505,2,99
9506,4,1878
9507,2,33
9508,5,07363
9509,6,A21361
9510,5,B2012
9511,9,2635B08A6
9512,8,50B32813
9513,5,317B7
9514,2,22
9515,4,B4AB
9516,4,0860
9517,7,5A21033
9518,6,A0B27A
9519,6,7B2367
9520,4,1071
9521,4,7817
9522,8,28A37040
9523,3,535
9524,3,424
9525,3,644
9526,5,30488
9527,4,6526
9528,5,06396
9529,5,48700
9530,5,967BB
9531,9,9513B608B
9532,4,9855
9533,3,A66
9534,3,727
9535,5,57144
9536,4,2A99
9537,7,98A50BB
9538,4,A27A
9539,7,9785030
9540,7,17069BB
9541,5,B13A1
9542,8,A1852B78
9543,2,77
9544,6,0A9644
9545,3,A77
9546,3,066
9547,2,99
9548,2,77
9549,5,A613A
9550,4,31AA
9551,3,787
9552,4,3488
9553,3,505
9554,3,A3A
9555,5,837A8
9556,5,589BB
9557,4,A700
9558,5,57067
9559,4,B900
9560,3,A11
9561,3,244
9562,3,363
9563,3,166
9564,6,809A4A
9565,3,7AA
9566,5,34654
9567,4,2344
9568,6,675313
9569,7,47A5611
9570,7,179B829
9571,6,073B63
9572,5,01970
9573,10,6B5039817B
9574,6,349069
9575,5,72142
9576,5,2A54A
9577,4,A090
9578,4,6926
9579,3,3B3
9580,5,042A0
9581,5,29789
9582,6,4B6232
9583,4,5233
9584,4,9363
9585,5,40694
9586,7,20B9812
9587,6,5A8065
9588,6,0A8790
9589,2,AA
9590,2,99
9591,4,3505
9592,4,4030
9593,5,403BB
9594,4,3B11
9595,7,6B91522
9596,5,A7267
9597,8,0A193649
9598,5,21484
9599,7,5681946
9600,4,BA55
9601,4,9588
9602,3,366
9603,5,723A7
9604,3,355
9605,6,246196
9606,8,9BA45309
9607,4,A311
9608,2,BB
9609,5,A4611
9610,10,A517842692
9611,4,B90B
9612,6,543B9B
9613,4,3BA3
9614,8,37548213
9615,7,1986B09
9616,4,8A99
9617,5,09B77
9618,3,303
9619,3,565
9620,6,8961A9
9621,5,B487B
9622,2,00
9623,8,38279507
9624,3,828
9625,6,954075
9626,6,4A9122
9627,6,341A64
9628,5,91844
9629,6,B2A17A
9630,5,50B11
9631,4,9133
9632,3,566
9633,8,71953065
9634,4,B433
9635,5,07366
9636,4,3099
9637,4,B877
9638,5,95425
9639,5,71357
9640,7,9208532
9641,6,A64B24
9642,5,57397
9643,5,90BAB
9644,2,AA
9645,4,26AA
9646,5,09A10
9647,3,BAB
9648,3,B88
9649,5,8A708
9650,5,42362
9651,5,53909
9652,9,0132B986B
9653,5,89B28
9654,6,713828
9655,4,AB7A
9656,4,1ABB
9657,5,B9489
9658,5,73907
9659,5,B48A4
9660,4,42AA
9661,3,090
9662,5,69020
9663,3,A5A
9664,2,33
9665,6,576833
9666,4,A53A
9667,6,0B4950
9668,4,0890
9669,2,00
9670,5,068A6
9671,5,349BB
9672,6,940534
9673,5,9A181
9674,4,26A6
9675,7,0432A70
9676,7,0A49869
9677,4,9844
9678,7,B19038B
9679,5,82538
9680,3,588
9681,5,10B33
9682,7,14805B0
9683,4,61B1
9684,5,73B93
9685,3,030
9686,4,B73B
9687,2,11
9688,5,24808
9689,4,A3BB
9690,7,A25B144
9691,2,99
9692,3,044
9693,9,B34679109
9694,3,818
9695,8,64725181
9696,6,B46904
9697,4,3053
9698,5,50232
9699,7,8A642BB
9700,4,2344
9701,4,B656
9702,6,AB1200
9703,6,904679
9704,4,A488
9705,4,1929
9706,4,4054
9707,3,811
9708,4,0980
9709,6,145900
9710,5,12A71
9711,4,A8BA
9712,2,00
9713,5,B415B
9714,6,A1783A
9715,6,63A12A
9716,4,8298
9717,8,57982B48
9718,3,655
9719,4,7255
9720,4,0650
9721,4,4929
9722,6,541B34
9723,5,0B944
9724,7,B8406A6
9725,2,55
9726,6,3A4177
9727,7,5178AB7
9728,4,1B01
9729,7,B413264
9730,7,2830413
9731,2,11
9732,6,7869A6
9733,5,5A47A
9734,2,88
9735,3,4A4
9736,7,9814361
9737,4,B54B
9738,6,B6537B
9739,3,200
9740,6,A7621A
9741,7,945B686
9742,8,921370A0
9743,4,97A9
9744,7,4639289
9745,4,A588
9746,4,8522
9747,3,585
9748,3,B0B
9749,4,7099
9750,4,61A1
9751,5,74624
9752,4,3747
9753,6,801740
9754,5,31703
9755,2,77
9756,12,02951B7A3686
9757,4,3818
9758,2,77
9759,5,95414
9760,4,3453
9761,4,8565
9762,6,086B58
9763,4,0ABB
9764,4,51BB
9765,6,397288
9766,5,A3966
9767,8,70486526
9768,9,045328A94
9769,4,8148
9770,2,22
9771,3,A6A
9772,5,A0655
9773,5,BA83A
9774,4,2942
9775,8,A0B7253B
9776,6,849134
9777,6,B14024
9778,3,919
9779,3,909
9780,6,027650
9781,6,726947
9782,4,2399
9783,4,3763
9784,3,8B8
9785,5,B3243
9786,3,B44
9787,5,1B04B
9788,3,868
9789,6,A75900
9790,7,9431261
9791,5,70B47
9792,7,930B272
9793,3,464
9794,2,77
9795,4,68A6
9796,3,133
9797,8,AB805625
9798,6,65A4BB
9799,4,37B7
9800,7,9248565
9801,5,31022
9802,2,44
9803,7,0873266
9804,6,481766
9805,4,8355
9806,3,B88
9807,4,3565
9808,6,46B757
9809,2,55
9810,3,533
9811,4,2A52
9812,2,AA
9813,5,87417
9814,4,0599
9815,3,363
9816,5,17466
9817,5,64533
9818,8,57349087
9819,10,B0A5829632
9820,5,80A18
9821,6,B92101
9822,6,193659
9823,5,34B8B
9824,2,11
9825,7,9235683
9826,2,11
9827,7,762B5A5
9828,3,292
9829,10,1234076592
9830,3,755
9831,2,99
9832,3,858
9833,5,63746
9834,6,369B0B
9835,5,B3783
9836,6,271050
9837,4,4838
9838,5,9B47B
9839,3,B9B
9840,4,8511
9841,3,199
9842,8,52B73A17
9843,9,5364A90BB
9844,6,AB7588
9845,6,65A272
9846,10,432A781507
9847,5,58722
9848,2,55
9849,6,918A39
9850,7,0A74969
9851,3,833
9852,8,617A5B2B
9853,5,A6B7A
9854,3,5BB
9855,4,B919
9856,3,070
9857,9,5A6493275
9858,4,9828
9859,6,0659A5
9860,3,424
9861,5,65199
9862,5,054B4
9863,4,7A37
9864,5,95A6A
9865,3,811
9866,6,B18A98
9867,5,9B131
9868,4,B35B
9869,6,401979
9870,5,38922
9871,3,2AA
9872,5,30743
9873,3,232
9874,7,1037244
9875,6,39B010
9876,6,4637B7
9877,5,4B535
9878,4,A5B5
9879,6,416ABA
9880,6,49AB33
9881,3,A4A
9882,5,52975
9883,4,A717
9884,3,3B3
9885,5,483B8
9886,6,9215AA
9887,7,2081962
9888,3,B99
9889,3,522
9890,5,A1655
9891,4,40AA
9892,5,6B596
9893,6,BA9010
9894,7,25067B6
9895,2,BB
9896,2,88
9897,7,B143083
9898,6,632595
9899,7,30A47B4
9900,5,75237
9901,5,1A34A
9902,5,A043A
9903,7,8307B6B
9904,4,3843
9905,3,979
9906,2,44
9907,5,84B78
9908,8,9042AB69
9909,6,1374B3
9910,7,73A0144
9911,4,8535
9912,2,22
9913,5,15785
9914,2,99
9915,6,693256
9916,7,092B611
9917,7,8023152
9918,7,983A12A
9919,4,09AA
9920,6,603710
9921,6,846199
9922,7,342B070
9923,8,69B85474
9924,6,465204
9925,4,8939
9926,5,53B45
9927,5,42655
9928,4,B46B
9929,4,0171
9930,5,37457
9931,5,57BA5
9932,3,533
9933,3,B11
9934,8,27B30866
9935,3,200
9936,4,9848
9937,4,5212
9938,8,05496133
9939,6,AB8122
9940,2,22
9941,7,613B28B
9942,2,22
9943,4,B344
9944,3,363
9945,6,2479A9
9946,4,4A5A
9947,7,A64702A
9948,6,2B6036
9949,3,505
9950,6,1B5A2A
9951,4,5877
9952,3,414
9953,3,977
9954,6,A685BA
9955,3,422
9956,3,787
9957,4,1545
9958,4,B399
9959,2,88
9960,5,05860
9961,5,4BA24
9962,5,12B51
9963,8,64A08396
9964,5,47515
9965,4,6595
9966,4,A525
9967,2,77
9968,6,206BA2
9969,6,654216
9970,3,044
9971,2,99
9972,7,0A79311
9973,7,36780AA
9974,6,852348
9975,6,2AB377
9976,5,A1B3A
9977,5,02565
9978,4,2533
9979,6,A58328
9980,7,2A765B7
9981,3,B9B
9982,4,B989
9983,6,0834A8
9984,2,66
9985,8,71258641
9986,4,1077
9987,3,699
9988,7,8A37B99
9989,8,607345A4
9990,7,16325BB
9991,4,1831
9992,9,0984167B8
9993,5,374A3
9994,2,22
9995,6,416831
9996,4,6303
9997,9,0B523A74A
9998,7,4078252
9999,7,8713A4A
10000,6,013989
